Date,URL,Source,Author,Title,Description,Content
2025-01-31,https://www.investing.com/news/company-news/zk-international-to-launch-xsigma-crypto-wallet-with-visa-card-93CH-3842896,Investing.com,Investing.com,ZK International to launch xSigma crypto wallet with Visa card,"ZK International's subsidiary, xSigma Corp., is launching the xSigma Wallet, a new cryptocurrency banking wallet supporting purchases with various payment methods and featuring an xSigma-branded Visa card for crypto-asset top-ups. This initiative addresses memecoin interest and aligns with the company's focus on DeFi, despite ZK International experiencing financial volatility and significant cash burn, as highlighted by InvestingPro. The parent company, specializing in steel pipe products, recently reported a 405% increase in gross profits and secured a $4.47 million contract.","ZK International's subsidiary, xSigma Corp., is launching the xSigma Wallet, a new cryptocurrency banking wallet supporting purchases with various payment methods and featuring an xSigma-branded Visa card for crypto-asset top-ups. This initiative addresses memecoin interest and aligns with the company's focus on DeFi, despite ZK International experiencing financial volatility and significant cash burn, as highlighted by InvestingPro. The parent company, specializing in steel pipe products, recently reported a 405% increase in gross profits and secured a $4.47 million contract."
2025-01-31,https://www.gurufocus.com/news/2676302/blackrock-inc-expands-stake-in-apollo-global-management-inc?mobile=true,GuruFocus,,"BlackRock, Inc. Expands Stake in Apollo Global Management Inc","BlackRock, Inc. has significantly increased its stake in Apollo Global Management Inc by acquiring an additional 12,008,761 shares, boosting its total holdings to 35,519,094 shares. This strategic move, valued at $165.16 per share, diversifies BlackRock's portfolio and strengthens its presence in the alternative investment management sector. Despite Apollo Global Management being currently considered significantly overvalued based on its GF Valuation, its strong profitability, growth metrics, and high market capitalization make it an attractive long-term investment.","BlackRock, Inc. has significantly increased its stake in Apollo Global Management Inc by acquiring an additional 12,008,761 shares, boosting its total holdings to 35,519,094 shares. This strategic move, valued at $165.16 per share, diversifies BlackRock's portfolio and strengthens its presence in the alternative investment management sector. Despite Apollo Global Management being currently considered significantly overvalued based on its GF Valuation, its strong profitability, growth metrics, and high market capitalization make it an attractive long-term investment."
2025-01-31,https://www.etftrends.com/active-etf-channel/apple-earnings-play-continued-tech-strength-active-etf-tteq/,ETF Trends,Nick Peters-Golden,Apple Earnings: Play Continued Tech Strength With Active ETF TTEQ,"Apple's positive earnings report, setting a quarterly record and beating expectations, highlights continued strength in megacap tech. This invites investors to consider growth-oriented ETFs like the active T. Rowe Price Technology ETF (TTEQ), which offers tech exposure and adapts to market opportunities. TTEQ combines investments in key large-cap tech names like AAPL with promising up-and-comers, guided by fundamental research.","Apple's positive earnings report, setting a quarterly record and beating expectations, highlights continued strength in megacap tech. This invites investors to consider growth-oriented ETFs like the active T. Rowe Price Technology ETF (TTEQ), which offers tech exposure and adapts to market opportunities. TTEQ combines investments in key large-cap tech names like AAPL with promising up-and-comers, guided by fundamental research."
2025-01-30,https://seekingalpha.com/article/4753576-nvdu-providing-leverage-to-nvidia-a-hot-tech-stock-that-has-corrected,Seeking Alpha,Andrew Hecht,"NVDU: Providing Leverage To Nvidia, A Hot Tech Stock That Has Corrected (NASDAQ:NVDU)","Nvidia's rapid growth has led to its stock outperforming the NASDAQ and Apple, despite a high P/E ratio. The Direxion Daily NVDA Bull 2X Shares ETF (NVDU) amplifies NVDA's performance but carries significant risk due to its leveraged nature. A recent correction in NVDA's stock could present a buying opportunity, though its valuation remains high.","Nvidia's rapid growth has led to its stock outperforming the NASDAQ and Apple, despite a high P/E ratio. The Direxion Daily NVDA Bull 2X Shares ETF (NVDU) amplifies NVDA's performance but carries significant risk due to its leveraged nature. A recent correction in NVDA's stock could present a buying opportunity, though its valuation remains high."
2025-01-29,https://ackodrive.com/news/apple-expands-satellite-coverage-teams-up-with-starlink-for-i-phone-service-report/,ACKO Drive,Krishna SinhaChaudhury,"Apple Expands Satellite Coverage, Teams Up With Starlink For iPhone Service: Report","Apple, in collaboration with Elon Musk's SpaceX and T-Mobile, is reportedly integrating Starlink satellite connectivity into iPhones. This enables iPhones to connect to Starlink's satellite network for emergency communication and text messaging, with an early access program currently underway for beta testers. This new partnership expands Apple's existing satellite communication services, which were previously provided through Globalstar Inc.","Apple, in collaboration with Elon Musk's SpaceX and T-Mobile, is reportedly integrating Starlink satellite connectivity into iPhones. This enables iPhones to connect to Starlink's satellite network for emergency communication and text messaging, with an early access program currently underway for beta testers. This new partnership expands Apple's existing satellite communication services, which were previously provided through Globalstar Inc."
2025-01-29,https://www.forbes.com/sites/dereksaul/2025/01/29/deepseek-panic-live-updates-nvidia-stock-drops-4-as-trump-reportedly-mulls-china-chip-sale-restrictions/,Forbes,"Derek Saul, Mary Whitfill Roeloffs",DeepSeek Panic Live Updates: Nvidia Stock Drops 4% As Trump Reportedly Targets China Exports,"Nvidia's stock experienced a turbulent week, dropping 4% on Wednesday, amid concerns over a less capital-intensive AI model from China's DeepSeek and reports that Donald Trump is considering stricter export controls on semiconductor chip sales to China. The market volatility, driven by DeepSeek's competitive AI model and potential geopolitical shifts, prompted analysts to reassess the AI investment landscape, though many still view Nvidia's selloff as an overreaction. DeepSeek's emergence has led to significant shifts in market values for major tech companies and ignited debates about the future of AI development and U.S. competitiveness.","Nvidia's stock experienced a turbulent week, dropping 4% on Wednesday, amid concerns over a less capital-intensive AI model from China's DeepSeek and reports that Donald Trump is considering stricter export controls on semiconductor chip sales to China. The market volatility, driven by DeepSeek's competitive AI model and potential geopolitical shifts, prompted analysts to reassess the AI investment landscape, though many still view Nvidia's selloff as an overreaction. DeepSeek's emergence has led to significant shifts in market values for major tech companies and ignited debates about the future of AI development and U.S. competitiveness."
2025-01-29,https://www.bloomberg.com/news/articles/2025-01-29/apple-gets-another-downgrade-on-iphone-risk-ahead-of-results,Bloomberg.com,Ryan Vlastelica,Apple (AAPL) Gets Another Downgrade on iPhone Risk Ahead of Results,"Apple Inc. (AAPL) has received another downgrade, this time from Oppenheimer, citing iPhone risk and a lack of compelling AI applications. This marks at least the fifth downgrade for Apple this month, placing it among the least-loved megacap stocks apart from Tesla Inc. The downgrades come ahead of the company's upcoming earnings results.","Apple Inc. (AAPL) has received another downgrade, this time from Oppenheimer, citing iPhone risk and a lack of compelling AI applications. This marks at least the fifth downgrade for Apple this month, placing it among the least-loved megacap stocks apart from Tesla Inc. The downgrades come ahead of the company's upcoming earnings results."
2025-01-29,https://seekingalpha.com/article/4752956-qorvo-solid-earnings-beat-but-acg-division-pressures-are-likely-to-persist,Seeking Alpha,The Alpha Sieve,"Qorvo: Solid Earnings Beat, But ACG Division Pressures Are Likely To Persist (NASDAQ:QRVO)","Qorvo (QRVO) has underperformed over the past year, losing 17% despite a solid earnings beat in Q3-25. While the company disposed of its SiC power business and lifted its Q4 EPS outlook, its ACG division, which accounts for 70% of group sales, is expected to face ongoing challenges. The article concludes that valuations are not cheap and technical chart conditions are unfavorable, suggesting persistent pressure on the stock.","Qorvo (QRVO) has underperformed over the past year, losing 17% despite a solid earnings beat in Q3-25. While the company disposed of its SiC power business and lifted its Q4 EPS outlook, its ACG division, which accounts for 70% of group sales, is expected to face ongoing challenges. The article concludes that valuations are not cheap and technical chart conditions are unfavorable, suggesting persistent pressure on the stock."
2025-01-29,https://www.xtb.com/int/market-analysis/news-and-research/meta-posts-q4-earnings-beat-but-reality-labs-losses-mount,XTB.com,,"Meta Posts Q4 Earnings Beat, But Reality Labs Losses Mount","Meta Platforms reported strong Q4 2024 earnings, exceeding analysts' expectations in revenue and EPS, driven by its Family of Apps (Facebook, Instagram, WhatsApp). However, the Reality Labs division continued to incur substantial operating losses, raising concerns about the metaverse's future and prompting significant AI infrastructure investments. Despite these losses, Meta's shares performed well, indicating investor confidence in Zuckerberg's overall strategy.","Meta Platforms reported strong Q4 2024 earnings, exceeding analysts' expectations in revenue and EPS, driven by its Family of Apps (Facebook, Instagram, WhatsApp). However, the Reality Labs division continued to incur substantial operating losses, raising concerns about the metaverse's future and prompting significant AI infrastructure investments. Despite these losses, Meta's shares performed well, indicating investor confidence in Zuckerberg's overall strategy."
2025-01-28,https://www.morningstar.com.au/stocks/ai-stock-rout-the-us-selloff-in-4-charts,Morningstar Australia,Sarah Hansen,AI stock rout: The US selloff in 4 charts,"US stocks experienced a selloff, particularly in large-cap growth, following news that Chinese AI startup DeepSeek developed an advanced AI model that requires less sophisticated semiconductor chips. This development triggered concerns about the necessity of significant capital expenditures by large US tech companies in generative AI, leading to a 17% plunge in Nvidia stock and declines in other chipmakers and utility stocks. However, some tech giants like Apple and Meta Platforms saw gains, and Morningstar analysts maintain their fair value estimates for Microsoft, Amazon, and Alphabet, expecting long-term benefits from reduced AI model pricing.","US stocks experienced a selloff, particularly in large-cap growth, following news that Chinese AI startup DeepSeek developed an advanced AI model that requires less sophisticated semiconductor chips. This development triggered concerns about the necessity of significant capital expenditures by large US tech companies in generative AI, leading to a 17% plunge in Nvidia stock and declines in other chipmakers and utility stocks. However, some tech giants like Apple and Meta Platforms saw gains, and Morningstar analysts maintain their fair value estimates for Microsoft, Amazon, and Alphabet, expecting long-term benefits from reduced AI model pricing."
2025-01-27,https://247wallst.com/investing/2025/01/27/xlk-vs-qqq-which-tech-etf-should-you-buy-for-your-portfolio/,24/7 Wall St.,Marc Guberti,XLK vs. QQQ: Which Tech ETF Should You Buy for Your Portfolio?,"This article analyzes two popular tech-heavy ETFs, XLK and QQQ, comparing their long-term performance, expense ratios, dividends, and portfolio allocations. While both have outperformed the S&P 500, XLK focuses purely on tech, making it more concentrated in top tech stocks like Nvidia, Apple, and Microsoft. QQQ offers broader diversification by including communication services and consumer cyclicals, which may appeal to investors seeking less concentration in the top three tech giants.","This article analyzes two popular tech-heavy ETFs, XLK and QQQ, comparing their long-term performance, expense ratios, dividends, and portfolio allocations. While both have outperformed the S&P 500, XLK focuses purely on tech, making it more concentrated in top tech stocks like Nvidia, Apple, and Microsoft. QQQ offers broader diversification by including communication services and consumer cyclicals, which may appeal to investors seeking less concentration in the top three tech giants."
2025-01-27,https://www.prnewswire.com/news-releases/data-center-market-to-grow-by-usd-535-6-billion-2025-2029-driven-by-multi-cloud-adoption-and-network-upgrades-report-on-ais-impact-on-market-trends---technavio-302359556.html,PR Newswire,,"Data Center Market to Grow by USD 535.6 Billion (2025-2029), Driven by Multi-Cloud Adoption and Network Upgrades, Report on AI's Impact on Market Trends - Technavio","The global data center market is projected to grow by USD 535.6 billion between 2025 and 2029, achieving a CAGR of 15.6%. This growth is primarily fueled by the increasing adoption of multi-cloud strategies and necessary network upgrades, alongside a significant trend of integrating AI into data center operations. However, cybersecurity concerns remain a key challenge for the market.","The global data center market is projected to grow by USD 535.6 billion between 2025 and 2029, achieving a CAGR of 15.6%. This growth is primarily fueled by the increasing adoption of multi-cloud strategies and necessary network upgrades, alongside a significant trend of integrating AI into data center operations. However, cybersecurity concerns remain a key challenge for the market."
2025-01-27,https://www.prnewswire.com/news-releases/printed-circuit-board-pcb-market-to-grow-by-usd-26-8-billion-2025-2029-driven-by-smartphone-adoption-report-highlights-ais-redefining-role---technavio-302359555.html,PR Newswire,,"Printed Circuit Board (PCB) Market to Grow by USD 26.8 Billion (2025-2029), Driven by Smartphone Adoption, Report Highlights AI's Redefining Role - Technavio","The global Printed Circuit Board (PCB) market is projected to grow by USD 26.8 billion between 2025 and 2029, driven primarily by the rising adoption of smartphones and increasing industry automation, with a CAGR of over 6.2%. Technavio's report, which utilizes AI-powered analysis, highlights the significant role of PCBs in various electronic devices, 5G technology, IoT, and automotive applications. Despite environmental concerns regarding PCB production and disposal, the demand for multi-layer, HDI, and flexible PCBs is expected to escalate due to the need for compact and high-performance electronic devices.","The global Printed Circuit Board (PCB) market is projected to grow by USD 26.8 billion between 2025 and 2029, driven primarily by the rising adoption of smartphones and increasing industry automation, with a CAGR of over 6.2%. Technavio's report, which utilizes AI-powered analysis, highlights the significant role of PCBs in various electronic devices, 5G technology, IoT, and automotive applications. Despite environmental concerns regarding PCB production and disposal, the demand for multi-layer, HDI, and flexible PCBs is expected to escalate due to the need for compact and high-performance electronic devices."
2025-01-25,https://www.npr.org/2025/01/25/g-s1-44779/tiktok-ban-deal-trump-oracle,NPR,Bobby Allyn,Exclusive: White House in talks to have Oracle and U.S. investors take over TikTok,"The White House is negotiating a deal where Oracle and U.S. investors would take majority control of TikTok's global operations, with Oracle overseeing the app's algorithm, data collection, and software updates. This plan aims to address concerns about the app's Chinese ownership by minimizing ByteDance's stake and ensuring American oversight. This negotiation follows a congressional mandate for TikTok to divest from its Chinese parent company or face a nationwide ban.","The White House is negotiating a deal where Oracle and U.S. investors would take majority control of TikTok's global operations, with Oracle overseeing the app's algorithm, data collection, and software updates. This plan aims to address concerns about the app's Chinese ownership by minimizing ByteDance's stake and ensuring American oversight. This negotiation follows a congressional mandate for TikTok to divest from its Chinese parent company or face a nationwide ban."
2025-01-25,https://invezz.com/news/2025/01/25/retire-rich-with-these-blue-chip-dividend-etfs/,Invezz,Crispus Nyaga,Retire rich with these blue-chip dividend ETFs,"This article identifies top blue-chip dividend ETFs, including JEPQ, VYM, DGRO, DTD, and SDY, as tools for investors seeking a rich retirement through regular income and strong returns. It highlights their diversification benefits over individual stocks but notes that many dividend ETFs often underperform benchmark indices like the S&P 500 in terms of total returns. The article provides details on the yield, holdings, and performance of each recommended ETF.","This article identifies top blue-chip dividend ETFs, including JEPQ, VYM, DGRO, DTD, and SDY, as tools for investors seeking a rich retirement through regular income and strong returns. It highlights their diversification benefits over individual stocks but notes that many dividend ETFs often underperform benchmark indices like the S&P 500 in terms of total returns. The article provides details on the yield, holdings, and performance of each recommended ETF."
2025-01-25,https://www.prnewswire.com/apac/news-releases/webull-thailand-named-best-online-trading-platform-for-us-market-access-by-the-global-economics-302360106.html,PR Newswire,,Webull Thailand Named Best Online Trading Platform for US Market Access by The Global Economics,"Webull Thailand has been recognized as the ""Best Online Trading Platform for US Market Access"" by The Global Economics, highlighting its rapid growth and commitment to innovative investment solutions. Since its launch, Webull Thailand has attracted over 300,000 registered users and was the most downloaded brokerage app in Thailand during November and December 2024. The platform offers unique features such as 24-hour trading of US stocks and ETFs and US options trading, aiming to connect Thai investors to global opportunities.","Webull Thailand has been recognized as the ""Best Online Trading Platform for US Market Access"" by The Global Economics, highlighting its rapid growth and commitment to innovative investment solutions. Since its launch, Webull Thailand has attracted over 300,000 registered users and was the most downloaded brokerage app in Thailand during November and December 2024. The platform offers unique features such as 24-hour trading of US stocks and ETFs and US options trading, aiming to connect Thai investors to global opportunities."
2025-01-25,https://www.nytimes.com/2025/01/24/technology/tiktok-ban-trump-amazon-apple-google.html,The New York Times,"Sapna Maheshwari, Aaron Krolik, Tripp Mickle",Tech’s TikTok Dilemma: Follow the Law or President Trump? (Published 2025),"A federal law banning TikTok in the U.S. has created a schism among American tech companies, forcing them to choose between complying with the law or adhering to President-elect Trump's executive order to pause its enforcement. Companies like Amazon, Apple, and Google have moved to comply with the ban, while others like Oracle, Akamai, and Fastly continue to support TikTok. This situation highlights the legal and political complexities surrounding the TikTok ban and the varying approaches taken by major tech firms.","A federal law banning TikTok in the U.S. has created a schism among American tech companies, forcing them to choose between complying with the law or adhering to President-elect Trump's executive order to pause its enforcement. Companies like Amazon, Apple, and Google have moved to comply with the ban, while others like Oracle, Akamai, and Fastly continue to support TikTok. This situation highlights the legal and political complexities surrounding the TikTok ban and the varying approaches taken by major tech firms."
2025-01-23,https://www.provideocoalition.com/sandisk-new-storage-solutions-for-smartphones/,ProVideo Coalition,Jose Antunes,SanDisk: new storage solutions for smartphones,"Western Digital announced the SanDisk Creator Series at CES 2025, offering new storage solutions specifically designed for content creators, particularly those using smartphones. The series includes products like the SanDisk Creator Phone SSD with MagSafe compatibility, Creator microSD cards, SD UHS-II cards, Phone Drives, USB-C Flash Drives, Pro Portable SSDs, and a Desk Drive, all aimed at providing speed, capacity, durability, and portability for demanding creative workflows. Additionally, the SanDisk Extreme PRO Dual Drive was unveiled, offering high-speed transfers with both USB-A and USB-C connections.","Western Digital announced the SanDisk Creator Series at CES 2025, offering new storage solutions specifically designed for content creators, particularly those using smartphones. The series includes products like the SanDisk Creator Phone SSD with MagSafe compatibility, Creator microSD cards, SD UHS-II cards, Phone Drives, USB-C Flash Drives, Pro Portable SSDs, and a Desk Drive, all aimed at providing speed, capacity, durability, and portability for demanding creative workflows. Additionally, the SanDisk Extreme PRO Dual Drive was unveiled, offering high-speed transfers with both USB-A and USB-C connections."
2025-01-23,https://www.sfgate.com/travel/article/san-francisco-union-square-hotel-hitting-market-20051950.php,SFGATE,Gabe Lehman,Major San Francisco Union Square hotel to hit the market as part of $1B sale,"The Grand Hyatt San Francisco in Union Square is set to be put on the market by Host Hotels & Resorts Inc. as part of a larger $1 billion sale of West Coast properties. This divestment is consistent with Host's plan to offload ""noncore"" assets, including the 669-room hotel, which was acquired in a $1 billion three-hotel deal in 2018. The sale follows a recent strike by hotel workers and another significant change in San Francisco hotel ownership.","The Grand Hyatt San Francisco in Union Square is set to be put on the market by Host Hotels & Resorts Inc. as part of a larger $1 billion sale of West Coast properties. This divestment is consistent with Host's plan to offload ""noncore"" assets, including the 669-room hotel, which was acquired in a $1 billion three-hotel deal in 2018. The sale follows a recent strike by hotel workers and another significant change in San Francisco hotel ownership."
2025-01-22,https://seekingalpha.com/article/4751301-iusv-cost-effective-value-etf-strong-downside-protection-growth-potential,Seeking Alpha,Ploutos Investing,IUSV: A Cost-Effective Value ETF With Strong Downside Protection And Growth Potential,"The iShares Core S&P U.S. Value ETF (IUSV) offers cost-efficient value investing with a portfolio of 700 U.S. large-cap and mid-cap value stocks and a low expense ratio of 0.04%. Its significant allocation to large-cap stocks and a 23% exposure to the technology sector, including Apple, Microsoft, and Amazon, contribute to strong downside protection and growth potential. IUSV has demonstrated superior performance, outperforming its peer IWD with a 167.2% total return over the past decade and 597.5% since inception.","The iShares Core S&P U.S. Value ETF (IUSV) offers cost-efficient value investing with a portfolio of 700 U.S. large-cap and mid-cap value stocks and a low expense ratio of 0.04%. Its significant allocation to large-cap stocks and a 23% exposure to the technology sector, including Apple, Microsoft, and Amazon, contribute to strong downside protection and growth potential. IUSV has demonstrated superior performance, outperforming its peer IWD with a 167.2% total return over the past decade and 597.5% since inception."
2025-01-22,https://es.tradingview.com/news/zacks:db65c299e094b:0-should-invesco-dividend-achievers-etf-pfm-be-on-your-investing-radar/,TradingView: siga todos los mercados,,Should Invesco Dividend Achievers ETF (PFM) Be on Your Investing Radar?,"The Invesco Dividend Achievers ETF (PFM) is a passively managed large-cap value ETF with $719.98 million in assets, sponsored by Invesco. Launched in 2005, it focuses on dividend-paying companies that have increased dividends for over 10 consecutive years, with top holdings including Broadcom, Apple, and Microsoft. PFM has a Zacks ETF Rank of 3 (Hold) and an expense ratio of 0.52%, and its performance has shown year-to-date gains of 2.90% and a 19.34% increase over the last year as of January 22, 2025.","The Invesco Dividend Achievers ETF (PFM) is a passively managed large-cap value ETF with $719.98 million in assets, sponsored by Invesco. Launched in 2005, it focuses on dividend-paying companies that have increased dividends for over 10 consecutive years, with top holdings including Broadcom, Apple, and Microsoft. PFM has a Zacks ETF Rank of 3 (Hold) and an expense ratio of 0.52%, and its performance has shown year-to-date gains of 2.90% and a 19.34% increase over the last year as of January 22, 2025."
2025-01-21,https://www.musicbusinessworldwide.com/sonos-takeover-speculation-grows-with-spotify-or-amazon-seen-as-likely-suitors-report12/,Music Business Worldwide,Mandy Dalugdug,"Sonos takeover speculation grows, with Spotify or Amazon tipped as potential suitors (report)","Speculation is mounting that audio technology company Sonos could be acquired following a problematic app rollout in 2024 and recent leadership changes, including the departure of CEO Patrick Spence. Bloomberg's Mark Gurman identifies Spotify and Amazon as the most likely suitors. While Amazon could integrate Sonos' premium audio into its Echo devices, Spotify could gain immediate entry into the hardware market, despite its past struggles with products like the ""Car Thing.""","Speculation is mounting that audio technology company Sonos could be acquired following a problematic app rollout in 2024 and recent leadership changes, including the departure of CEO Patrick Spence. Bloomberg's Mark Gurman identifies Spotify and Amazon as the most likely suitors. While Amazon could integrate Sonos' premium audio into its Echo devices, Spotify could gain immediate entry into the hardware market, despite its past struggles with products like the ""Car Thing."""
2025-01-20,https://seekingalpha.com/article/4750642-spotify-strong-growth-improving-profits-make-it-a-great-long-term-buy,Seeking Alpha,Motti Sapir,"Spotify: Strong Growth, Improving Profits Make It A Great Long-Term Buy (NYSE:SPOT)","Spotify is showing strong profitable growth, marked by record-high gross margins, solid cash flow, and strategic expansions into various audio content. Despite a high Price-to-Sales ratio, its rapid revenue growth, improved profitability, and free cash flow justify its premium valuation. Key drivers include increased ad revenue, international market expansion, and advanced ad-targeting tools, though risks like licensing costs, competition, and regulatory scrutiny remain.","Spotify is showing strong profitable growth, marked by record-high gross margins, solid cash flow, and strategic expansions into various audio content. Despite a high Price-to-Sales ratio, its rapid revenue growth, improved profitability, and free cash flow justify its premium valuation. Key drivers include increased ad revenue, international market expansion, and advanced ad-targeting tools, though risks like licensing costs, competition, and regulatory scrutiny remain."
2025-01-17,https://www.cnet.com/personal-finance/credit-cards/apple-card-could-find-new-home-with-barclays-or-synchrony-what-cardholders-should-know/,CNET,Tiffany Connors,Apple Card Could Find New Home With Barclays or Synchrony. What Cardholders Should Know,"Apple is reportedly in discussions with Barclays and Synchrony Financial to potentially replace Goldman Sachs as the issuer for the Apple Card. This comes amid Goldman Sachs' withdrawal from consumer lending and financial losses, despite the Apple Card's high customer satisfaction ratings. A new issuer could bring significant changes for cardholders, potentially adding competitive features like welcome offers and better perks, which the current card largely lacks.","Apple is reportedly in discussions with Barclays and Synchrony Financial to potentially replace Goldman Sachs as the issuer for the Apple Card. This comes amid Goldman Sachs' withdrawal from consumer lending and financial losses, despite the Apple Card's high customer satisfaction ratings. A new issuer could bring significant changes for cardholders, potentially adding competitive features like welcome offers and better perks, which the current card largely lacks."
2025-01-17,https://wallstreetpit.com/122625-microstrategy-sets-sights-on-amazon-and-alphabets-common-shares-dominance/,Wall Street Pit,Ron Haruni,MicroStrategy Sets Sights on Amazon and Alphabet’s Common Shares Dominance,"MicroStrategy is seeking shareholder approval to dramatically increase its authorized Class A common shares from 330 million to 10.3 billion, a move that would position it with more shares outstanding than many Nasdaq 100 tech giants. This expansion is designed to fuel its aggressive Bitcoin acquisition strategy, which has already seen its stock surge over 2,500% since 2020. Despite potential dilution concerns, investors appear to prioritize the company's Bitcoin-centric growth.","MicroStrategy is seeking shareholder approval to dramatically increase its authorized Class A common shares from 330 million to 10.3 billion, a move that would position it with more shares outstanding than many Nasdaq 100 tech giants. This expansion is designed to fuel its aggressive Bitcoin acquisition strategy, which has already seen its stock surge over 2,500% since 2020. Despite potential dilution concerns, investors appear to prioritize the company's Bitcoin-centric growth."
2025-01-17,https://finance.yahoo.com/news/imax-secures-netflix-deal-exclusive-173331532.html,Yahoo Finance,Anusuya Lahiri,"IMAX Secures Netflix Deal for Exclusive 'Narnia' Theatrical Release, Stock Jumps","IMAX has announced a deal with Netflix to exclusively release Greta Gerwig's ""Narnia"" film across its global theater network for two weeks starting Thanksgiving 2026, before it premieres on Netflix at Christmas 2026. This move, which caused IMAX stock to jump, marks a rare theatrical-first strategy for Netflix, known for premiering films directly on its platform. The collaboration follows Netflix's previous efforts to attract subscribers through premium sports content and its crackdown on password sharing.","IMAX has announced a deal with Netflix to exclusively release Greta Gerwig's ""Narnia"" film across its global theater network for two weeks starting Thanksgiving 2026, before it premieres on Netflix at Christmas 2026. This move, which caused IMAX stock to jump, marks a rare theatrical-first strategy for Netflix, known for premiering films directly on its platform. The collaboration follows Netflix's previous efforts to attract subscribers through premium sports content and its crackdown on password sharing."
2025-01-16,https://www.cnbc.com/2025/01/16/apple-has-worst-day-since-august-down-11percent-from-december-peak.html,CNBC,Kif Leswing,"Apple has worst day since August following reports of China, AI struggles","Apple stock experienced its worst day since August, dropping 4% on Thursday due to poor iPhone sales reports in China and analyst concerns about AI not boosting demand. Its stock is down nearly 12% from its December peak, making it the worst-performing major tech stock in 2025 so far. Analysts predict a decline in iPhone shipments for the first half of 2025, with Apple Intelligence not yet proving beneficial for hardware replacement cycles.","Apple stock experienced its worst day since August, dropping 4% on Thursday due to poor iPhone sales reports in China and analyst concerns about AI not boosting demand. Its stock is down nearly 12% from its December peak, making it the worst-performing major tech stock in 2025 so far. Analysts predict a decline in iPhone shipments for the first half of 2025, with Apple Intelligence not yet proving beneficial for hardware replacement cycles."
2025-01-16,https://www.reuters.com/technology/apple-talks-with-barclays-synchrony-replace-goldman-credit-card-deal-sources-say-2025-01-15/,Reuters,Nupur Anand,"Exclusive: Apple in talks with Barclays, Synchrony to replace Goldman in credit card deal, sources say","Apple is reportedly in discussions with Barclays and Synchrony Financial to potentially replace Goldman Sachs as its credit card partner, according to sources familiar with the matter. This comes as Goldman Sachs plans to scale back its consumer finance operations, despite its existing credit card deal with Apple lasting until 2030. Other financial firms are interested, although some previously viewed the initial deal terms as unprofitable.","Apple is reportedly in discussions with Barclays and Synchrony Financial to potentially replace Goldman Sachs as its credit card partner, according to sources familiar with the matter. This comes as Goldman Sachs plans to scale back its consumer finance operations, despite its existing credit card deal with Apple lasting until 2030. Other financial firms are interested, although some previously viewed the initial deal terms as unprofitable."
2025-01-16,https://www.prnewswire.com/news-releases/eligible-synchrony-mastercard-customers-now-have-access-to-the-pay-later-feature-of-apple-pay-302353402.html,PR Newswire,,Eligible Synchrony Mastercard Customers Now Have Access to the Pay Later Feature of Apple Pay,"Synchrony (NYSE: SYF) is now allowing eligible Synchrony Mastercard holders to access a ""Pay Later"" feature for purchases made through Apple Pay on iPhone and iPad. This enhancement provides customers with the option to choose fixed monthly payments or standard credit card terms at checkout. Synchrony plans to expand this promotional offer to more co-branded cards and will enable rewards redemption for eligible cards via Apple Pay later in the year, aiming to offer greater flexibility in digital payments.","Synchrony (NYSE: SYF) is now allowing eligible Synchrony Mastercard holders to access a ""Pay Later"" feature for purchases made through Apple Pay on iPhone and iPad. This enhancement provides customers with the option to choose fixed monthly payments or standard credit card terms at checkout. Synchrony plans to expand this promotional offer to more co-branded cards and will enable rewards redemption for eligible cards via Apple Pay later in the year, aiming to offer greater flexibility in digital payments."
2025-01-16,https://www.finextra.com/newsarticle/45327/barclays-and-synchrony-financial-in-the-running-to-take-over-apples-credit-card-business,Finextra Research,Editorial,Barclays and Synchrony Financial in the running to take over Apple's credit card business,"Apple is reportedly in talks with Barclays and Synchrony Financial to take over its credit card business, currently handled by Goldman Sachs. Goldman Sachs has been seeking to exit the consumer market, facing significant losses and recent regulatory penalties. This move follows Barclays' previous acquisition of General Motors' card business from Goldman Sachs.","Apple is reportedly in talks with Barclays and Synchrony Financial to take over its credit card business, currently handled by Goldman Sachs. Goldman Sachs has been seeking to exit the consumer market, facing significant losses and recent regulatory penalties. This move follows Barclays' previous acquisition of General Motors' card business from Goldman Sachs."
2025-01-16,https://www.massdevice.com/medtronic-linq-icms-successfully-detect-afib/,MassDevice,Sean Whooley,Study says Medtronic Linq cardiac monitors successfully predict risk thresholds for patients with AFib,"A new study found that Medtronic's Linq family of insertable cardiac monitors (ICMs) successfully predict high-risk patients for AFib-related healthcare utilization. The DEFINE AFib study showed Linq ICMs had four times greater episode sensitivity than the Apple Watch and could predict a patient's risk of needing AFib-related healthcare 80% of the time, highlighting the superior accuracy of medical-grade technology for chronic condition management.","A new study found that Medtronic's Linq family of insertable cardiac monitors (ICMs) successfully predict high-risk patients for AFib-related healthcare utilization. The DEFINE AFib study showed Linq ICMs had four times greater episode sensitivity than the Apple Watch and could predict a patient's risk of needing AFib-related healthcare 80% of the time, highlighting the superior accuracy of medical-grade technology for chronic condition management."
2025-01-15,https://www.pymnts.com/earnings/2025/goldman-sachs-reports-possible-end-to-apple-partnership-amid-narrowing-of-strategic-focus/,PYMNTS.com,PYMNTS,"Barclays, Synchrony Reportedly in Talks With Apple as Goldman Sachs Eyes Partnership","Goldman Sachs' CEO David Solomon indicated that their partnership with Apple for the Apple Card might conclude before 2030, despite a contract extending to that year. Reports suggest Apple is in discussions with Barclays and Synchrony Financial to potentially replace Goldman Sachs. The Apple Card has negatively impacted Goldman Sachs' Platform Solutions business, leading the firm to narrow its strategic focus while seeing revenue growth in other segments.","Goldman Sachs' CEO David Solomon indicated that their partnership with Apple for the Apple Card might conclude before 2030, despite a contract extending to that year. Reports suggest Apple is in discussions with Barclays and Synchrony Financial to potentially replace Goldman Sachs. The Apple Card has negatively impacted Goldman Sachs' Platform Solutions business, leading the firm to narrow its strategic focus while seeing revenue growth in other segments."
2025-01-15,https://www.tradingnews.com/news/nysearca-qyld-etf-a-deep-dive-into-high-yield-returns,TradingNEWS,NULL,NYSEARCA:QYLD - High-Yield ETF with 12% Annual Income: Is It Still Worth It?,"The NYSEARCA:QYLD ETF provides a high annual yield exceeding 12% through a covered call strategy on NASDAQ 100 stocks, making it attractive for income-focused investors. However, this strategy caps upside potential, leading to significant underperformance compared to broader market indices and newer, more flexible alternatives like JEPQ. While it offers consistent monthly income, its long-term capital preservation issues and inability to fully capitalize on bull markets raise questions about its suitability for total return investors.","The NYSEARCA:QYLD ETF provides a high annual yield exceeding 12% through a covered call strategy on NASDAQ 100 stocks, making it attractive for income-focused investors. However, this strategy caps upside potential, leading to significant underperformance compared to broader market indices and newer, more flexible alternatives like JEPQ. While it offers consistent monthly income, its long-term capital preservation issues and inability to fully capitalize on bull markets raise questions about its suitability for total return investors."
2025-01-14,https://www.eeworldonline.com/?p=514283,EE World Online,Rob Alexander,What’s new with Matter: how Matter 1.4 is reshaping interoperability and energy management,"Matter 1.4 is the latest update to the smart home interoperability standard, introducing support for new device types like solar panels, heat pumps, and water heaters, alongside enhanced energy management features. This update also streamlines the multi-admin experience, allowing users to connect devices to several smart home systems more efficiently. While adoption is gradual, Matter 1.4 further solidifies the protocol's goal of creating a unified and user-friendly smart home ecosystem.","Matter 1.4 is the latest update to the smart home interoperability standard, introducing support for new device types like solar panels, heat pumps, and water heaters, alongside enhanced energy management features. This update also streamlines the multi-admin experience, allowing users to connect devices to several smart home systems more efficiently. While adoption is gradual, Matter 1.4 further solidifies the protocol's goal of creating a unified and user-friendly smart home ecosystem."
2025-01-14,https://www.morningstar.com/markets/why-have-dividend-stock-strategies-been-underperforming,Morningstar,Bella Albrecht,Why Have Dividend Stock Strategies Been Underperforming?,"Dividend stock strategies significantly underperformed the broader market in 2024, with the Morningstar Dividend Composite Index rising 15.7% compared to the Morningstar US Market Index's 24.1% gain. This underperformance is primarily attributed to the low exposure to technology stocks within dividend strategies, as tech and communication services were the best-performing sectors. Additionally, many top market contributors like Nvidia, Apple, and Amazon have low or no dividend payouts, favoring share repurchases as a way to return cash to shareholders, which dividend indexes typically do not capture.","Dividend stock strategies significantly underperformed the broader market in 2024, with the Morningstar Dividend Composite Index rising 15.7% compared to the Morningstar US Market Index's 24.1% gain. This underperformance is primarily attributed to the low exposure to technology stocks within dividend strategies, as tech and communication services were the best-performing sectors. Additionally, many top market contributors like Nvidia, Apple, and Amazon have low or no dividend payouts, favoring share repurchases as a way to return cash to shareholders, which dividend indexes typically do not capture."
2025-01-14,https://www.stocktitan.net/news/ASG/liberty-all-star-growth-fund-inc-december-2024-monthly-tug7zbwcg3tb.html,Stock Titan,,"Liberty All-Star Growth Fund Reports -3.94% December Drop, But 15.53% YTD Gain","Liberty All-Star Growth Fund (ASG) reported a -3.94% NAV and -3.75% market price performance for December 2024, despite ending the year with strong year-to-date gains of 15.53% (NAV) and 16.53% (market price). The fund's portfolio, with 97.7% invested in equities, was concentrated in Information Technology (29.5%), Health Care (16.8%), and Industrials (16.8%), holding top positions in NVIDIA, Apple, and Amazon. The fund executed significant portfolio adjustments in December and traded at a -7.4% discount to its NAV.","Liberty All-Star Growth Fund (ASG) reported a -3.94% NAV and -3.75% market price performance for December 2024, despite ending the year with strong year-to-date gains of 15.53% (NAV) and 16.53% (market price). The fund's portfolio, with 97.7% invested in equities, was concentrated in Information Technology (29.5%), Health Care (16.8%), and Industrials (16.8%), holding top positions in NVIDIA, Apple, and Amazon. The fund executed significant portfolio adjustments in December and traded at a -7.4% discount to its NAV."
2025-01-14,https://fortune.com/europe/2025/01/14/serial-entrepreneur-yext-saas-roam-howard-lerman/,Fortune,Jane Thier,"Why a serial entrepreneur shops at Trader Joe’s, eschews a wristwatch, and believes the future of office work is in your computer","Howard Lerman, a serial entrepreneur and founder of Yext and Roam, shares insights into his ""Good Life"" and approach to work. He discusses his investment strategies, daily habits, and vision for the future of office work through his virtual office platform, Roam. Lerman emphasizes efficiency, a structured personal style, and continuous learning, while also revealing some of his luxury indulgences and travel experiences.","Howard Lerman, a serial entrepreneur and founder of Yext and Roam, shares insights into his ""Good Life"" and approach to work. He discusses his investment strategies, daily habits, and vision for the future of office work through his virtual office platform, Roam. Lerman emphasizes efficiency, a structured personal style, and continuous learning, while also revealing some of his luxury indulgences and travel experiences."
2025-01-13,https://www.etftrends.com/etf-of-the-week/video-etf-of-the-week-fbcg/,ETF Trends,Karrie Gordon,VIDEO: ETF of the Week: FBCG,"VettaFi's Head of Research, Todd Rosenbluth, discusses the Fidelity Blue Chip Growth ETF (FBCG) with Chuck Jaffe, highlighting its strong performance in 2023 and 2024. FBCG is presented as an actively managed, large-cap growth strategy with a proven track record, offering the efficiency and liquidity of an ETF. The discussion also touches upon ""blue chip"" as a definition of quality growth companies and the considerations for investors transitioning from the mutual fund version.","VettaFi's Head of Research, Todd Rosenbluth, discusses the Fidelity Blue Chip Growth ETF (FBCG) with Chuck Jaffe, highlighting its strong performance in 2023 and 2024. FBCG is presented as an actively managed, large-cap growth strategy with a proven track record, offering the efficiency and liquidity of an ETF. The discussion also touches upon ""blue chip"" as a definition of quality growth companies and the considerations for investors transitioning from the mutual fund version."
2025-01-13,https://www.morningstar.com/markets/markets-brief-why-good-news-can-be-bad-news-stock-investors,Morningstar,Dan Kemp,Markets Brief: Why Good News Can Be Bad News for Stock Investors,"US stock prices fell following stronger-than-expected employment numbers, highlighting investor concerns that positive economic news could lead to stickier inflation and fewer interest rate cuts in 2025. This downturn, particularly affecting high-growth technology companies whose valuations are sensitive to discount rates, suggests that value stocks may be better positioned. Upcoming inflation data and Taiwan Semiconductor earnings are expected to influence market volatility.","US stock prices fell following stronger-than-expected employment numbers, highlighting investor concerns that positive economic news could lead to stickier inflation and fewer interest rate cuts in 2025. This downturn, particularly affecting high-growth technology companies whose valuations are sensitive to discount rates, suggests that value stocks may be better positioned. Upcoming inflation data and Taiwan Semiconductor earnings are expected to influence market volatility."
2025-01-11,https://ca.finance.yahoo.com/quote/%5EISRA-TC/chart/,Yahoo! Finance Canada,,VANECK ISRAEL ETF TOTAL CASH (^ISRA-TC) Interactive Stock Chart,"This Yahoo Finance page provides an interactive stock chart for the VANECK ISRAEL ETF TOTAL CASH (^ISRA-TC), showing its performance and current trading data. The ETF closed at 326.86, down 2.29%. The page also features related news articles and trending indices from global markets.","This Yahoo Finance page provides an interactive stock chart for the VANECK ISRAEL ETF TOTAL CASH (^ISRA-TC), showing its performance and current trading data. The ETF closed at 326.86, down 2.29%. The page also features related news articles and trending indices from global markets."
2025-01-10,https://global.morningstar.com/en-gb/funds/fundsmith-equity-underperforms-fourth-year,Morningstar,Sunniva Kolostyak,Fundsmith Equity Underperforms for the Fourth Year | Morningstar UK,"Fundsmith Equity, the UK's largest fund, underperformed global markets for the fourth consecutive year in 2024, despite an 8.9% growth rate compared to the MSCI World Index's 20.8%. Fund manager Terry Smith attributed this to extreme market concentration in a few tech stocks and made several portfolio changes, including selling Diageo, McCormick, and Apple, and buying Atlas Copco and Texas Instruments. The article also discusses Smith's views on passive funds' role in AI growth and notes that despite recent underperformance, Fundsmith Equity still boasts strong long-term returns since its inception.","Fundsmith Equity, the UK's largest fund, underperformed global markets for the fourth consecutive year in 2024, despite an 8.9% growth rate compared to the MSCI World Index's 20.8%. Fund manager Terry Smith attributed this to extreme market concentration in a few tech stocks and made several portfolio changes, including selling Diageo, McCormick, and Apple, and buying Atlas Copco and Texas Instruments. The article also discusses Smith's views on passive funds' role in AI growth and notes that despite recent underperformance, Fundsmith Equity still boasts strong long-term returns since its inception."
2025-01-10,https://www.sahmcapital.com/news/content/apple-google-and-meta-cant-escape-gambling-lawsuits-judge-rejects-section-230-shield-in-landmark-ruling-on-casino-style-apps-2025-10-01,Sahm,Benzinga News,"Apple, Google And Meta Can't Escape Gambling Lawsuits, Judge Rejects Section 230 Shield In Landmark Ruling On Casino-Style Apps","A federal judge has ruled that Apple, Google, and Meta must face lawsuits alleging they profited from illegal casino-style apps, rejecting their Section 230 defense. The companies are accused of hosting and promoting addictive gambling apps and taking 30% commissions on in-app purchases, with plaintiffs seeking compensatory damages for alleged addiction and its consequences. This ruling adds to the growing legal scrutiny faced by tech giants.","A federal judge has ruled that Apple, Google, and Meta must face lawsuits alleging they profited from illegal casino-style apps, rejecting their Section 230 defense. The companies are accused of hosting and promoting addictive gambling apps and taking 30% commissions on in-app purchases, with plaintiffs seeking compensatory damages for alleged addiction and its consequences. This ruling adds to the growing legal scrutiny faced by tech giants."
2025-01-10,https://www.t3.com/auto/electric-vehicles/troubled-ev-maker-faraday-future-is-back-again-at-ces,T3,Alistair Charlton,Troubled EV maker Faraday Future is back (again) at CES,"Faraday Future, the previously troubled EV maker, has resurfaced at CES with plans for a brand rebirth focusing on affordable electric minivans built with Chinese parts. While still offering its luxurious FF91, the company has launched a spin-off, FX, to produce models like the FX 5 ($20,000) and FX 6 ($30,000), aiming for production by late 2025. Additionally, Faraday Future plans to release a high-end electric minivan, the FX Super One, in Q2 2025, targeting celebrities and business professionals.","Faraday Future, the previously troubled EV maker, has resurfaced at CES with plans for a brand rebirth focusing on affordable electric minivans built with Chinese parts. While still offering its luxurious FF91, the company has launched a spin-off, FX, to produce models like the FX 5 ($20,000) and FX 6 ($30,000), aiming for production by late 2025. Additionally, Faraday Future plans to release a high-end electric minivan, the FX Super One, in Q2 2025, targeting celebrities and business professionals."
2025-01-09,https://www.businesswire.com/news/home/20250109640868/en/Marathon-Asset-Management-Provides-%24164M-Mortgage-Loan-for-Class-A-Mall-in-Thousand-Oaks,Business Wire,,Marathon Asset Management Provides $164M Mortgage Loan for Class A Mall in Thousand Oaks,"Marathon Asset Management's Commercial Real Estate platform has provided a $164 million mortgage loan to Stockdale Capital Partners for their acquisition of The Oaks, a Class A regional mall in Thousand Oaks, CA. The 1.2 million square foot mall, anchored by Nordstrom, Dick’s Sporting Goods, and AMC Theaters, was acquired from Macerich. This financing enables Stockdale to execute their business plan by investing capital to update and improve the property, meeting local retail demand in the affluent Greater Los Angeles Area.","Marathon Asset Management's Commercial Real Estate platform has provided a $164 million mortgage loan to Stockdale Capital Partners for their acquisition of The Oaks, a Class A regional mall in Thousand Oaks, CA. The 1.2 million square foot mall, anchored by Nordstrom, Dick’s Sporting Goods, and AMC Theaters, was acquired from Macerich. This financing enables Stockdale to execute their business plan by investing capital to update and improve the property, meeting local retail demand in the affluent Greater Los Angeles Area."
2025-01-09,https://www.bizjournals.com/sanfrancisco/news/2025/01/09/heart-failure-afib-arrhythmia-wearables.html,The Business Journals,Ron Leuty,My smartwatch may have saved my life. Here's my story,"A San Francisco Business Times senior reporter shares how his Fitbit smartwatch, which alerted him to irregular heart rhythms, potentially led to life-saving surgery. The article highlights the growing role of wearables like Fitbit and Apple Watch in detecting serious cardiac conditions such as Afib. It features related articles on medical advancements and AI in health, emphasizing the impact of technology on personal health management.","A San Francisco Business Times senior reporter shares how his Fitbit smartwatch, which alerted him to irregular heart rhythms, potentially led to life-saving surgery. The article highlights the growing role of wearables like Fitbit and Apple Watch in detecting serious cardiac conditions such as Afib. It features related articles on medical advancements and AI in health, emphasizing the impact of technology on personal health management."
2025-01-08,https://www.marketwatch.com/story/most-of-the-sweet-16-stocks-have-dominated-they-might-to-do-it-again-in-2025-5194bc67?gaa_at=eafs&gaa_n=AWEtsqdddqayxxw61fWfJKx-3yGLcH8Oh5qz_7nWYJUCWSaHk5xhiOV2L9xD&gaa_ts=690748f2&gaa_sig=Y0ZQJTq_Uc7y9INTFgLsksTcjcTmdoPFqT2xsw1zKlzfGxWzNuRTb-cVvxsGATy0qTA35n3eWR7QQqhggLhIjA%3D%3D,MarketWatch,Philip van Doorn,Most of the ‘Sweet 16’ stocks have dominated. They might do it again in 2025.,"The article discusses the ""Sweet 16"" stocks identified by Jefferies in September 2020, highlighting their significant contribution to the US stock market's performance over the past five years. It suggests these stocks, including Nvidia, may continue their dominant trend into 2025 due to expected revenue growth. The piece also mentions other dominant stock groupings like ""BATMMAAN"" and the ""Magnificent Seven.""","The article discusses the ""Sweet 16"" stocks identified by Jefferies in September 2020, highlighting their significant contribution to the US stock market's performance over the past five years. It suggests these stocks, including Nvidia, may continue their dominant trend into 2025 due to expected revenue growth. The piece also mentions other dominant stock groupings like ""BATMMAAN"" and the ""Magnificent Seven."""
2025-01-08,https://www.marketwatch.com/story/most-of-the-sweet-16-stocks-have-dominated-they-might-to-do-it-again-in-2025-5194bc67?gaa_at=eafs&gaa_n=AWEtsqdcgRlefglpj3gxGLpHu9CU_772L5fzBz8Lfee1SpdbTTaTK6CNFmW5&gaa_ts=690747c6&gaa_sig=TvIxWRWxKGZeRRYso0aSj9zEIF_AgnMbEjVog5X7cpM1QvlSmxej-K89ntKPFSpLvKW7b4tJI18T00PodrDAhA%3D%3D,MarketWatch,Philip van Doorn,Most of the ‘Sweet 16’ stocks have dominated. They might do it again in 2025.,"The article discusses the ""Sweet 16"" list of stocks, initially identified by Jefferies in September 2020, highlighting their significant contribution to the U.S. stock market's performance. It suggests that these stocks, including giants like Nvidia, are poised for continued revenue growth in 2025. The piece also mentions other groups of dominant stocks, such as ""BATMMAAN,"" which includes Broadcom and the ""Magnificent Seven.""","The article discusses the ""Sweet 16"" list of stocks, initially identified by Jefferies in September 2020, highlighting their significant contribution to the U.S. stock market's performance. It suggests that these stocks, including giants like Nvidia, are poised for continued revenue growth in 2025. The piece also mentions other groups of dominant stocks, such as ""BATMMAAN,"" which includes Broadcom and the ""Magnificent Seven."""
2025-01-07,https://finance.yahoo.com/news/ewc-canada-etfs-rise-amid-140000949.html,Yahoo Finance,Kent Thune,"EWC, Canada ETFs Rise Amid Trudeau Resignation","The iShares MSCI Canada ETF (EWC) rose following the announcement of Canadian Prime Minister Justin Trudeau's resignation, citing a need for new leadership. The article also discusses why Canadian ETFs have historically lagged behind U.S. equity ETFs like SPY, attributing it to factors such as sector concentration, innovation, market size, currency effects, venture capital, and global influence.","The iShares MSCI Canada ETF (EWC) rose following the announcement of Canadian Prime Minister Justin Trudeau's resignation, citing a need for new leadership. The article also discusses why Canadian ETFs have historically lagged behind U.S. equity ETFs like SPY, attributing it to factors such as sector concentration, innovation, market size, currency effects, venture capital, and global influence."
2025-01-07,https://www.storagenewsletter.com/2025/01/07/ces-2025-wd-unveils-sandisk-storage-solutions-designed-for-creators-and-gaming-enthusiasts/,StorageNewsletter,,CES 2025: WD Unveils SanDisk Storage Solutions Designed for Creators and Gaming Enthusiasts,"Western Digital (WD) unveiled new SanDisk storage solutions at CES 2025 catering to creators and gaming enthusiasts. The SanDisk Creator Series, featuring products like the Creator Phone SSD with MagSafe compatibility and various memory cards and drives, is designed for efficient content creation workflows. Additionally, WD introduced Fortnite-themed portable SSDs and USB flash drives, offering stylized storage for gamers.","Western Digital (WD) unveiled new SanDisk storage solutions at CES 2025 catering to creators and gaming enthusiasts. The SanDisk Creator Series, featuring products like the Creator Phone SSD with MagSafe compatibility and various memory cards and drives, is designed for efficient content creation workflows. Additionally, WD introduced Fortnite-themed portable SSDs and USB flash drives, offering stylized storage for gamers."
2025-01-06,https://pressroom.aboutschwab.com/press-releases/press-release/2025/Schwab-Trading-Activity-Index-December-Score-Edges-Higher-for-Third-Consecutive-Month/default.aspx,Charles Schwab Press Releases,,Schwab Trading Activity Index™: December Score Edges Higher for Third Consecutive Month,"The Schwab Trading Activity Index™ (STAX) increased to 51.16 in December, marking its third consecutive monthly rise. Schwab clients net bought equities, adding exposure in Health Care and Energy sectors, while selling Information Technology and Communication Services. The report highlights market volatility, key economic data releases, and popular stocks bought and sold by Schwab clients throughout December and the entirety of 2024.","The Schwab Trading Activity Index™ (STAX) increased to 51.16 in December, marking its third consecutive monthly rise. Schwab clients net bought equities, adding exposure in Health Care and Energy sectors, while selling Information Technology and Communication Services. The report highlights market volatility, key economic data releases, and popular stocks bought and sold by Schwab clients throughout December and the entirety of 2024."
2025-01-05,https://www.quiverquant.com/etf/iShares%20Global%20Equity%20Factor%20ETF,Quiver Quantitative,,iShares Global Equity Factor ETF Holdings,"This article details the holdings of the iShares Global Equity Factor ETF (GLOF), which was established in 2015 and focuses on total market equity. The ETF manages $203.3 million in assets across 651 holdings, selecting and weighting stocks based on quality, value, momentum, smaller size, and low volatility factors. The holdings list includes major companies like NVIDIA, Apple, Alphabet, and Microsoft, along with numerous other global stocks and various currency cash positions.","This article details the holdings of the iShares Global Equity Factor ETF (GLOF), which was established in 2015 and focuses on total market equity. The ETF manages $203.3 million in assets across 651 holdings, selecting and weighting stocks based on quality, value, momentum, smaller size, and low volatility factors. The holdings list includes major companies like NVIDIA, Apple, Alphabet, and Microsoft, along with numerous other global stocks and various currency cash positions."
2025-01-02,https://www.nasdaq.com/articles/berkshire-hathaway-brka-stock-topped-sp-500-2024,Nasdaq,Joel Baglole,Berkshire Hathaway (BRK.A) Stock Topped the S&P 500 in 2024,"Berkshire Hathaway's Class A shares outperformed the S&P 500 in 2024, posting a 25.5% gain compared to the benchmark's 23.3%. This strong performance was driven by solid operating earnings, healthy investment income, and underwriting earnings from its insurance unit. Despite Warren Buffett's tempered expectations for future gains due to the company's size, Berkshire Hathaway has consistently doubled the S&P 500's average annual return since the 1960s.","Berkshire Hathaway's Class A shares outperformed the S&P 500 in 2024, posting a 25.5% gain compared to the benchmark's 23.3%. This strong performance was driven by solid operating earnings, healthy investment income, and underwriting earnings from its insurance unit. Despite Warren Buffett's tempered expectations for future gains due to the company's size, Berkshire Hathaway has consistently doubled the S&P 500's average annual return since the 1960s."
2025-01-01,https://www.digitalinformationworld.com/2025/01/management-that-matters-2024s-best-us.html,Digital Information World,Arooj Ahmed,Management That Matters: 2024’s Best U.S. Companies Unveiled,"The 2024 Drucker Institute Company Rankings identify the 30 best-managed U.S. companies based on corporate effectiveness across five categories: customer satisfaction, financial strength, social responsibility, innovation, and employee engagement. Apple secured the top spot as the best-managed company with an effectiveness score of 92.1, surpassing Microsoft from its 2023 position. Nvidia and Microsoft followed, with Intel and MasterCard rounding out the top five, demonstrating the importance of innovation and financial strength for high effectiveness scores.","The 2024 Drucker Institute Company Rankings identify the 30 best-managed U.S. companies based on corporate effectiveness across five categories: customer satisfaction, financial strength, social responsibility, innovation, and employee engagement. Apple secured the top spot as the best-managed company with an effectiveness score of 92.1, surpassing Microsoft from its 2023 position. Nvidia and Microsoft followed, with Intel and MasterCard rounding out the top five, demonstrating the importance of innovation and financial strength for high effectiveness scores."
2025-02-27,https://www.tradingview.com/symbols/AMEX-LGDX/profile/,TradingView,,"LGDX ETF Profile: Dividends, Returns (AMEX:LGDX)","This article provides a detailed profile of the LGDX Intech S&P Large Cap Diversified Alpha ETF, an actively managed fund that aims to outperform the S&P 500 Index by focusing on diversification and risk management. It covers key statistics such as assets under management, dividend yield, expense ratio, and details its investment strategy, holdings, and performance metrics. The ETF invests primarily in large-cap US equities, with a significant allocation to electronic technology and technology services.","This article provides a detailed profile of the LGDX Intech S&P Large Cap Diversified Alpha ETF, an actively managed fund that aims to outperform the S&P 500 Index by focusing on diversification and risk management. It covers key statistics such as assets under management, dividend yield, expense ratio, and details its investment strategy, holdings, and performance metrics. The ETF invests primarily in large-cap US equities, with a significant allocation to electronic technology and technology services."
2025-02-27,https://etfdb.com/news/2025/02/27/new-jlens-etf-tov-offers-faith-based-investing-values/,ETF Database,Nick Wodeshick,New JLens ETF Offers Faith-Based Investing Values,"The JLens 500 Jewish Advocacy U.S. ETF (TOV) has launched on the NYSE Arca, aiming to offer a total return similar to the JLens 500 Jewish Advocacy U.S. Index with an expense ratio of 18 basis points. Created by JLens, an affiliate of the Anti-Defamation League, the fund allows investors to align their portfolios with Jewish values by screening companies based on criteria such as combating antisemitism, supporting Israel, and ethical business practices. The index starts with the VettaFi US Equity Large-Cap 500 Index and excludes companies with revenue from non-aligned processes, then scores the remaining companies on their adherence to faith-based values.","The JLens 500 Jewish Advocacy U.S. ETF (TOV) has launched on the NYSE Arca, aiming to offer a total return similar to the JLens 500 Jewish Advocacy U.S. Index with an expense ratio of 18 basis points. Created by JLens, an affiliate of the Anti-Defamation League, the fund allows investors to align their portfolios with Jewish values by screening companies based on criteria such as combating antisemitism, supporting Israel, and ethical business practices. The index starts with the VettaFi US Equity Large-Cap 500 Index and excludes companies with revenue from non-aligned processes, then scores the remaining companies on their adherence to faith-based values."
2025-02-27,https://www.houstonchronicle.com/business/tech/article/apple-ai-houston-computer-renaissance-20187786.php,Houston Chronicle,Dwight Silverman,Apple's new Houston facility could start a renaissance for electronics companies,"Apple's decision to build a new AI server manufacturing facility in Houston could signal a resurgence for the region's electronics manufacturing sector, which previously thrived with companies like Texas Instruments and Compaq. The facility, part of a $500 billion investment in U.S. technology, will assemble servers crucial for Apple Intelligence, and is expected to bring thousands of jobs. This move, facilitated by Foxconn, may also help Apple navigate potential tariffs on foreign imports and aims to bring overseas manufacturing back to the U.S.","Apple's decision to build a new AI server manufacturing facility in Houston could signal a resurgence for the region's electronics manufacturing sector, which previously thrived with companies like Texas Instruments and Compaq. The facility, part of a $500 billion investment in U.S. technology, will assemble servers crucial for Apple Intelligence, and is expected to bring thousands of jobs. This move, facilitated by Foxconn, may also help Apple navigate potential tariffs on foreign imports and aims to bring overseas manufacturing back to the U.S."
2025-02-27,https://www.prnewswire.com/apac/news-releases/gravity-sets-to-strengthen-ragnarok-ips-dominance-in-southeast-asia-in-2025-302387112.html,PR Newswire,,Gravity Sets to Strengthen Ragnarok IP's Dominance in Southeast Asia in 2025,"Global gaming company Gravity is expanding its presence in Southeast Asia by launching four new Ragnarok IP titles in the first half of 2025: Ragnarok M: Classic, Ragnarok Idle Adventure Plus, Ragnarok V: Returns, and Ragnarok: Back to Glory. These new titles aim to build on the franchise's significant success and popularity in the region since its initial entry in 2003, offering diverse gameplay experiences for players. Gravity's Business Director, Kim Jin-hwan, expressed confidence that these distinct titles will capture player interest and further solidify Ragnarok's dominance.","Global gaming company Gravity is expanding its presence in Southeast Asia by launching four new Ragnarok IP titles in the first half of 2025: Ragnarok M: Classic, Ragnarok Idle Adventure Plus, Ragnarok V: Returns, and Ragnarok: Back to Glory. These new titles aim to build on the franchise's significant success and popularity in the region since its initial entry in 2003, offering diverse gameplay experiences for players. Gravity's Business Director, Kim Jin-hwan, expressed confidence that these distinct titles will capture player interest and further solidify Ragnarok's dominance."
2025-02-27,https://www.tradingnews.com/news/fdvv-schd-which-dividend-etf-wins-on-growth-yield-and-value-in-2025,TradingNEWS,,FDVV vs. SCHD: Which Dividend ETF is the Smartest Buy in 2025?,"This article compares two dividend ETFs, FDVV and SCHD, to determine which is a smarter buy in 2025 based on growth, yield, and value. SCHD offers a higher dividend yield and stronger historical dividend growth, with a defensive sector allocation, making it suitable for income stability. FDVV, while having a lower yield and slower dividend growth, benefits from significant exposure to high-growth technology stocks, appealing to investors seeking dividend exposure with tech upside and willing to accept higher volatility.","This article compares two dividend ETFs, FDVV and SCHD, to determine which is a smarter buy in 2025 based on growth, yield, and value. SCHD offers a higher dividend yield and stronger historical dividend growth, with a defensive sector allocation, making it suitable for income stability. FDVV, while having a lower yield and slower dividend growth, benefits from significant exposure to high-growth technology stocks, appealing to investors seeking dividend exposure with tech upside and willing to accept higher volatility."
2025-02-27,https://www.marketingbrew.com/stories/2025/02/27/apple-and-john-deere-reject-anti-dei-proposals-amid-corporate-walkbacks,Marketing Brew,Katie Hicks,Apple and John Deere reject anti-DEI proposals amid corporate walkbacks,"Apple and John Deere shareholders have voted against anti-DEI proposals, contrasting with other companies that are dismantling or softening their diversity, equity, and inclusion efforts amidst a changing political and legal landscape. A recent executive order and Department of Justice memo signal federal opposition to DEI programs, prompting many brands like Bank of America, Google, and Disney to walk back their initiatives. However, some companies like e.l.f. and Patagonia are reaffirming their DEI commitments, while those that have scaled back, like Target, have faced public criticism and boycotts.","Apple and John Deere shareholders have voted against anti-DEI proposals, contrasting with other companies that are dismantling or softening their diversity, equity, and inclusion efforts amidst a changing political and legal landscape. A recent executive order and Department of Justice memo signal federal opposition to DEI programs, prompting many brands like Bank of America, Google, and Disney to walk back their initiatives. However, some companies like e.l.f. and Patagonia are reaffirming their DEI commitments, while those that have scaled back, like Target, have faced public criticism and boycotts."
2025-02-27,https://247wallst.com/investing/2025/02/27/warren-buffett-made-2-5-billion-today-heres-how-he-did-it/,24/7 Wall St.,Rich Duprey,Warren Buffett Made $2.5 Billion Today. Here’s How He Did It,"Warren Buffett's net worth increased by $2.6 billion due to a 1.6% rise in Berkshire Hathaway (BRK-A, BRK-B) stock during midday trading on Thursday, February 27. Despite this significant paper gain, the article emphasizes that for Buffett, this is a minor fluctuation and he focuses on long-term value, as evidenced by Berkshire's $334.2 billion cash hoard signaling caution in the market. The increase is attributed to a post-earnings bounce and broader market cheer, with most of Berkshire's portfolio stocks performing positively.","Warren Buffett's net worth increased by $2.6 billion due to a 1.6% rise in Berkshire Hathaway (BRK-A, BRK-B) stock during midday trading on Thursday, February 27. Despite this significant paper gain, the article emphasizes that for Buffett, this is a minor fluctuation and he focuses on long-term value, as evidenced by Berkshire's $334.2 billion cash hoard signaling caution in the market. The increase is attributed to a post-earnings bounce and broader market cheer, with most of Berkshire's portfolio stocks performing positively."
2025-02-27,https://www.livenowfox.com/news/apple-products-iphone-ipod-macintosh-computer-marketing,LiveNOW from FOX,Chris Williams,How Apple’s iconic products reshaped everyday life: A look back at decades of innovation,"This article chronicles how Apple's key product releases, from the Apple II to AirPods, have profoundly changed daily life over several decades. It highlights how Apple consistently redefined technology markets, even when not being the first to introduce a product. The piece emphasizes the company's strong brand loyalty and its focus on both design and functionality to revolutionize user experience.","This article chronicles how Apple's key product releases, from the Apple II to AirPods, have profoundly changed daily life over several decades. It highlights how Apple consistently redefined technology markets, even when not being the first to introduce a product. The piece emphasizes the company's strong brand loyalty and its focus on both design and functionality to revolutionize user experience."
2025-02-26,https://www.asyousow.org/press-releases/2025/2/26/987-of-john-deere-amp-apple-shareholdersnbspreject-anti-diversity-proposals,As You Sow,Ryon Harms,98% of John Deere & Apple Shareholders Reject Anti-Diversity Proposals,"Shareholders of Deere & Co (NYSE:DE) and Apple (NASDAQ:AAPL) overwhelmingly rejected shareholder proposals aimed at undermining diversity and inclusion programs, with votes against reaching over 98% at both companies. This follows a similar rejection at Costco, indicating a strong shareholder belief that diversity and inclusion are material to profitable growth and financial outperformance. Andrew Behar, CEO of As You Sow, stated that these votes signal a rejection of attempts to inject political culture wars into standard business practices, reinforcing the business rationale for diverse workforces.","Shareholders of Deere & Co (NYSE:DE) and Apple (NASDAQ:AAPL) overwhelmingly rejected shareholder proposals aimed at undermining diversity and inclusion programs, with votes against reaching over 98% at both companies. This follows a similar rejection at Costco, indicating a strong shareholder belief that diversity and inclusion are material to profitable growth and financial outperformance. Andrew Behar, CEO of As You Sow, stated that these votes signal a rejection of attempts to inject political culture wars into standard business practices, reinforcing the business rationale for diverse workforces."
2025-02-26,https://www.marketbeat.com/stocks/NASDAQ/QQQH/,MarketBeat,,"NEOS Nasdaq-100 Hedged Equity Income ETF (QQQH) Price, Holdings, & News","This article provides detailed information about the NEOS Nasdaq-100 Hedged Equity Income ETF (QQQH), including its current price, key statistics, overview, and expense ratios. It also lists recent news headlines related to QQQH and answers frequently asked questions about its performance and share activity. The ETF aims to generate current income with downside protection by investing in Nasdaq-100 stocks combined with an options collar.","This article provides detailed information about the NEOS Nasdaq-100 Hedged Equity Income ETF (QQQH), including its current price, key statistics, overview, and expense ratios. It also lists recent news headlines related to QQQH and answers frequently asked questions about its performance and share activity. The ETF aims to generate current income with downside protection by investing in Nasdaq-100 stocks combined with an options collar."
2025-02-25,https://www.tucsonsentinel.com/local/report/022525_az_apple_chips/,Tucson Sentinel,Matthew DeWees,Apple’s $500B pledge includes chips from massive TSMC Phoenix factory; Trump credits tariff threat,"Apple has pledged $500 billion for investment in the U.S., with a portion directed towards the Taiwan Semiconductor Manufacturing Company (TSMC) factory in Phoenix, where mass production of Apple chips has already begun. Former President Donald Trump has claimed credit for this development, attributing it to his past tariff threats, while the Biden administration supported domestic chip production through the CHIPS and Science Act. The TSMC factory, representing a $65 billion foreign investment, is set to create thousands of jobs and produce advanced chips for various technologies.","Apple has pledged $500 billion for investment in the U.S., with a portion directed towards the Taiwan Semiconductor Manufacturing Company (TSMC) factory in Phoenix, where mass production of Apple chips has already begun. Former President Donald Trump has claimed credit for this development, attributing it to his past tariff threats, while the Biden administration supported domestic chip production through the CHIPS and Science Act. The TSMC factory, representing a $65 billion foreign investment, is set to create thousands of jobs and produce advanced chips for various technologies."
2025-02-25,https://www.mediaplaynews.com/max-streaming-service-to-bow-in-australia-on-march-31/,Media Play News,Stephanie Pratte,Max Streaming Service to Bow in Australia on March 31,"Warner Bros. Discovery will launch its Max streaming service in Australia on March 31, 2026. The service will offer a wide array of premium content from brands like HBO, Warner Bros., and DC Universe, with various subscription tiers including an ad-supported option. A partnership with Foxtel will also provide subscribers with access to the Max app at no additional cost.","Warner Bros. Discovery will launch its Max streaming service in Australia on March 31, 2026. The service will offer a wide array of premium content from brands like HBO, Warner Bros., and DC Universe, with various subscription tiers including an ad-supported option. A partnership with Foxtel will also provide subscribers with access to the Max app at no additional cost."
2025-02-25,https://www.enr.com/articles/60343-apple-plans-houston-plant-to-produce-ai-servers,Engineering News-Record,James Leggate,Apple Plans Houston Plant to Produce AI Servers,"Apple Inc. plans to establish a new 250,000-sq-ft manufacturing facility in Houston, Texas, to produce servers for its Apple Intelligence and Private Cloud Compute AI services, with an expected opening next year. This initiative is part of a larger $500 billion investment in the U.S. over four years, including expanding data centers and doubling its ""Advanced Manufacturing Fund"" to $10 billion. The move comes as companies face new tariffs on goods imported from China and indicates a shift towards more U.S.-based manufacturing, potentially with Foxconn identified as the manufacturer for the Houston plant.","Apple Inc. plans to establish a new 250,000-sq-ft manufacturing facility in Houston, Texas, to produce servers for its Apple Intelligence and Private Cloud Compute AI services, with an expected opening next year. This initiative is part of a larger $500 billion investment in the U.S. over four years, including expanding data centers and doubling its ""Advanced Manufacturing Fund"" to $10 billion. The move comes as companies face new tariffs on goods imported from China and indicates a shift towards more U.S.-based manufacturing, potentially with Foxconn identified as the manufacturer for the Houston plant."
2025-02-25,https://www.bbc.com/news/articles/ce980m2xv30o,BBC,Natalie Sherman,Apple commits to 'largest ever' $500bn US investment,"Apple announced a multi-year plan to invest over $500 billion in the US and create 20,000 new jobs, with a focus on research, development, software, and AI. This commitment includes building a new manufacturing factory in Texas to support its AI system, Apple Intelligence, and expanding data centers across several states. The announcement comes after Apple CEO Tim Cook met with President Donald Trump, who has consistently pushed for increased domestic manufacturing.","Apple announced a multi-year plan to invest over $500 billion in the US and create 20,000 new jobs, with a focus on research, development, software, and AI. This commitment includes building a new manufacturing factory in Texas to support its AI system, Apple Intelligence, and expanding data centers across several states. The announcement comes after Apple CEO Tim Cook met with President Donald Trump, who has consistently pushed for increased domestic manufacturing."
2025-02-25,https://www.recyclingtoday.com/news/apple-capital-expenditure-usa-texas-server-facility-michigan-academy/,Recycling Today,Brian Taylor,Apple to build manufacturing facility in Texas,"Apple is investing $500 billion in the U.S. over the next four years, including a planned 250,000-square-foot computer server production facility in Houston, Texas. This initiative aims to support American innovation, create jobs, and enhance the company's sustainability efforts by utilizing recycled and renewable materials in its products. The investment also covers AI, silicon engineering, and skills development, alongside expanding data center capacities and establishing a manufacturing academy.","Apple is investing $500 billion in the U.S. over the next four years, including a planned 250,000-square-foot computer server production facility in Houston, Texas. This initiative aims to support American innovation, create jobs, and enhance the company's sustainability efforts by utilizing recycled and renewable materials in its products. The investment also covers AI, silicon engineering, and skills development, alongside expanding data center capacities and establishing a manufacturing academy."
2025-02-24,https://seekingalpha.com/article/4761501-globalstar-stock-not-cheap-d2d-concerns-are-distraction-hold-for-now,Seeking Alpha,Richard Durant,Globalstar: D2D Concerns Are A Distraction (NASDAQ:GSAT),"Investor confidence in Globalstar has been undermined by the announcement that iPhones will access Starlink's D2D service. However, the author argues this is a distraction, given Globalstar's partnership with Apple and the impending inflection point for XCOM RAN technology. Significant improvements in Globalstar's balance sheet and cash flows are anticipated, especially with growth in IoT and private networks, making its high revenue multiple justifiable due to high EBITDA margins and growth potential.","Investor confidence in Globalstar has been undermined by the announcement that iPhones will access Starlink's D2D service. However, the author argues this is a distraction, given Globalstar's partnership with Apple and the impending inflection point for XCOM RAN technology. Significant improvements in Globalstar's balance sheet and cash flows are anticipated, especially with growth in IoT and private networks, making its high revenue multiple justifiable due to high EBITDA margins and growth potential."
2025-02-24,https://www.sahmcapital.com/news/content/whats-going-on-with-fiscalnote-holdings-stock-monday-2025-02-24,Sahm,Benzinga News,What's Going On With FiscalNote Holdings Stock Monday?,"FiscalNote Holdings Inc (NYSE: NOTE) saw its shares trading higher after announcing a definitive agreement to divest two non-core assets, Oxford Analytica and Dragonfly, to Dow Jones for $40 million. This move is expected to reduce the company's senior term loan, strengthen its balance sheet, and streamline operations, focusing on core Policy solutions. Additionally, FiscalNote engaged John Lee, former head of contracts for Palantir’s U.S. government vertical, as a senior strategic advisor to support its AI and data-driven solutions for the public sector.","FiscalNote Holdings Inc (NYSE: NOTE) saw its shares trading higher after announcing a definitive agreement to divest two non-core assets, Oxford Analytica and Dragonfly, to Dow Jones for $40 million. This move is expected to reduce the company's senior term loan, strengthen its balance sheet, and streamline operations, focusing on core Policy solutions. Additionally, FiscalNote engaged John Lee, former head of contracts for Palantir’s U.S. government vertical, as a senior strategic advisor to support its AI and data-driven solutions for the public sector."
2025-02-24,https://www.freep.com/story/money/business/michigan/2025/02/24/free-people-womens-clothing-retailer-will-open-a-store-in-detroit/80066434007/,Detroit Free Press,Adrienne Roberts,Bohemian women's clothing retailer Free People to open a store in downtown Detroit,"Free People, a bohemian women's clothing retailer owned by Urban Outfitters Inc., is opening a new store at 1425 Woodward Ave. in downtown Detroit, in the former Busted Bra Shop location. This new store joins other recently announced retailers in the area, including Gardner White and an Apple Store, signaling continued retail development in downtown Detroit. Free People also has two other Michigan locations, in Troy and Grand Rapids.","Free People, a bohemian women's clothing retailer owned by Urban Outfitters Inc., is opening a new store at 1425 Woodward Ave. in downtown Detroit, in the former Busted Bra Shop location. This new store joins other recently announced retailers in the area, including Gardner White and an Apple Store, signaling continued retail development in downtown Detroit. Free People also has two other Michigan locations, in Troy and Grand Rapids."
2025-02-24,https://cronkitenews.azpbs.org/2025/02/24/apple-chips-investment-tsmc-factory-phoenix-trump-credits-tariffs/,Cronkite News,Matthew DeWees,Apple’s $500B US expansion includes chips from TSMC Phoenix,"Apple pledged $500 billion for US expansion, including sourcing chips from TSMC's Phoenix factory, where mass production began recently. This investment is set to create 20,000 new US jobs and expand manufacturing and data centers across several states. Former President Trump and the Biden administration both claim credit for stimulating domestic chip production, with Trump citing tariffs and Biden highlighting the CHIPS and Science Act.","Apple pledged $500 billion for US expansion, including sourcing chips from TSMC's Phoenix factory, where mass production began recently. This investment is set to create 20,000 new US jobs and expand manufacturing and data centers across several states. Former President Trump and the Biden administration both claim credit for stimulating domestic chip production, with Trump citing tariffs and Biden highlighting the CHIPS and Science Act."
2025-02-24,https://www.prnewswire.com/news-releases/socket-mobile-announces-industrial-scanning-solutions-for-iphone-16e-302383125.html,PR Newswire,,Socket Mobile Announces Industrial Scanning Solutions for iPhone 16e,"Socket Mobile announced that its industrial scanning solutions, XtremeScan and DuraSled, are compatible with the new iPhone 16e, a durable and cost-effective device ideal for industrial environments. These solutions provide integrated 1D/2D barcode scanning capabilities, transforming the iPhone 16e into a powerful data capture tool for sectors like warehousing, logistics, and manufacturing. The compatibility ensures businesses can leverage the iPhone's iOS interface with Socket Mobile's robust scanning technology, supported by their CaptureSDK.","Socket Mobile announced that its industrial scanning solutions, XtremeScan and DuraSled, are compatible with the new iPhone 16e, a durable and cost-effective device ideal for industrial environments. These solutions provide integrated 1D/2D barcode scanning capabilities, transforming the iPhone 16e into a powerful data capture tool for sectors like warehousing, logistics, and manufacturing. The compatibility ensures businesses can leverage the iPhone's iOS interface with Socket Mobile's robust scanning technology, supported by their CaptureSDK."
2025-02-24,https://www.barrons.com/articles/stock-market-movers-becedd20?gaa_at=eafs&gaa_n=AWEtsqdUpGJAbOklBMk7T6ge5D15qv2Sb3PGDtro2nG-UMjhfp-kcsKloma5&gaa_ts=69993fb9&gaa_sig=tGGRcW8nwXC4mkTFfLETP4TF_qMJH5YyLimX8fD9P2E4knXGwSWsBXLYuKJzEoo4CrPK-oE_URx87UY9dg4W7g%3D%3D,Barron's,"Joe Woelfel, Mackenzie Tatananni and Connor Smith","Palantir, Super Micro, Nvidia, Alibaba, Berkshire Hathaway, Rivian, Apple, and More Stock Movers","A slide in technology stocks pulled down the S&P 500 on Monday, with the Nasdaq Composite dropping 1.2%. This decline followed a report that Microsoft had cancelled data-center leases, leading to a broader sell-off in the tech sector. Key movers included Palantir, Super Micro, Nvidia, Alibaba, Berkshire Hathaway, Rivian, and Apple.","A slide in technology stocks pulled down the S&P 500 on Monday, with the Nasdaq Composite dropping 1.2%. This decline followed a report that Microsoft had cancelled data-center leases, leading to a broader sell-off in the tech sector. Key movers included Palantir, Super Micro, Nvidia, Alibaba, Berkshire Hathaway, Rivian, and Apple."
2025-02-24,https://www.business-standard.com/markets/news/quality-power-drops-10-on-mkt-debut-mirae-asset-mf-launches-two-etfs-125022401341_1.html,Business Standard,BS Reporter,Quality Power drops 10% on mkt debut; Mirae Asset MF launches two ETFs,"Shares of Quality Power Electrical Equipments fell nearly 10 percent on its market debut, closing at ₹384, down from its issue price of ₹425. The company's ₹634 crore IPO had been subscribed 1.3 times. Separately, Mirae Asset Mutual Fund launched two new Exchange Traded Funds (ETFs), the BSE Select IPO ETF and the BSE 200 Equal Weight ETF, along with corresponding fund of funds to invest in them.","Shares of Quality Power Electrical Equipments fell nearly 10 percent on its market debut, closing at ₹384, down from its issue price of ₹425. The company's ₹634 crore IPO had been subscribed 1.3 times. Separately, Mirae Asset Mutual Fund launched two new Exchange Traded Funds (ETFs), the BSE Select IPO ETF and the BSE 200 Equal Weight ETF, along with corresponding fund of funds to invest in them."
2025-02-24,https://www.manufacturingdive.com/news/apple-to-invest-more-than-500-billion-us-manufacturing-houston-detroit/740750/,Manufacturing Dive,Nathan Owens,Apple to invest more than $500B in US manufacturing,"Apple Inc. announced a significant investment of over $500 billion into U.S. manufacturing over the next four years, aiming to boost domestic job creation and manufacturing capabilities. This commitment includes opening a new server facility in Houston by 2026 for its AI systems, doubling its U.S. Advanced Manufacturing Fund to $10 billion, and establishing a training academy in Detroit. The move, seen by some as a response to potential tariffs and a win for the current administration, will also expand Apple's data center capacity and support silicon engineering.","Apple Inc. announced a significant investment of over $500 billion into U.S. manufacturing over the next four years, aiming to boost domestic job creation and manufacturing capabilities. This commitment includes opening a new server facility in Houston by 2026 for its AI systems, doubling its U.S. Advanced Manufacturing Fund to $10 billion, and establishing a training academy in Detroit. The move, seen by some as a response to potential tariffs and a win for the current administration, will also expand Apple's data center capacity and support silicon engineering."
2025-02-24,https://www.direxion.com/xchange/berkshires-earnings-diamond-hands-or-paper-hands,Direxion,,Berkshire’s Earnings: Diamond Hands or Paper Hands?,"This article examines the upcoming Berkshire Hathaway earnings report in late February, outlining both bullish and bearish catalysts for its stock (BRK.B). It highlights Berkshire's strategic investments, record cash reserves, and strong operating businesses as bullish factors, while portfolio reductions in Apple and Bank of America, legal challenges, and leadership transition uncertainty are identified as bearish concerns. The article emphasizes Berkshire's role as a diversified, non-tech investment with exposure to financials, energy, and industrials, suggesting that the earnings call will provide critical insights into its future direction.","This article examines the upcoming Berkshire Hathaway earnings report in late February, outlining both bullish and bearish catalysts for its stock (BRK.B). It highlights Berkshire's strategic investments, record cash reserves, and strong operating businesses as bullish factors, while portfolio reductions in Apple and Bank of America, legal challenges, and leadership transition uncertainty are identified as bearish concerns. The article emphasizes Berkshire's role as a diversified, non-tech investment with exposure to financials, energy, and industrials, suggesting that the earnings call will provide critical insights into its future direction."
2025-02-22,https://www.marketbeat.com/stocks/BATS/FYEE/ratings/,MarketBeat,MarketBeat.com Staff,Fidelity Yield Enhanced Equity ETF Review and Aggregate Rating (FYEE),"MarketBeat has provided a review and aggregate rating for the Fidelity Yield Enhanced Equity ETF (FYEE). Based on analyst ratings for its 24 top holdings, FYEE has an aggregate rating of ""Moderate Buy"" and an aggregate price target of $28.80. The article details the consensus ratings and price targets for the ETF's main components, highlighting key companies like NVIDIA, Apple, and Microsoft.","MarketBeat has provided a review and aggregate rating for the Fidelity Yield Enhanced Equity ETF (FYEE). Based on analyst ratings for its 24 top holdings, FYEE has an aggregate rating of ""Moderate Buy"" and an aggregate price target of $28.80. The article details the consensus ratings and price targets for the ETF's main components, highlighting key companies like NVIDIA, Apple, and Microsoft."
2025-02-22,https://www.marketbeat.com/stocks/BATS/FHEQ/ratings/,MarketBeat,,Fidelity Hedged Equity ETF Review and Aggregate Rating (FHEQ),"This article provides a review and aggregate rating for the Fidelity Hedged Equity ETF (FHEQ), indicating a ""Moderate Buy"" rating based on analyst consensus. It details how MarketBeat calculates this rating and price target by analyzing the weight of each stock in the ETF's portfolio, using analyst ratings from the past year. The article also lists the top 24 holdings of FHEQ, along with their individual analyst ratings, consensus price targets, and potential upside.","This article provides a review and aggregate rating for the Fidelity Hedged Equity ETF (FHEQ), indicating a ""Moderate Buy"" rating based on analyst consensus. It details how MarketBeat calculates this rating and price target by analyzing the weight of each stock in the ETF's portfolio, using analyst ratings from the past year. The article also lists the top 24 holdings of FHEQ, along with their individual analyst ratings, consensus price targets, and potential upside."
2025-02-21,https://www.quiverquant.com/etf/YOKE%20Core%20ETF,Quiver Quantitative,,YOKE Core ETF Holdings,"This article details the holdings of the YOKE Core ETF, established on February 21, 2025. YOKE is an actively managed fund with $229.66 million in assets under management and 52 holdings, focusing on total market equity through dynamic tactical allocation. The fund employs strategies centered on momentum, quality, and risk sentiment, and the article lists its primary holdings including major companies like Alphabet, NVIDIA, and Apple.","This article details the holdings of the YOKE Core ETF, established on February 21, 2025. YOKE is an actively managed fund with $229.66 million in assets under management and 52 holdings, focusing on total market equity through dynamic tactical allocation. The fund employs strategies centered on momentum, quality, and risk sentiment, and the article lists its primary holdings including major companies like Alphabet, NVIDIA, and Apple."
2025-02-21,https://stocktwits.com/symbol/AAPW,Stocktwits,,"AAPW: Roundhill AAPL WeeklyPay ETF Latest Stock Price, Analysis, News and Trading Ideas","This page provides an overview of the Roundhill AAPL WeeklyPay ETF (AAPW), including its latest stock price, key financial metrics like 52-week high/low, and daily trading volume. It also offers sections for news, sentiment analysis, fundamentals, and community discussions related to AAPW, though much of this content appears to be dynamically loaded or unavailable. A sentiment poll regarding memory stocks is also featured.","This page provides an overview of the Roundhill AAPL WeeklyPay ETF (AAPW), including its latest stock price, key financial metrics like 52-week high/low, and daily trading volume. It also offers sections for news, sentiment analysis, fundamentals, and community discussions related to AAPW, though much of this content appears to be dynamically loaded or unavailable. A sentiment poll regarding memory stocks is also featured."
2025-02-21,https://www.manufacturingdive.com/news/cadence-q4-2024-earnings-grow-chipmakers-adopt-ai-software-intel-nvidia/740577/,Manufacturing Dive,Nathan Owens,Chip design software maker Cadence revenue skyrockets with AI demand,"Cadence Design Systems reported strong Q4 2024 revenues, up 27% to $1.36 billion, driven by surging demand for AI-driven chip design software and expanded partnerships with major chipmakers like Nvidia and Intel. Despite robust growth and a 2024 fiscal year revenue of $4.6 billion, the company's 2025 financial outlook fell below Wall Street expectations due to uncertainties in its China business amid evolving trade restrictions. Cadence expects flat growth in China for 2025 and plans to be prudent with its guidance given the market's unpredictability.","Cadence Design Systems reported strong Q4 2024 revenues, up 27% to $1.36 billion, driven by surging demand for AI-driven chip design software and expanded partnerships with major chipmakers like Nvidia and Intel. Despite robust growth and a 2024 fiscal year revenue of $4.6 billion, the company's 2025 financial outlook fell below Wall Street expectations due to uncertainties in its China business amid evolving trade restrictions. Cadence expects flat growth in China for 2025 and plans to be prudent with its guidance given the market's unpredictability."
2025-02-21,https://www.laranews.net/the-future-of-pilot-training-with-ai-flight-simulators-and-digital-training/,laranews.net,LARA Media,"Learning curves: The future of pilot training with AI, flight simulators and digital training","The article discusses the evolution of pilot training due to the global pilot shortage, emphasizing the integration of AI, flight simulators, and digital training methods. It highlights how training providers like BAA Training, Skyborne Academy, and CAE are adopting hybrid approaches, VR, AR, and data analytics to enhance learning efficiency, maintain safety standards, and address the growing demand for new pilots while ensuring competency in both automated and manual flight skills. Regulators like the UK CAA and FAA are closely monitoring these advancements to ensure high standards are maintained.","The article discusses the evolution of pilot training due to the global pilot shortage, emphasizing the integration of AI, flight simulators, and digital training methods. It highlights how training providers like BAA Training, Skyborne Academy, and CAE are adopting hybrid approaches, VR, AR, and data analytics to enhance learning efficiency, maintain safety standards, and address the growing demand for new pilots while ensuring competency in both automated and manual flight skills. Regulators like the UK CAA and FAA are closely monitoring these advancements to ensure high standards are maintained."
2025-02-20,https://corporateknights.com/rankings/clean-200-rankings/2025-clean-200/clean-200-list-sustainable-companies-dominate-global-economy/,Corporate Knights,CK Staff,Clean200 list shows sustainable companies on path to dominate global economy,"The 2025 Clean200 list, compiled by As You Sow and Corporate Knights, highlights 200 publicly traded companies leading the sustainable clean energy economy. Despite political attacks, these companies, including Apple, Microsoft, and Tesla, generated $2.5 trillion in sustainable revenue and outperformed fossil fuel stocks and the global benchmark MSCI ACWI since 2016. The report emphasizes that the clean energy economy is demonstrating robust growth and is on track to dominate the global economy.","The 2025 Clean200 list, compiled by As You Sow and Corporate Knights, highlights 200 publicly traded companies leading the sustainable clean energy economy. Despite political attacks, these companies, including Apple, Microsoft, and Tesla, generated $2.5 trillion in sustainable revenue and outperformed fossil fuel stocks and the global benchmark MSCI ACWI since 2016. The report emphasizes that the clean energy economy is demonstrating robust growth and is on track to dominate the global economy."
2025-02-19,https://www.tradingview.com/symbols/CBOE-AAPW/,TradingView,,AAPW Stock Fund Price and Chart — CBOE:AAPW,"The article provides a detailed overview of the Roundhill AAPL WeeklyPay ETF (AAPW), highlighting its price performance, key statistics like assets under management and dividend yield, and investment strategy. AAPW aims to offer weekly income and leveraged exposure (120%) to AAPL stock, emphasizing its short-term tactical nature and associated risks due to lack of diversification and leverage. It also includes frequently asked questions about ETFs, AAPW's specific metrics, and technical analysis.","The article provides a detailed overview of the Roundhill AAPL WeeklyPay ETF (AAPW), highlighting its price performance, key statistics like assets under management and dividend yield, and investment strategy. AAPW aims to offer weekly income and leveraged exposure (120%) to AAPL stock, emphasizing its short-term tactical nature and associated risks due to lack of diversification and leverage. It also includes frequently asked questions about ETFs, AAPW's specific metrics, and technical analysis."
2025-02-19,https://www.benzinga.com/tech/25/02/43810048/mark-zuckerberg-offloads-meta-shares-worth-14-4-million-in-february,Benzinga,Rounak Jain,Mark Zuckerberg Offloads Meta Shares Worth $14.4 Million In February,"Mark Zuckerberg sold 17,855 shares of Meta Platforms Inc. Class A common stock worth approximately $14.4 million on February 14, at prices between $726.68 and $740.71. These transactions were executed under a pre-established trading plan and follow previous sales in late December 2024. Despite these sales, Meta demonstrates strong financial health with a high gross profit margin and increased quarterly dividends.","Mark Zuckerberg sold 17,855 shares of Meta Platforms Inc. Class A common stock worth approximately $14.4 million on February 14, at prices between $726.68 and $740.71. These transactions were executed under a pre-established trading plan and follow previous sales in late December 2024. Despite these sales, Meta demonstrates strong financial health with a high gross profit margin and increased quarterly dividends."
2025-02-19,https://www.tradingview.com/news/zacks:d35e2500c094b:0-what-s-behind-the-surge-in-chinese-tech-stocks-etfs/,TradingView,,What's Behind the Surge in Chinese Tech Stocks & ETFs?,"Chinese tech stocks and ETFs are experiencing a significant surge, with the Hang Seng Tech Index up 30% year-to-date, driven by breakthroughs like DeepSeek's AI and the end of Beijing's regulatory crackdown. Alibaba's stock has notably risen over 50% due to an AI partnership with Apple, while Goldman Sachs projects substantial earnings growth and inflows. Despite risks, compelling valuations are attracting foreign investors, leading to optimism about the sector's continued rally.","Chinese tech stocks and ETFs are experiencing a significant surge, with the Hang Seng Tech Index up 30% year-to-date, driven by breakthroughs like DeepSeek's AI and the end of Beijing's regulatory crackdown. Alibaba's stock has notably risen over 50% due to an AI partnership with Apple, while Goldman Sachs projects substantial earnings growth and inflows. Despite risks, compelling valuations are attracting foreign investors, leading to optimism about the sector's continued rally."
2025-02-19,https://etfdb.com/news/2025/02/19/5-leveraged-weekly-income-etfs-roundhill/,ETF Database,Karrie Gordon,Roundhill Launches 5 Leveraged Weekly Income ETFs,"Roundhill Investments has launched five new WeeklyPay ETFs (NVW, TSW, AAPW, COIW, PLTW) on the Cboe Exchange, offering weekly distributions and leveraged exposure to specific single stocks like Nvidia, Tesla, and Apple. These actively managed funds aim to generate 1.2 times the weekly returns of their underlying companies, providing income-focused investors with amplified returns and potential tax advantages through return of capital distributions. This innovation expands Roundhill's portfolio of weekly income strategies, with plans for additional leveraged WeeklyPay ETFs covering other major companies.","Roundhill Investments has launched five new WeeklyPay ETFs (NVW, TSW, AAPW, COIW, PLTW) on the Cboe Exchange, offering weekly distributions and leveraged exposure to specific single stocks like Nvidia, Tesla, and Apple. These actively managed funds aim to generate 1.2 times the weekly returns of their underlying companies, providing income-focused investors with amplified returns and potential tax advantages through return of capital distributions. This innovation expands Roundhill's portfolio of weekly income strategies, with plans for additional leveraged WeeklyPay ETFs covering other major companies."
2025-02-19,https://www.businesswire.com/news/home/20250219350842/en/Get-iPhone-16e-on-Us-at-T-Mobile-and-Metro-by-T-Mobile,Business Wire,,Get iPhone 16e on Us at T-Mobile and Metro by T-Mobile,"T-Mobile and Metro by T-Mobile are offering the new iPhone 16e, a more affordable member of the iPhone 16 family, featuring breakthrough battery life, the A18 chip, Apple Intelligence, and a 48MP camera system. Customers can pre-order the iPhone 16e starting February 21, with availability beginning February 28, and take advantage of various deals to get the device ""on Us"" or with significant discounts, particularly when trading in eligible devices or adding new lines. These promotions extend to both consumer and business customers, along with benefits such as streaming bundles and international roaming.","T-Mobile and Metro by T-Mobile are offering the new iPhone 16e, a more affordable member of the iPhone 16 family, featuring breakthrough battery life, the A18 chip, Apple Intelligence, and a 48MP camera system. Customers can pre-order the iPhone 16e starting February 21, with availability beginning February 28, and take advantage of various deals to get the device ""on Us"" or with significant discounts, particularly when trading in eligible devices or adding new lines. These promotions extend to both consumer and business customers, along with benefits such as streaming bundles and international roaming."
2025-02-19,https://alabamanewscenter.com/2025/02/19/between-the-lines-alabama-power-honors-black-history-by-investing-in-black-futures/,Alabama News Center,Anthony Cook,Between the Lines: Alabama Power invests in Black futures through its support of HBCUs,"Alabama Power and its parent company, Southern Company, actively support Historically Black Colleges and Universities (HBCUs) through various initiatives. This includes significant financial grants, partnerships for workforce development, and programs like the AABE (American Association of Blacks in Energy) HBCU Energy Hackathon. The company's efforts aim to enhance educational opportunities, foster economic development, and develop future Black leaders.","Alabama Power and its parent company, Southern Company, actively support Historically Black Colleges and Universities (HBCUs) through various initiatives. This includes significant financial grants, partnerships for workforce development, and programs like the AABE (American Association of Blacks in Energy) HBCU Energy Hackathon. The company's efforts aim to enhance educational opportunities, foster economic development, and develop future Black leaders."
2025-02-19,https://www.nasdaq.com/articles/better-high-yield-monthly-dividend-stock-realty-income-vs-ltc-properties,Nasdaq,Reuben Gregg Brewer,Better High Yield Monthly Dividend Stock: Realty Income vs LTC Properties,"This article compares two monthly dividend-paying REITs, LTC Properties (LTC) and Realty Income (O), for investors seeking high yield. While LTC Properties offers a higher current yield, Realty Income stands out for its consistent dividend growth over 30 years. The author suggests Realty Income is generally the better choice for most investors due to its dividend growth potential, despite LTC's higher initial yield.","This article compares two monthly dividend-paying REITs, LTC Properties (LTC) and Realty Income (O), for investors seeking high yield. While LTC Properties offers a higher current yield, Realty Income stands out for its consistent dividend growth over 30 years. The author suggests Realty Income is generally the better choice for most investors due to its dividend growth potential, despite LTC's higher initial yield."
2025-02-19,https://www.theglobeandmail.com/business/article-americas-biggest-oil-producers-adjust-to-a-new-reality-in-the-gulf-of/,The Globe and Mail,Jeffrey Jones,America’s biggest oil producers adjust to a new reality in the Gulf of Whatever,"Major U.S. oil producers like Occidental Petroleum and Chevron are adapting to President Trump's renaming of the Gulf of Mexico to the ""Gulf of America,"" impacting their investor communications and day-to-day operations. This change reflects Trump's broader agenda for corporate alignment and energy dominance, even as tech companies and news organizations navigate the new nomenclature with varying approaches. Despite the administration's skepticism towards green initiatives, Occidental continues progress on large-scale carbon capture projects, leveraging their potential for enhanced oil recovery and energy independence.","Major U.S. oil producers like Occidental Petroleum and Chevron are adapting to President Trump's renaming of the Gulf of Mexico to the ""Gulf of America,"" impacting their investor communications and day-to-day operations. This change reflects Trump's broader agenda for corporate alignment and energy dominance, even as tech companies and news organizations navigate the new nomenclature with varying approaches. Despite the administration's skepticism towards green initiatives, Occidental continues progress on large-scale carbon capture projects, leveraging their potential for enhanced oil recovery and energy independence."
2025-02-19,https://finance.yahoo.com/news/microled-display-market-surpass-usd-142100948.html,Yahoo Finance,SNS Insider pvt ltd,"MicroLED Display Market to Surpass USD 18.53 Billion by 2032, at a CAGR of 57.4% | SNS Insider","The MicroLED Display Market is projected to grow significantly, reaching USD 18.53 billion by 2032 with a CAGR of 57.4% from 2024. This growth is driven by increasing demand for high-brightness, energy-efficient displays in consumer electronics, automotive, and AR/VR applications, coupled with advancements in manufacturing and falling material prices. North America currently leads the market, while the Asia Pacific region is expected to experience the fastest growth.","The MicroLED Display Market is projected to grow significantly, reaching USD 18.53 billion by 2032 with a CAGR of 57.4% from 2024. This growth is driven by increasing demand for high-brightness, energy-efficient displays in consumer electronics, automotive, and AR/VR applications, coupled with advancements in manufacturing and falling material prices. North America currently leads the market, while the Asia Pacific region is expected to experience the fastest growth."
2025-02-19,https://www.marketingdive.com/news/cmos-reluctant-to-adopt-generative-ai-gartner/740332/,Marketing Dive,Peter Adams,27% of CMOs remain reluctant to adopt generative AI: Gartner,"A Gartner report reveals that 27% of Chief Marketing Officers (CMOs) show limited or no adoption of generative AI, despite its potential benefits. While high-performing marketing organizations are integrating generative AI into creative and strategy development, many CMOs question the return on investment. The report highlights that tech laggards risk falling behind their more technologically progressive counterparts.","A Gartner report reveals that 27% of Chief Marketing Officers (CMOs) show limited or no adoption of generative AI, despite its potential benefits. While high-performing marketing organizations are integrating generative AI into creative and strategy development, many CMOs question the return on investment. The report highlights that tech laggards risk falling behind their more technologically progressive counterparts."
2025-02-19,https://www.quiverquant.com/etf/Abacus%20FCF%20Leaders%20ETF,Quiver Quantitative,,Abacus FCF Leaders ETF Holdings,"This article details the holdings and recent changes in the Abacus FCF Leaders ETF (ABFL). Established in 2016, ABFL focuses on total market equity, selecting high-conviction portfolios based on strong free cash flow return from invested capital, with holdings weighted by FCF-ROIC and market capitalization. The ETF currently manages $545.03 million in assets across 59 holdings, with NVIDIA Corp, Apple Inc, and Broadcom Inc being its top three positions.","This article details the holdings and recent changes in the Abacus FCF Leaders ETF (ABFL). Established in 2016, ABFL focuses on total market equity, selecting high-conviction portfolios based on strong free cash flow return from invested capital, with holdings weighted by FCF-ROIC and market capitalization. The ETF currently manages $545.03 million in assets across 59 holdings, with NVIDIA Corp, Apple Inc, and Broadcom Inc being its top three positions."
2025-02-18,https://m.economictimes.com/news/international/us/want-to-be-a-millionaire-by-2040-heres-how-200k-today-could-grow-to-1-million-tomorrow-with-this-blackrock-tech-etf/articleshow/118361282.cms,The Economic Times,,Want to be a millionaire by 2040? Here's how $200K today could grow to $1 million tomorrow with this BlackRock Tech ETF,"BlackRock's iShares Expanded Tech Sector ETF (ETN) offers a potential path to turn $200,000 into $1 million by 2040, primarily by investing in major technology companies with strong AI exposure like Meta, Apple, Nvidia, and Microsoft. The ETF has shown impressive historical returns, averaging 11% yearly since 2001 and 20.3% over the last decade, far outpacing the S&P 500. However, investors are advised to diversify their portfolios due to potential risks if AI growth fails to meet expectations.","BlackRock's iShares Expanded Tech Sector ETF (ETN) offers a potential path to turn $200,000 into $1 million by 2040, primarily by investing in major technology companies with strong AI exposure like Meta, Apple, Nvidia, and Microsoft. The ETF has shown impressive historical returns, averaging 11% yearly since 2001 and 20.3% over the last decade, far outpacing the S&P 500. However, investors are advised to diversify their portfolios due to potential risks if AI growth fails to meet expectations."
2025-02-18,https://www.tradingview.com/symbols/CBOE-AAPW/analysis/,TradingView,,"AAPW ETF Analysis: Dividends, Returns CBOE:AAPW","The Roundhill AAPL WeeklyPay ETF (AAPW) aims to provide weekly income and enhanced exposure to Apple (AAPL) stock's weekly price performance, using total return swap agreements and AAPL common stock to achieve approximately 120% of AAPL's weekly return. It pays weekly dividends, with a current yield of 34.83%, and primarily holds US Treasury Bills and a lesser amount of Apple Inc. stock. The ETF is designed as a short-term tactical tool for investors with high-risk tolerance due to its leveraged, undiversified strategy.","The Roundhill AAPL WeeklyPay ETF (AAPW) aims to provide weekly income and enhanced exposure to Apple (AAPL) stock's weekly price performance, using total return swap agreements and AAPL common stock to achieve approximately 120% of AAPL's weekly return. It pays weekly dividends, with a current yield of 34.83%, and primarily holds US Treasury Bills and a lesser amount of Apple Inc. stock. The ETF is designed as a short-term tactical tool for investors with high-risk tolerance due to its leveraged, undiversified strategy."
2025-02-18,https://adage.com/article/agency-news/creativity-debate-holding-companies-vs-independents-media-and-tech-impact/2602671/,Ad Age,"Brian Bonilla, Lindsay Rittenhouse, Ewan Larkin",Inside the creativity debate—how the rise of media and tech is redefining success,"The article discusses the evolving definition of success in the creative industry, influenced by the rise of media and technology. It highlights how iconic ads, like Apple's ""1984,"" have historically challenged norms using technology, a trend that continues to shape the industry today. The piece appears to be part of a larger ""creativity debate"" touching on holding companies versus independent agencies and the impact of AI.","The article discusses the evolving definition of success in the creative industry, influenced by the rise of media and technology. It highlights how iconic ads, like Apple's ""1984,"" have historically challenged norms using technology, a trend that continues to shape the industry today. The piece appears to be part of a larger ""creativity debate"" touching on holding companies versus independent agencies and the impact of AI."
2025-02-18,https://news.satnews.com/2025/02/18/forresters-digest-globalstars-plans-emerge/,SatNews Publishers,,Forrester’s Digest: Globalstar’s plans emerge,"Globalstar has ordered 50 satellites from MDA Space, costing C$1.1 billion, for its new 48-satellite Low Earth orbiting C-3 System, largely funded by Apple. This system, complementing its Gen3 satellites, will serve the U.S. market with enhanced signal technology and will include about 90 new Earth station antennas globally. Separately, the French regulatory authority has filed with the ITU for an 8,834-satellite system, AST-NG-C-4, which includes Globalstar's frequencies and is linked to CCC Communication Holdings France, an entity managed by an Apple Inc. director.","Globalstar has ordered 50 satellites from MDA Space, costing C$1.1 billion, for its new 48-satellite Low Earth orbiting C-3 System, largely funded by Apple. This system, complementing its Gen3 satellites, will serve the U.S. market with enhanced signal technology and will include about 90 new Earth station antennas globally. Separately, the French regulatory authority has filed with the ITU for an 8,834-satellite system, AST-NG-C-4, which includes Globalstar's frequencies and is linked to CCC Communication Holdings France, an entity managed by an Apple Inc. director."
2025-02-17,https://invezz.com/news/2025/02/17/jepq-vs-jepi-are-these-boomer-candy-etfs-good-buys-in-2025/,Invezz,Crispus Nyaga,JEPQ vs JEPI: Are these boomer candy ETFs good buys in 2025?,"The article compares the JPMorgan Equity Premium Income ETF (JEPI) and the JPMorgan Nasdaq Equity Premium Income ETF (JEPQ), which are known for their high dividend yields. While these ETFs offer attractive monthly income, their total returns have historically underperformed passive S&P 500 and Nasdaq 100 index funds. The author suggests that for long-term investors, the vanilla S&P 500 and Nasdaq 100 indices remain superior due to their better historical total returns despite lower yields.","The article compares the JPMorgan Equity Premium Income ETF (JEPI) and the JPMorgan Nasdaq Equity Premium Income ETF (JEPQ), which are known for their high dividend yields. While these ETFs offer attractive monthly income, their total returns have historically underperformed passive S&P 500 and Nasdaq 100 index funds. The author suggests that for long-term investors, the vanilla S&P 500 and Nasdaq 100 indices remain superior due to their better historical total returns despite lower yields."
2025-02-17,https://www.theglobeandmail.com/investing/markets/markets-news/Motley%20Fool/30963180/2-high-powered-etfs-that-have-doubled-in-5-years-heres-why-its-not-too-late-to-invest/,The Globe and Mail,Motley Fool,2 High-Powered ETFs That Have Doubled in 5 Years. Here's Why It's Not Too Late to Invest.,"This article highlights two growth-focused ETFs, the iShares Russell 1000 Growth ETF (IWF) and the Schwab U.S. Large-Cap Growth ETF (SCHG), both of which have doubled in value over the past five years. It explains why these ETFs, concentrating on large and mid-cap growth stocks, particularly in tech and consumer discretionary sectors, remain attractive investments. The article suggests that despite past gains, continued growth in areas like AI and strong underlying companies make them suitable for long-term investors.","This article highlights two growth-focused ETFs, the iShares Russell 1000 Growth ETF (IWF) and the Schwab U.S. Large-Cap Growth ETF (SCHG), both of which have doubled in value over the past five years. It explains why these ETFs, concentrating on large and mid-cap growth stocks, particularly in tech and consumer discretionary sectors, remain attractive investments. The article suggests that despite past gains, continued growth in areas like AI and strong underlying companies make them suitable for long-term investors."
2025-02-15,https://www.webull.com/quote/bats-aapw,Webull,,"Experience real-time quotes, in-depth charts, and analyst ratings","This page provides detailed financial information for AAPW (Roundhill AAPL WeeklyPay ETF), including real-time stock quotes, performance data, and recent news. It highlights key metrics like opening and closing prices, 52-week highs and lows, volume, total assets, and YTD yield. The page also lists weekly reports and specific distribution announcements for the ETF, alongside important disclosures regarding trading risks and account protection offered by Webull Financial LLC.","This page provides detailed financial information for AAPW (Roundhill AAPL WeeklyPay ETF), including real-time stock quotes, performance data, and recent news. It highlights key metrics like opening and closing prices, 52-week highs and lows, volume, total assets, and YTD yield. The page also lists weekly reports and specific distribution announcements for the ETF, alongside important disclosures regarding trading risks and account protection offered by Webull Financial LLC."
2025-02-14,https://www.insidermonkey.com/blog/western-digital-corporation-wdc-among-the-cheap-technology-stocks-to-buy-according-to-analysts-1453186/,Insider Monkey,Maham Fatima,Western Digital Corporation (WDC): Among the Cheap Technology Stocks to Buy According to Analysts,"Western Digital Corporation (WDC) is highlighted as a cheap technology stock to buy, driven by analyst expectations of significant revenue growth fueled by increasing data storage demand, AI, and autonomous driving advancements. Wells Fargo reiterated a Buy rating with an $85 price target, projecting a total addressable market growth from $65 billion in 2024 to $100 billion by 2030. The company's HDD business is thriving, with record shipments and gross margins, and some hedge funds believe its earnings potential is underestimated due to AI growth and attractive valuation.","Western Digital Corporation (WDC) is highlighted as a cheap technology stock to buy, driven by analyst expectations of significant revenue growth fueled by increasing data storage demand, AI, and autonomous driving advancements. Wells Fargo reiterated a Buy rating with an $85 price target, projecting a total addressable market growth from $65 billion in 2024 to $100 billion by 2030. The company's HDD business is thriving, with record shipments and gross margins, and some hedge funds believe its earnings potential is underestimated due to AI growth and attractive valuation."
2025-02-14,https://www.stocktitan.net/news/JTAI/fly-exclusive-reaches-definitive-agreement-to-acquire-jet-ai-nefohwae3jir.html,Stock Titan,NULL,Major Aviation Merger: flyExclusive's $22M Strategic Takeover Reshapes Private Charter Market,"flyExclusive (NYSE: FLYX) is set to acquire Jet.AI's (NASDAQ: JTAI) aviation business for $12-22 million in an all-stock deal, transforming Jet.AI into a pure-play AI company. The transaction, expected to close in Q2 2025, involves spinning off Jet.AI's charter business into a new entity which flyExclusive will then acquire, while Jet.AI shareholders will retain their stock and receive new flyExclusive shares. This strategic move aims to provide flyExclusive with growth capital and enhanced shareholder liquidity, leveraging synergies between the two companies.","flyExclusive (NYSE: FLYX) is set to acquire Jet.AI's (NASDAQ: JTAI) aviation business for $12-22 million in an all-stock deal, transforming Jet.AI into a pure-play AI company. The transaction, expected to close in Q2 2025, involves spinning off Jet.AI's charter business into a new entity which flyExclusive will then acquire, while Jet.AI shareholders will retain their stock and receive new flyExclusive shares. This strategic move aims to provide flyExclusive with growth capital and enhanced shareholder liquidity, leveraging synergies between the two companies."
2025-02-14,https://siliconangle.com/2025/02/14/five-thoughts-ciscos-second-quarter-earnings/,SiliconANGLE,Zeus Kerravala,Five thoughts from Cisco’s second-quarter earnings,"Cisco Systems Inc. reported a strong fiscal second quarter, with its stock trading at an all-time high. Key takeaways include the significant growth in security product orders, the successful implementation of a ""platform effect"" strategy championed by CPO Jeetu Patel, and the increasing role of AI as a catalyst for growth within Cisco's product lines. The acquisition of Splunk is proving valuable beyond just revenue, integrating deeply across Cisco's offerings, though the company's valuation still reflects its hardware roots despite strong software metrics.","Cisco Systems Inc. reported a strong fiscal second quarter, with its stock trading at an all-time high. Key takeaways include the significant growth in security product orders, the successful implementation of a ""platform effect"" strategy championed by CPO Jeetu Patel, and the increasing role of AI as a catalyst for growth within Cisco's product lines. The acquisition of Splunk is proving valuable beyond just revenue, integrating deeply across Cisco's offerings, though the company's valuation still reflects its hardware roots despite strong software metrics."
2025-02-13,https://seekingalpha.com/article/4758245-corsair-gaming-q4-earnings-sales-outlook-strong-margins-remain-concern,Seeking Alpha,Caffital Research,Corsair Gaming Stock: Q4 Earnings Sales Outlook Strong Margins Remain Concern (CRSR),"Corsair Gaming's Q4 results surpassed Wall Street expectations, driven by strong peripheral sales and stabilizing component sales. The company anticipates significant revenue growth in 2025 due to new product launches and collaborations, yet concerns persist regarding thin profit margins. An estimated fair value for Corsair stock stands at $8.97.","Corsair Gaming's Q4 results surpassed Wall Street expectations, driven by strong peripheral sales and stabilizing component sales. The company anticipates significant revenue growth in 2025 due to new product launches and collaborations, yet concerns persist regarding thin profit margins. An estimated fair value for Corsair stock stands at $8.97."
2025-02-13,https://www.marketwatch.com/story/arm-may-be-on-the-verge-of-a-big-strategic-shift-competing-with-its-customers-99c4d2f3?gaa_at=eafs&gaa_n=AWEtsqcpl-mTnDyV3eAWgScCh7mdvIRaFOmWRu4hgFATx7DsVZ3UPw_QvIM9&gaa_ts=69993189&gaa_sig=DgKeonCKeaTuP3aTXmAtf7wut09xIY4JUSgsgfD8SVbsCUS5GCUUKxxBrzREZ-rYl3O2GzNiuC3qB6qovoQHgg%3D%3D,MarketWatch,Therese Poletti,Arm may be on the verge of a big strategic shift — competing with its customers,"Arm Holdings PLC is reportedly planning a major strategic shift by debuting its own chip as early as this summer, with Meta Platforms Inc. as its first customer. This move would put Arm in direct competition with its existing customers like Nvidia Corp. and Qualcomm Inc., a significant change from its traditional business model of licensing chip designs. Arm's stock jumped 6% following the report.","Arm Holdings PLC is reportedly planning a major strategic shift by debuting its own chip as early as this summer, with Meta Platforms Inc. as its first customer. This move would put Arm in direct competition with its existing customers like Nvidia Corp. and Qualcomm Inc., a significant change from its traditional business model of licensing chip designs. Arm's stock jumped 6% following the report."
2025-02-13,https://www.fool.com.au/2025/02/13/is-the-ishares-sp-500-etf-ivv-still-a-brilliant-buy-after-storming-higher/,The Motley Fool Australia,Tristan Harrison,Is the iShares S&P 500 ETF (IVV) still a brilliant buy after storming higher?,"The iShares S&P 500 ETF (IVV) has delivered impressive returns, averaging 16.1% per year over the past decade, driven by its investment in major US companies. While its current price-to-earnings ratio of 29x is high, the author believes the ETF still has a good future, despite not being a ""brilliant buy"" at its current valuation. The fund provides exposure to leading global businesses in sectors like cloud computing, AI, and e-commerce.","The iShares S&P 500 ETF (IVV) has delivered impressive returns, averaging 16.1% per year over the past decade, driven by its investment in major US companies. While its current price-to-earnings ratio of 29x is high, the author believes the ETF still has a good future, despite not being a ""brilliant buy"" at its current valuation. The fund provides exposure to leading global businesses in sectors like cloud computing, AI, and e-commerce."
2025-02-13,https://za.investing.com/news/company-news/zk-international-stock-hits-52week-low-at-201-93CH-3553685,Investing.com South Africa,Investing.com,ZK International stock hits 52-week low at $2.01 By Investing.com,"ZK International (ZKIN) stock has fallen to a new 52-week low of $2.01, reflecting a significant year-to-date decline of -48.58%. Despite the underperformance, InvestingPro's Fair Value analysis suggests the stock may be undervalued. The company has recently reported a 405% increase in gross profits, announced a 1-for-7 reverse stock split, and detailed plans for its subsidiary xSigma Corp. to launch a crypto banking wallet and integrate cryptocurrency payments into its operations.","ZK International (ZKIN) stock has fallen to a new 52-week low of $2.01, reflecting a significant year-to-date decline of -48.58%. Despite the underperformance, InvestingPro's Fair Value analysis suggests the stock may be undervalued. The company has recently reported a 405% increase in gross profits, announced a 1-for-7 reverse stock split, and detailed plans for its subsidiary xSigma Corp. to launch a crypto banking wallet and integrate cryptocurrency payments into its operations."
2025-02-13,https://jdcorporateblog.com/enhancing-valentines-day-gifting-jd-coms-three-unique-delivery-services/,JD Corporate Blog,Vivian Yang,Enhancing Valentine’s Day Gifting: JD.com’s Three Unique Delivery Services,"JD.com has launched three specialized delivery services to enhance Valentine's Day gifting: WeChat Gifting for personalized digital options, JD NOW for rapid delivery of popular items, and JD Luxury Express for premium, white-glove service. These services aim to make gift delivery efficient, personal, and memorable, catering to different consumer needs for the holiday.","JD.com has launched three specialized delivery services to enhance Valentine's Day gifting: WeChat Gifting for personalized digital options, JD NOW for rapid delivery of popular items, and JD Luxury Express for premium, white-glove service. These services aim to make gift delivery efficient, personal, and memorable, catering to different consumer needs for the holiday."
2025-02-12,https://www.adexchanger.com/publishers/dotdash-meredith-brings-its-contextual-targeting-solution-to-the-open-web/,AdExchanger,Anthony Vargas,Dotdash Meredith Brings Its Contextual Targeting Solution To The Open Web,"Dotdash Meredith is expanding its successful contextual targeting solution, D/Cipher, to include third-party inventory, launching D/Cipher+. This move, announced during its Q4 2024 earnings call, aims to capture more performance marketing budgets by offering advertisers access to lookalike, premium inventory beyond its owned sites. The original D/Cipher product significantly contributed to DDM's revenue growth after its 2021 acquisition of Meredith, proving highly effective in direct-sold deals and outperforming cookie-based targeting.","Dotdash Meredith is expanding its successful contextual targeting solution, D/Cipher, to include third-party inventory, launching D/Cipher+. This move, announced during its Q4 2024 earnings call, aims to capture more performance marketing budgets by offering advertisers access to lookalike, premium inventory beyond its owned sites. The original D/Cipher product significantly contributed to DDM's revenue growth after its 2021 acquisition of Meredith, proving highly effective in direct-sold deals and outperforming cookie-based targeting."
2025-02-12,https://qz.com/top-chip-producers-revenue-share-fab-tsmc-samsung-1851758309,Quartz,Britney Nguyen,The top 6 chip producers in the world by revenue share,"Taiwan Semiconductor Manufacturing Company (TSMC) leads the global chip foundry market with a 62% revenue share in 2024, followed by Samsung at 10%. The article details the top six chip producers by revenue, highlighting that Taiwanese companies collectively hold 70% of the total global chip foundry revenue, which reached $131.7 billion in 2024.","Taiwan Semiconductor Manufacturing Company (TSMC) leads the global chip foundry market with a 62% revenue share in 2024, followed by Samsung at 10%. The article details the top six chip producers by revenue, highlighting that Taiwanese companies collectively hold 70% of the total global chip foundry revenue, which reached $131.7 billion in 2024."
2025-02-11,https://finance.yahoo.com/news/wearable-technology-market-grow-usd-044000033.html,Yahoo Finance,,"Wearable Technology Market to Grow by USD 99.4 Billion from 2025-2029, Driven by Popularity of Wearable Payments, Report on AI Impact on Market Trends - Technavio","The global wearable technology market is predicted to grow by USD 99.4 billion between 2025 and 2029, achieving a CAGR of over 17.3%. This growth is primarily fueled by the increasing popularity of wearable devices for payments and the ongoing development of low-power electronics. However, the market faces challenges from the rising prevalence of counterfeit products.","The global wearable technology market is predicted to grow by USD 99.4 billion between 2025 and 2029, achieving a CAGR of over 17.3%. This growth is primarily fueled by the increasing popularity of wearable devices for payments and the ongoing development of low-power electronics. However, the market faces challenges from the rising prevalence of counterfeit products."
2025-02-10,https://www.investing.com/news/transcripts/earnings-call-transcript-astera-labs-q4-2024-sees-strong-growth-but-stock-dips-93CH-3860401,Investing.com,Investing.com,Earnings call transcript: Astera Labs Q4 2024 sees strong growth but stock dips,"Astera Labs (ALAB) reported record Q4 2024 revenue of $141.1 million, a 179% year-over-year increase, and EPS of $0.37, meeting analyst expectations. Despite strong financial performance and a 147% stock return over six months, shares dipped 3.79% in aftermarket trading. The company forecasts continued growth with Q1 2025 revenue guidance of $151-$155 million, driven by demand in AI and cloud infrastructure, and anticipates 2025 to be a ""breakout year.""","Astera Labs (ALAB) reported record Q4 2024 revenue of $141.1 million, a 179% year-over-year increase, and EPS of $0.37, meeting analyst expectations. Despite strong financial performance and a 147% stock return over six months, shares dipped 3.79% in aftermarket trading. The company forecasts continued growth with Q1 2025 revenue guidance of $151-$155 million, driven by demand in AI and cloud infrastructure, and anticipates 2025 to be a ""breakout year."""
2025-02-10,https://www.usatoday.com/story/money/2025/02/10/t-mobile-starlink-july-launch/78389773007/,USA Today,"Harshita Mary Varghese, Reuters","T-Mobile, Starlink to launch satellite-based connectivity in July for $15 per month","T-Mobile announced that its satellite-to-cell service, powered by SpaceX's Starlink, will launch in July for $15 per month. This service aims to eliminate mobile dead zones across 500,000 square miles of the U.S. and will initially offer text service, with voice and data features to follow. The service will be free for customers on the Go5G Next plan and available to all wireless users, including those on rival networks.","T-Mobile announced that its satellite-to-cell service, powered by SpaceX's Starlink, will launch in July for $15 per month. This service aims to eliminate mobile dead zones across 500,000 square miles of the U.S. and will initially offer text service, with voice and data features to follow. The service will be free for customers on the Go5G Next plan and available to all wireless users, including those on rival networks."
2025-02-10,https://www.theverge.com/news/609208/t-mobile-starlink-satellite-free-beta-price-launch,The Verge,Jess Weatherbed,"T-Mobile’s Starlink messaging service is now free to try, even if you aren’t on T-Mobile","T-Mobile has opened its Starlink-powered direct-to-cell satellite messaging service for free to everyone in the US, including non-T-Mobile customers, for a beta trial. Initially limited to text messages, the service aims to support some apps and limited multimedia by July, when it will cost T-Mobile users $15/month ($10 for beta participants) and other carrier users $20/month. The free trial is available on a ""rolling first-come, first-served basis"" for most smartphones from the last four years.","T-Mobile has opened its Starlink-powered direct-to-cell satellite messaging service for free to everyone in the US, including non-T-Mobile customers, for a beta trial. Initially limited to text messages, the service aims to support some apps and limited multimedia by July, when it will cost T-Mobile users $15/month ($10 for beta participants) and other carrier users $20/month. The free trial is available on a ""rolling first-come, first-served basis"" for most smartphones from the last four years."
2025-02-10,https://shoppingcenterbusiness.com/simon-unveils-plans-for-multimillion-dollar-transformation-of-smith-haven-mall-on-long-island/,Shopping Center Business,Abby Cox,Simon Unveils Plans for Multimillion-Dollar Transformation of Smith Haven Mall on Long Island,"Simon Property Group announced extensive multimillion-dollar redevelopment plans for Smith Haven Mall on Long Island, with renovations scheduled to begin this summer and conclude in 2026. The project includes interior and exterior enhancements, a new outdoor plaza, and the addition of new tenants like Zara, Golf Lounge 18, and Sur la Table, alongside existing international retailers such as Primark and Mango. This investment aims to update the mall and enhance the customer experience, further solidifying Simon's commitment to its portfolio.","Simon Property Group announced extensive multimillion-dollar redevelopment plans for Smith Haven Mall on Long Island, with renovations scheduled to begin this summer and conclude in 2026. The project includes interior and exterior enhancements, a new outdoor plaza, and the addition of new tenants like Zara, Golf Lounge 18, and Sur la Table, alongside existing international retailers such as Primark and Mango. This investment aims to update the mall and enhance the customer experience, further solidifying Simon's commitment to its portfolio."
2025-02-10,https://news-decoder.com/building-tiny-chips-that-can-handle-enormous-data/,News Decoder,Enrique Shore,Building tiny chips that can handle enormous data,"This article explores the advancements in computing, focusing on quantum computing and nanotechnology, to handle the vast data demands of AI. It highlights IBM's research into developing powerful yet energy-efficient chips that move beyond traditional binary systems, aiming for significantly increased processing power and efficiency in the near future. The piece also corrects some initial misinterpretations of IBM's complex technology, clarifying the distinct but potentially integrated roles of quantum computing and AI.","This article explores the advancements in computing, focusing on quantum computing and nanotechnology, to handle the vast data demands of AI. It highlights IBM's research into developing powerful yet energy-efficient chips that move beyond traditional binary systems, aiming for significantly increased processing power and efficiency in the near future. The piece also corrects some initial misinterpretations of IBM's complex technology, clarifying the distinct but potentially integrated roles of quantum computing and AI."
2025-02-10,https://www.theglobeandmail.com/business/article-mda-space-adds-750-million-to-globalstar-apple-satellite-deal/,The Globe and Mail,Irene Galea,MDA Space adds $750-million to Globalstar-Apple satellite deal,"MDA Space has increased its contract with Globalstar Inc., which is backed by Apple Inc., by $750-million, bringing the total value to $1.1-billion for building over 50 low Earth orbit satellites. This expansion is driven by Apple's strategic move into telecom services and its investment in satellite infrastructure, aiming to enhance satellite-based services for its users beyond emergency SOS. Despite potential U.S. tariffs on Canadian goods, MDA Space is moving forward with its plans, including building a new high-volume manufacturing facility in Montreal.","MDA Space has increased its contract with Globalstar Inc., which is backed by Apple Inc., by $750-million, bringing the total value to $1.1-billion for building over 50 low Earth orbit satellites. This expansion is driven by Apple's strategic move into telecom services and its investment in satellite infrastructure, aiming to enhance satellite-based services for its users beyond emergency SOS. Despite potential U.S. tariffs on Canadian goods, MDA Space is moving forward with its plans, including building a new high-volume manufacturing facility in Montreal."
2025-02-08,https://www.thatericalper.com/2025/02/08/111-7b-video-game-boom-5g-ai-and-mobile-gaming-are-shaping-the-future/,That Eric Alper,,"$111.7B Video Game Boom: 5G, AI, and Mobile Gaming Are Shaping the Future","The global video game market is projected to grow by $111.7 billion from 2025-2029, driven by increased smartphone penetration, improved internet access, and the rising popularity of gaming among women. Key technological advancements like 5G networks, AI, VR, and AR are enhancing gameplay and accessibility, while mobile gaming continues to dominate the market. Despite challenges such as the high cost of game development, the industry is thriving due to evolving consumer preferences and the versatility of gaming experiences.","The global video game market is projected to grow by $111.7 billion from 2025-2029, driven by increased smartphone penetration, improved internet access, and the rising popularity of gaming among women. Key technological advancements like 5G networks, AI, VR, and AR are enhancing gameplay and accessibility, while mobile gaming continues to dominate the market. Despite challenges such as the high cost of game development, the industry is thriving due to evolving consumer preferences and the versatility of gaming experiences."
2025-02-07,https://www.gurufocus.com/news/2687309/pnc-financial-services-group-inc-reduces-stake-in-wisdomtree-us-largecap-dividend-fund?mobile=true,GuruFocus,GuruFocus News,"PNC Financial Services Group, Inc. Reduces Stake in WisdomTree U","PNC Financial Services Group, Inc. reduced its stake in the WisdomTree U.S. LargeCap Dividend Fund (DLN) by 440,184 shares on December 31, 2024, decreasing its total holdings in DLN to 3,463,462 shares. This strategic move, executed at $77.79 per share, reflects an adjustment in PNC's investment portfolio and impacts its overall holdings by -0.02%. DLN, with a market cap of $4.68 billion, is currently trading above its intrinsic value, as indicated by a GF Valuation ratio of 1.17.","PNC Financial Services Group, Inc. reduced its stake in the WisdomTree U.S. LargeCap Dividend Fund (DLN) by 440,184 shares on December 31, 2024, decreasing its total holdings in DLN to 3,463,462 shares. This strategic move, executed at $77.79 per share, reflects an adjustment in PNC's investment portfolio and impacts its overall holdings by -0.02%. DLN, with a market cap of $4.68 billion, is currently trading above its intrinsic value, as indicated by a GF Valuation ratio of 1.17."
2025-02-07,https://www.gurufocus.com/news/2687145/blackrock-inc-reduces-stake-in-ishares-global-healthcare-etf?mobile=true,GuruFocus,,"BlackRock, Inc. Reduces Stake in iShares Global Healthcare ETF","BlackRock, Inc. has reduced its stake in the iShares Global Healthcare ETF (IXJ) by 4,966,172 shares, bringing its total holdings to 10,000,920 shares. This strategic adjustment reflects a reevaluation of the firm's exposure to the healthcare sector, with the transaction occurring at $91.42 per share. Despite the reduction, the ETF shows strong financial health and growth prospects, making it a potentially intriguing opportunity for value investors.","BlackRock, Inc. has reduced its stake in the iShares Global Healthcare ETF (IXJ) by 4,966,172 shares, bringing its total holdings to 10,000,920 shares. This strategic adjustment reflects a reevaluation of the firm's exposure to the healthcare sector, with the transaction occurring at $91.42 per share. Despite the reduction, the ETF shows strong financial health and growth prospects, making it a potentially intriguing opportunity for value investors."
2025-02-07,https://247wallst.com/investing/2025/02/07/3-reasons-vanguards-vgt-etf-belongs-in-your-portfolio/,24/7 Wall St.,Joey Frenette,3 Reasons Vanguard’s VGT ETF Belongs in Your Portfolio,"The Vanguard Information Technology ETF (VGT) is presented as a strong option for investors seeking aggressive tech exposure, especially in the growing AI boom. The article highlights three key advantages: its superior focus on tech compared to the Nasdaq 100, its heavy concentration in leading tech giants like Apple, Microsoft, and Nvidia, and its competitive low expense ratio of 0.09%. These factors position VGT as a viable choice for future-proofing portfolios despite concerns about an overextended AI trade.","The Vanguard Information Technology ETF (VGT) is presented as a strong option for investors seeking aggressive tech exposure, especially in the growing AI boom. The article highlights three key advantages: its superior focus on tech compared to the Nasdaq 100, its heavy concentration in leading tech giants like Apple, Microsoft, and Nvidia, and its competitive low expense ratio of 0.09%. These factors position VGT as a viable choice for future-proofing portfolios despite concerns about an overextended AI trade."
2025-02-07,https://www.gurufocus.com/news/2687295/pnc-financial-services-group-inc-reduces-stake-in-ishares-msci-intl-quality-factor-etf?mobile=true,GuruFocus,,"PNC Financial Services Group, Inc. Reduces Stake in iShares MSCI Intl Quality Factor ETF","PNC Financial Services Group, Inc. reduced its stake in the iShares MSCI Intl Quality Factor ETF (IQLT) by selling 13,971 shares at $37.12 each on December 31, 2024. Despite this reduction, PNC Financial Services Group maintains a significant holding of over 30 million IQLT shares, representing 0.72% of its portfolio. This strategic move aims to optimize its investment strategy and balance risk and return within its $149.56 billion equity portfolio.","PNC Financial Services Group, Inc. reduced its stake in the iShares MSCI Intl Quality Factor ETF (IQLT) by selling 13,971 shares at $37.12 each on December 31, 2024. Despite this reduction, PNC Financial Services Group maintains a significant holding of over 30 million IQLT shares, representing 0.72% of its portfolio. This strategic move aims to optimize its investment strategy and balance risk and return within its $149.56 billion equity portfolio."
2025-02-07,https://theedgemalaysia.com/node/743654,The Edge Malaysia,,Inari surges nearly 13% as investors bet key client Broadcom will benefit from higher orders,"Inari Amertron Bhd (KL: INARI) shares surged nearly 13% on Friday as investors speculated that its key client, Broadcom Inc, would receive increased orders due to competitor Skyworks Solutions Inc reporting reduced content in upcoming Apple smartphones. Analysts covering US markets believe Broadcom could be a beneficiary of this shift, potentially dual-sourcing components previously exclusive to Skyworks. Inari, heavily dependent on Broadcom, sees Singapore as its largest market, accounting for 88% of its group revenue, which is largely attributed to its relationship with Broadcom.","Inari Amertron Bhd (KL: INARI) shares surged nearly 13% on Friday as investors speculated that its key client, Broadcom Inc, would receive increased orders due to competitor Skyworks Solutions Inc reporting reduced content in upcoming Apple smartphones. Analysts covering US markets believe Broadcom could be a beneficiary of this shift, potentially dual-sourcing components previously exclusive to Skyworks. Inari, heavily dependent on Broadcom, sees Singapore as its largest market, accounting for 88% of its group revenue, which is largely attributed to its relationship with Broadcom."
2025-02-06,https://www.nbcconnecticut.com/news/business/money-report/how-one-etf-provider-is-trying-to-help-investors-cut-exposure-to-magnificent-7-stocks/3493984/?os&ref=app,NBC Connecticut,"Krysta Escobar, CNBC",How one ETF provider is trying to help investors cut exposure to Magnificent 7 stocks,"Astoria Portfolio Advisors CEO John Davi is offering an ETF, Astoria US Equity Weight Quality Kings ETF (ROE), to help investors diversify away from the ""Magnificent Seven"" tech stocks, which he believes are overvalued and too concentrated in the S&P 500. The ETF invests in 100 high-quality US large and mid-cap stocks with equal weighting to avoid concentration risks. Other ETF options with quality filters are also available for investors seeking diversification.","Astoria Portfolio Advisors CEO John Davi is offering an ETF, Astoria US Equity Weight Quality Kings ETF (ROE), to help investors diversify away from the ""Magnificent Seven"" tech stocks, which he believes are overvalued and too concentrated in the S&P 500. The ETF invests in 100 high-quality US large and mid-cap stocks with equal weighting to avoid concentration risks. Other ETF options with quality filters are also available for investors seeking diversification."
2025-02-06,https://www.cnbc.com/2025/02/06/calvin-klein-owner-pvh-blacklisted-in-china.html,CNBC,Gabrielle Fonrouge,How Calvin Klein and Tommy Hilfiger got caught in Trump's trade war with China,"The owner of Calvin Klein and Tommy Hilfiger, PVH Corp., has been placed on China's ""unreliable entities"" list, a direct consequence of President Donald Trump's new tariffs on Chinese imports. This blacklisting could compel PVH to shut down its stores and manufacturing operations in China, despite the company's long-standing presence and significant manufacturing footprint in the region. Experts suggest that China is using PVH as a high-visibility example and a bargaining chip in its trade dispute with the U.S.","The owner of Calvin Klein and Tommy Hilfiger, PVH Corp., has been placed on China's ""unreliable entities"" list, a direct consequence of President Donald Trump's new tariffs on Chinese imports. This blacklisting could compel PVH to shut down its stores and manufacturing operations in China, despite the company's long-standing presence and significant manufacturing footprint in the region. Experts suggest that China is using PVH as a high-visibility example and a bargaining chip in its trade dispute with the U.S."
2025-02-06,https://www.morningstar.com/stocks/after-earnings-is-apple-stock-buy-sell-or-fairly-valued-6,Morningstar,"William Kerwin, CFA","After Earnings, Is Apple Stock a Buy, a Sell, or Fairly Valued?","Morningstar maintains a $200 fair value estimate for Apple, rating its stock as ""overvalued"" with two stars, despite a ""wide"" economic moat. The Q1 fiscal earnings showed a 4% revenue rise year-over-year, but iPhone revenue declined 1% while services grew 14%. Morningstar anticipates slowing long-term iPhone growth due to China headwinds and a mature smartphone market, and believes the current valuation reflects overly optimistic future growth expectations.","Morningstar maintains a $200 fair value estimate for Apple, rating its stock as ""overvalued"" with two stars, despite a ""wide"" economic moat. The Q1 fiscal earnings showed a 4% revenue rise year-over-year, but iPhone revenue declined 1% while services grew 14%. Morningstar anticipates slowing long-term iPhone growth due to China headwinds and a mature smartphone market, and believes the current valuation reflects overly optimistic future growth expectations."
2025-02-06,https://www.morningstar.com/stocks/after-dividend-increase-this-wide-moat-stock-is-buy,Morningstar,Nicolas Owens,"After a Dividend Increase, This Wide-Moat Stock Is a Buy","Lockheed Martin recently increased its quarterly dividend by 5% and has a 22-year streak of dividend increases, making it an attractive investment despite recent cost overruns. The wide-moat aerospace and defense contractor is considered undervalued, benefiting from significant US defense spending and its dominant role in programs like the F-35 fighter jet. The stock's fair value is estimated at $530 per share, with projected revenue growth and strong economic moat factors.","Lockheed Martin recently increased its quarterly dividend by 5% and has a 22-year streak of dividend increases, making it an attractive investment despite recent cost overruns. The wide-moat aerospace and defense contractor is considered undervalued, benefiting from significant US defense spending and its dominant role in programs like the F-35 fighter jet. The stock's fair value is estimated at $530 per share, with projected revenue growth and strong economic moat factors."
2025-02-05,https://www.gurufocus.com/news/2683084/blackrock-inc-increases-stake-in-tyler-technologies-inc?mobile=true,GuruFocus,GuruFocus News,"BlackRock, Inc. Increases Stake in Tyler Technologies Inc","BlackRock, Inc. increased its stake in Tyler Technologies Inc by acquiring an additional 713,164 shares, bringing its total holdings to over 4 million shares. This transaction, valued at $576.64 per share, reflects BlackRock's continued interest in the software industry and Tyler Technologies' strong growth potential, despite its current overvaluation according to GuruFocus. Other notable investors also hold positions in Tyler Technologies, highlighting broader market confidence in the government software solutions provider.","BlackRock, Inc. increased its stake in Tyler Technologies Inc by acquiring an additional 713,164 shares, bringing its total holdings to over 4 million shares. This transaction, valued at $576.64 per share, reflects BlackRock's continued interest in the software industry and Tyler Technologies' strong growth potential, despite its current overvaluation according to GuruFocus. Other notable investors also hold positions in Tyler Technologies, highlighting broader market confidence in the government software solutions provider."
2025-02-05,https://www.bizjournals.com/triangle/news/2025/02/05/wolfspeed-chips-semiconductor-plant-chatham-nc.html,The Business Journals,Lauren Ohnesorge,PHOTOS: Wolfspeed's massive chip plant enters final phase as company navigates uncertainties,"Wolfspeed's $5 billion semiconductor plant in North Carolina is nearing completion, despite the company facing significant market challenges. The article highlights the plant's final construction phase and mentions related news reflecting the company's financial activities and leadership changes amidst these uncertainties.","Wolfspeed's $5 billion semiconductor plant in North Carolina is nearing completion, despite the company facing significant market challenges. The article highlights the plant's final construction phase and mentions related news reflecting the company's financial activities and leadership changes amidst these uncertainties."
2025-02-05,https://www.markets.com/education-centre/micro-strategy-stock-etf-news-today-msty-offers-100-yield,Markets.com,Frances Wang,MicroStrategy Stock ETF news today: MSTY Offers 100% “Yield”,"This article introduces MSTY, an ETF linked to MicroStrategy stock, highlighting its appeal, potential benefits, and risks. It details the features of MSTY, explains MicroStrategy's focus on Bitcoin, and advises on investment considerations. The piece emphasizes that the content is for reference only and not investment advice.","This article introduces MSTY, an ETF linked to MicroStrategy stock, highlighting its appeal, potential benefits, and risks. It details the features of MSTY, explains MicroStrategy's focus on Bitcoin, and advises on investment considerations. The piece emphasizes that the content is for reference only and not investment advice."
2025-02-05,https://www.gurufocus.com/news/2683780/blackrock-incs-strategic-acquisition-of-amentum-holdings-inc-shares?mobile=true,GuruFocus,GuruFocus News,"BlackRock, Inc.'s Strategic Acquisition of Amentum Holdings Inc. Shares","BlackRock, Inc. significantly increased its stake in Amentum Holdings Inc. on December 31, 2024, by acquiring an additional 7,856,813 shares at $21.03 each, bringing its total to 16,774,241 shares. This move demonstrates BlackRock's confidence in Amentum, a company providing engineering and technology solutions, which now constitutes 6.90% of BlackRock's holdings in the stock and has seen a 7.85% gain since the transaction. While Amentum's GF-Score indicates potential challenges, its focus on critical solutions and the involvement of other major investors make it a stock to watch.","BlackRock, Inc. significantly increased its stake in Amentum Holdings Inc. on December 31, 2024, by acquiring an additional 7,856,813 shares at $21.03 each, bringing its total to 16,774,241 shares. This move demonstrates BlackRock's confidence in Amentum, a company providing engineering and technology solutions, which now constitutes 6.90% of BlackRock's holdings in the stock and has seen a 7.85% gain since the transaction. While Amentum's GF-Score indicates potential challenges, its focus on critical solutions and the involvement of other major investors make it a stock to watch."
2025-02-05,https://www.morningstar.com/sustainable-investing/5-charts-how-investors-are-addressing-race-shareholder-meetings,Morningstar,"Lindsey Stewart, CFA",5 Charts on How Investors Are Addressing Race at Shareholder Meetings,"Investor engagement on race and ethnicity at shareholder meetings has evolved, with a significant increase in anti-DEI resolutions but consistently low support for them. While overall support for conventional resolutions addressing race has declined, there's a growing focus on workforce-related issues, aligning with broader human capital management trends. Requests for pay gap reports and anti-harassment efforts at major companies like Apple, Amazon, Nike, Oracle, and Tesla garnered significant shareholder backing in 2024.","Investor engagement on race and ethnicity at shareholder meetings has evolved, with a significant increase in anti-DEI resolutions but consistently low support for them. While overall support for conventional resolutions addressing race has declined, there's a growing focus on workforce-related issues, aligning with broader human capital management trends. Requests for pay gap reports and anti-harassment efforts at major companies like Apple, Amazon, Nike, Oracle, and Tesla garnered significant shareholder backing in 2024."
2025-02-04,https://www.gurufocus.com/news/2680982/blackrock-inc-increases-stake-in-compass-therapeutics-inc?mobile=true%3Fmobile%3Dtrue&mobile=true,GuruFocus,NULL,"BlackRock, Inc. Increases Stake in Compass Therapeutics Inc","BlackRock, Inc. significantly increased its stake in Compass Therapeutics Inc by acquiring an additional 67,163 shares, bringing its total holdings to 6,887,615 shares. This move solidifies Compass Therapeutics as 5.00% of BlackRock's portfolio, reflecting the investment firm's strategic interest in the biopharmaceutical sector. Despite a GF Score of 43/100, indicating potential challenges, Compass Therapeutics' stock has seen a remarkable 115.17% gain since the transaction, driven by its innovative therapeutic pipeline.","BlackRock, Inc. significantly increased its stake in Compass Therapeutics Inc by acquiring an additional 67,163 shares, bringing its total holdings to 6,887,615 shares. This move solidifies Compass Therapeutics as 5.00% of BlackRock's portfolio, reflecting the investment firm's strategic interest in the biopharmaceutical sector. Despite a GF Score of 43/100, indicating potential challenges, Compass Therapeutics' stock has seen a remarkable 115.17% gain since the transaction, driven by its innovative therapeutic pipeline."
2025-02-04,https://www.gurufocus.com/news/2680583/morgan-stanley-reduces-stake-in-nuveen-real-asset-income-and-growth-fund,GuruFocus,GuruFocus News,Morgan Stanley Reduces Stake in Nuveen Real Asset Income and Gro,"Morgan Stanley has reduced its stake in the Nuveen Real Asset Income and Growth Fund (JRI) by 498,961 shares at $12.13 per share on December 31, 2024. This transaction decreased its holding to 1,344,008 shares, now representing 4.90% of its portfolio. The decision reflects a strategic adjustment by Morgan Stanley, considering JRI's performance, which includes a 3.58% year-to-date price change but a 29.03% decline since its IPO and a GF Score of 40/100 suggesting potential for poor future performance.","Morgan Stanley has reduced its stake in the Nuveen Real Asset Income and Growth Fund (JRI) by 498,961 shares at $12.13 per share on December 31, 2024. This transaction decreased its holding to 1,344,008 shares, now representing 4.90% of its portfolio. The decision reflects a strategic adjustment by Morgan Stanley, considering JRI's performance, which includes a 3.58% year-to-date price change but a 29.03% decline since its IPO and a GF Score of 40/100 suggesting potential for poor future performance."
2025-02-04,https://www.theglobeandmail.com/investing/markets/stocks/MSFT/pressreleases/30761438/1-etf-to-buy-hand-over-fist-if-you-believe-in-elon-musks-vision-for-america/,The Globe and Mail,Ebube Jones,1 ETF to Buy Hand Over Fist If You Believe in Elon Musk's Vision for America,"The article suggests investing in the Vanguard S&P 500 ETF (VOO) as a way to capitalize on Elon Musk's vision for a tech-powered American economy, especially given his new role in the Department of Government Efficiency. VOO offers diversified exposure to leading tech companies, aligning with pro-tech policies and significant investments in AI infrastructure by the current administration. The ETF is highlighted for its strong performance, low fees, and holdings in major tech giants.","The article suggests investing in the Vanguard S&P 500 ETF (VOO) as a way to capitalize on Elon Musk's vision for a tech-powered American economy, especially given his new role in the Department of Government Efficiency. VOO offers diversified exposure to leading tech companies, aligning with pro-tech policies and significant investments in AI infrastructure by the current administration. The ETF is highlighted for its strong performance, low fees, and holdings in major tech giants."
2025-02-04,https://www.gurufocus.com/news/2680969/neuberger-berman-group-llc-increases-stake-in-stewart-information-services-corp?mobile=true,GuruFocus,GuruFocus News,NEUBERGER BERMAN GROUP LLC Increases Stake in Stewart Information,"NEUBERGER BERMAN GROUP LLC significantly increased its stake in Stewart Information Services Corp (STC) on December 31, 2024, adding 320,491 shares. Despite STC being overvalued with a P/E of 30.47 against a GF Value of $44.28, this transaction highlights the firm's confidence in STC's future growth potential within the insurance industry. The investment firm now holds 1,525,126 shares of STC, representing 0.08% of its $128.11 billion portfolio.","NEUBERGER BERMAN GROUP LLC significantly increased its stake in Stewart Information Services Corp (STC) on December 31, 2024, adding 320,491 shares. Despite STC being overvalued with a P/E of 30.47 against a GF Value of $44.28, this transaction highlights the firm's confidence in STC's future growth potential within the insurance industry. The investment firm now holds 1,525,126 shares of STC, representing 0.08% of its $128.11 billion portfolio."
2025-02-04,https://sproutsocial.com/insights/celebrating-black-history-month/,Sprout Social,Jamia Kenan,Celebrating Black History Month: Best practices for social media and beyond,"This article explores how brands can authentically celebrate Black History Month and integrate Diversity, Equity, Inclusion, and Accessibility (DEIA) initiatives year-round, especially as companies reduce their DEIA efforts. It emphasizes that cultural heritage months are crucial for building authentic connections and amplifying underrepresented voices. The piece provides five best practices for brands, including recognizing Black history 365 days a year, using social data for intentional campaigns, avoiding performative activism, participating in relevant industry events, and partnering with diverse influencer agencies.","This article explores how brands can authentically celebrate Black History Month and integrate Diversity, Equity, Inclusion, and Accessibility (DEIA) initiatives year-round, especially as companies reduce their DEIA efforts. It emphasizes that cultural heritage months are crucial for building authentic connections and amplifying underrepresented voices. The piece provides five best practices for brands, including recognizing Black history 365 days a year, using social data for intentional campaigns, avoiding performative activism, participating in relevant industry events, and partnering with diverse influencer agencies."
2025-02-04,https://www.theglobeandmail.com/investing/markets/inside-the-market/article-rbc-makes-two-changes-to-its-global-energy-best-ideas-list/,The Globe and Mail,Scott Barlow,RBC makes two changes to its ‘Global Energy Best Ideas’ list,"RBC Capital Markets has updated its ""Global Energy Best Ideas"" list by removing Archrock Inc. and Pacific Gas and Electric Co., due to a recent suspension in coverage. Despite underperforming in January, the list has significantly outperformed the S&P Global Energy Sector ETF since its inception in 2013. The article also touches on market reactions to tariffs and the performance of BMO's North American Income Guided Portfolio.","RBC Capital Markets has updated its ""Global Energy Best Ideas"" list by removing Archrock Inc. and Pacific Gas and Electric Co., due to a recent suspension in coverage. Despite underperforming in January, the list has significantly outperformed the S&P Global Energy Sector ETF since its inception in 2013. The article also touches on market reactions to tariffs and the performance of BMO's North American Income Guided Portfolio."
2025-02-03,https://www.aastocks.com/en/usq/quote/stock-news-content.aspx?symbol=F&id=NOW.1414523&source=AAFN,AASTOCKS.com,,Trump Pauses Tariffs on Mexico; DJIA Closes Down Only 122 Pts; Nasdaq Still Lags with 1%+ Drop,"US President Donald Trump postponed new tariffs on Mexico for a month after reaching an agreement on border troops, which slowed but didn't halt a stock market decline. The DJIA closed down 122 points, while the S&P 500 slipped 0.8% and the Nasdaq saw the steepest decline at 1.2%. The iShares MSCI Mexico ETF (EWW.US) rebounded, and major tech stocks like Tesla, Nvidia, and Apple saw losses narrow slightly.","US President Donald Trump postponed new tariffs on Mexico for a month after reaching an agreement on border troops, which slowed but didn't halt a stock market decline. The DJIA closed down 122 points, while the S&P 500 slipped 0.8% and the Nasdaq saw the steepest decline at 1.2%. The iShares MSCI Mexico ETF (EWW.US) rebounded, and major tech stocks like Tesla, Nvidia, and Apple saw losses narrow slightly."
2025-02-03,https://www.gurufocus.com/news/2678974/blackrock-inc-expands-holdings-in-ssc-technologies-holdings-inc,GuruFocus,,"BlackRock, Inc. Expands Holdings in SS&C Technologies Holdings I","BlackRock, Inc. has expanded its holdings in SS&C Technologies Holdings Inc. by acquiring an additional 5,376,057 shares, bringing its total to 29,642,600 shares. The transaction, completed at $75.78 per share, reflects BlackRock's confidence in SS&C Technologies, a leading software provider for financial and healthcare sectors. Despite being modestly overvalued with a GF Value of $66.97, SS&C Technologies boasts a high GF Score of 91/100 and strong growth, attracting other prominent investors as well.","BlackRock, Inc. has expanded its holdings in SS&C Technologies Holdings Inc. by acquiring an additional 5,376,057 shares, bringing its total to 29,642,600 shares. The transaction, completed at $75.78 per share, reflects BlackRock's confidence in SS&C Technologies, a leading software provider for financial and healthcare sectors. Despite being modestly overvalued with a GF Value of $66.97, SS&C Technologies boasts a high GF Score of 91/100 and strong growth, attracting other prominent investors as well."
2025-02-03,https://www.asyousow.org/press-releases/2025/2/3/first-solar-adopts-first-of-its-kind-deep-sea-mined-mineral-exclusion-policy-in-the-solar-power-sectornbspnbsp,As You Sow,,First Solar Adopts First of its Kind Deep Sea-Mined Mineral Exclusion Policy in the Solar Power Sector,"First Solar Inc. has committed to exclude deep sea-mined minerals from its supply chain, a move supported by shareholder representative As You Sow. This decision challenges the need for deep sea mining for the energy transition and aligns with the Global Moratorium on Deep Sea Mining. First Solar's long-standing commitment to circularity, demonstrated by its solar panel recycling program, underpins this new policy.","First Solar Inc. has committed to exclude deep sea-mined minerals from its supply chain, a move supported by shareholder representative As You Sow. This decision challenges the need for deep sea mining for the energy transition and aligns with the Global Moratorium on Deep Sea Mining. First Solar's long-standing commitment to circularity, demonstrated by its solar panel recycling program, underpins this new policy."
2025-02-02,https://www.barchart.com/story/news/30724979/apple-stock-is-off-its-recent-highs-but-is-it-poised-to-rise-again,Barchart.com,"Mark R. Hake, CFA","Apple Stock Is Off Its Recent Highs, But Is It Poised to Rise Again?","Despite a recent dip from its highs, Apple (AAPL) stock is poised for a rise due to strong free cash flow results and high FCF margins. The company's conservative approach to capex spending and consistent shareholder returns, including significant share buybacks and dividends, contribute to its undervaluation. The article suggests strategies like selling out-of-the-money puts or buying in-the-money calls to capitalize on the expected upside.","Despite a recent dip from its highs, Apple (AAPL) stock is poised for a rise due to strong free cash flow results and high FCF margins. The company's conservative approach to capex spending and consistent shareholder returns, including significant share buybacks and dividends, contribute to its undervaluation. The article suggests strategies like selling out-of-the-money puts or buying in-the-money calls to capitalize on the expected upside."
2025-03-31,https://www.tradingview.com/symbols/NASDAQ-HLAL/holdings/,TradingView,,HLAL ETF Holdings List — NASDAQ:HLAL,"The article provides a detailed list of the top holdings for the Wahed FTSE USA Shariah ETF (HLAL) as of February 26, 2026. It includes company names, stock symbols, weight percentages, share counts, and market values for each holding. Key holdings include Apple Inc., Microsoft Corporation, and Alphabet Inc. (Class A and C).","The article provides a detailed list of the top holdings for the Wahed FTSE USA Shariah ETF (HLAL) as of February 26, 2026. It includes company names, stock symbols, weight percentages, share counts, and market values for each holding. Key holdings include Apple Inc., Microsoft Corporation, and Alphabet Inc. (Class A and C)."
2025-03-31,https://www.tradingview.com/symbols/AMEX-VGT/holdings/,TradingView,,VGT ETF Holdings List — AMEX:VGT,"This article provides a detailed list of the top holdings within the Vanguard Information Technology ETF (VGT) as of February 27, 2026. Key holdings include NVIDIA, Apple Inc., and Microsoft Corporation, along with their respective weight percentages, shares, and market values. The data offers insights into the fund's composition and its major technology company investments.","This article provides a detailed list of the top holdings within the Vanguard Information Technology ETF (VGT) as of February 27, 2026. Key holdings include NVIDIA, Apple Inc., and Microsoft Corporation, along with their respective weight percentages, shares, and market values. The data offers insights into the fund's composition and its major technology company investments."
2025-03-31,https://www.tradingview.com/symbols/AMEX-XLK/holdings/,TradingView,,XLK ETF Holdings List — AMEX:XLK,"This article lists the top holdings of the State Street Technology Select Sector SPDR ETF (XLK) as of February 25, 2026. Key holdings include NVIDIA, Apple, Microsoft, Broadcom, and Micron Technology, detailing their weight percentage, number of shares, and market value within the ETF.","This article lists the top holdings of the State Street Technology Select Sector SPDR ETF (XLK) as of February 25, 2026. Key holdings include NVIDIA, Apple, Microsoft, Broadcom, and Micron Technology, detailing their weight percentage, number of shares, and market value within the ETF."
2025-03-31,https://www.tradingview.com/symbols/TSX-TEC/holdings/,TradingView,,TEC ETF Holdings List — TSX:TEC,"This article provides the TEC ETF Holdings List for the TD Global Technology Leaders Index ETF (TSX:TEC) as of August 7, 2026. It details the top holdings, including NVIDIA, Apple, Microsoft, Amazon, and Alphabet, along with their respective weight percentages, shares, and market values in CAD. The ETF focuses on leading technology companies.","This article provides the TEC ETF Holdings List for the TD Global Technology Leaders Index ETF (TSX:TEC) as of August 7, 2026. It details the top holdings, including NVIDIA, Apple, Microsoft, Amazon, and Alphabet, along with their respective weight percentages, shares, and market values in CAD. The ETF focuses on leading technology companies."
2025-03-31,https://www.tradingview.com/symbols/AMEX-TOPT/holdings/,TradingView,,TOPT ETF Holdings List — AMEX:TOPT,"This article provides a detailed list of the holdings for the iShares Top 20 U.S. Stocks ETF (AMEX:TOPT) as of March 2, 2026. It shows the top companies by weight, including NVIDIA, Apple, Microsoft, Meta Platforms, and Berkshire Hathaway, along with their respective shares and market values. The ETF is composed of major U.S. corporations, offering insights into its investment strategy.","This article provides a detailed list of the holdings for the iShares Top 20 U.S. Stocks ETF (AMEX:TOPT) as of March 2, 2026. It shows the top companies by weight, including NVIDIA, Apple, Microsoft, Meta Platforms, and Berkshire Hathaway, along with their respective shares and market values. The ETF is composed of major U.S. corporations, offering insights into its investment strategy."
2025-03-31,https://www.abc4.com/business/press-releases/accesswire/1007593/cxapp-inc-nasdaqcxai-announces-the-appointment-of-terry-blanchard-as-senior-vice-president-of-engineering/,ABC4 Utah,,CXApp Inc. (Nasdaq:CXAI) Announces the Appointment of Terry Blanchard as Senior Vice President of Engineering,"CXApp Inc. (Nasdaq:CXAI) has announced the appointment of Terry Blanchard as Senior Vice President of Engineering. Blanchard, with over 30 years of engineering leadership experience from companies like Apple, WhatsApp, and NVIDIA, will lead CXAI's global engineering organization and drive the development of next-generation AI technologies for workplace experiences. This strategic hire aims to accelerate CXAI's product roadmap and technical strategy, focusing on creating advanced Agentic AI solutions.","CXApp Inc. (Nasdaq:CXAI) has announced the appointment of Terry Blanchard as Senior Vice President of Engineering. Blanchard, with over 30 years of engineering leadership experience from companies like Apple, WhatsApp, and NVIDIA, will lead CXAI's global engineering organization and drive the development of next-generation AI technologies for workplace experiences. This strategic hire aims to accelerate CXAI's product roadmap and technical strategy, focusing on creating advanced Agentic AI solutions."
2025-03-31,https://news.gm.com/home.detail.html/Pages/topic/us/en/2025/mar/0331-jeff-bush-gm-executive-director-of-digital-vehicle-experience.html,General Motors,Stephen Harber,"A few minutes with Jeff Bush, GM executive director of digital vehicle experience","Jeff Bush, GM's executive director of digital vehicle experience, shares insights from his career journey from Silicon Valley startups like Apple and Google to the automotive world. He discusses GM's commitment to electrification, his vision for over-the-air updates improving user experience, and the company's efforts to modernize its software and hardware stack. Bush emphasizes that GM offers engineers exciting challenges in shaping the future of mobility through safe, reliable, and enjoyable products.","Jeff Bush, GM's executive director of digital vehicle experience, shares insights from his career journey from Silicon Valley startups like Apple and Google to the automotive world. He discusses GM's commitment to electrification, his vision for over-the-air updates improving user experience, and the company's efforts to modernize its software and hardware stack. Bush emphasizes that GM offers engineers exciting challenges in shaping the future of mobility through safe, reliable, and enjoyable products."
2025-03-31,https://www.tradingview.com/symbols/AMEX-VUG/holdings/,TradingView,,VUG ETF Holdings List — AMEX:VUG,"This article provides a list of the Vanguard Growth ETF (VUG) holdings as of February 27, 2026. Key holdings include NVIDIA, Apple, Microsoft, Alphabet (Class A and C), Meta Platforms, Amazon, Broadcom, Tesla, and Eli Lilly and Company. The content details the weight percentage, number of shares, and market value for each of these top companies within the ETF.","This article provides a list of the Vanguard Growth ETF (VUG) holdings as of February 27, 2026. Key holdings include NVIDIA, Apple, Microsoft, Alphabet (Class A and C), Meta Platforms, Amazon, Broadcom, Tesla, and Eli Lilly and Company. The content details the weight percentage, number of shares, and market value for each of these top companies within the ETF."
2025-03-30,https://www.theglobeandmail.com/investing/markets/stocks/U/pressreleases/31642087/better-comeback-stock-blackberry-vs-unity-software/,The Globe and Mail,Motley Fool,Better Comeback Stock: BlackBerry vs. Unity Software,"This article compares BlackBerry (BB) and Unity Software (U), two former high-growth tech stocks that have experienced significant declines. It analyzes their past performances, current business strategies, and future outlooks, concluding that Unity Software, despite its challenges, has a better chance of a comeback due to its stabilizing growth and AI-driven advertising platform, whereas BlackBerry's divestments and declining revenue make its future less certain.","This article compares BlackBerry (BB) and Unity Software (U), two former high-growth tech stocks that have experienced significant declines. It analyzes their past performances, current business strategies, and future outlooks, concluding that Unity Software, despite its challenges, has a better chance of a comeback due to its stabilizing growth and AI-driven advertising platform, whereas BlackBerry's divestments and declining revenue make its future less certain."
2025-03-29,https://www.inc.com/jason-aten/the-annoying-bug-making-apple-users-very-angry/91168926,Inc.com,JASON ATEN,The Annoying Bug Making Apple Users Very Angry,"Apple users are frustrated with a persistent and unclosable notification bug related to the ""Reactions"" feature in macOS. The notification informs users that Reactions have been turned off by their browser, but its ""x"" button is non-functional, leaving the annoying message on screen. This issue highlights Apple's oversight in implementing a minor feature notification without a proper dismiss function, causing significant irritation among its user base.","Apple users are frustrated with a persistent and unclosable notification bug related to the ""Reactions"" feature in macOS. The notification informs users that Reactions have been turned off by their browser, but its ""x"" button is non-functional, leaving the annoying message on screen. This issue highlights Apple's oversight in implementing a minor feature notification without a proper dismiss function, causing significant irritation among its user base."
2025-03-28,https://www.benzinga.com/markets/forex/25/03/44532886/asia-markets-mixed-europe-falls-on-auto-tariff-concerns-and-gold-hits-all-time-high-global-markets-today-while-us-slept,Benzinga,Akanksha Bakshi,"Asia Markets Mixed, Europe Falls On Auto Tariff Concerns And Gold Hits All-Time High - Global Markets Tod","On Thursday, U.S. markets closed lower due to concerns over President Trump's proposed 25% tariff on imported cars, impacting automakers and suggesting negative Q1 finishes for the S&P 500 and Nasdaq. European shares also declined on Friday amid rising trade war concerns. Gold prices, however, hit a record high due to increased safe-haven demand stemming from the auto tariffs and geopolitical tensions, with investors now anticipating key PCE inflation data to gauge Federal Reserve rate expectations.","On Thursday, U.S. markets closed lower due to concerns over President Trump's proposed 25% tariff on imported cars, impacting automakers and suggesting negative Q1 finishes for the S&P 500 and Nasdaq. European shares also declined on Friday amid rising trade war concerns. Gold prices, however, hit a record high due to increased safe-haven demand stemming from the auto tariffs and geopolitical tensions, with investors now anticipating key PCE inflation data to gauge Federal Reserve rate expectations."
2025-03-28,https://www.repairerdrivennews.com/2025/03/28/rivian-creates-new-company-aimed-at-small-lightweight-vehicles/,Repairer Driven News,Lurah Lowery,"Rivian creates new company aimed at small, lightweight vehicles","Rivian has launched a new company called Also, Inc., which will focus on small, lightweight electric vehicles, including a possible e-bike, to address global mobility challenges. Rivian will maintain a minority ownership, and the new venture has secured $105 million in investment from Eclipse Ventures. Rivian CEO RJ Scaringe will chair Also's Board of Directors, which is staffed by a team of experienced professionals from various tech and automotive companies.","Rivian has launched a new company called Also, Inc., which will focus on small, lightweight electric vehicles, including a possible e-bike, to address global mobility challenges. Rivian will maintain a minority ownership, and the new venture has secured $105 million in investment from Eclipse Ventures. Rivian CEO RJ Scaringe will chair Also's Board of Directors, which is staffed by a team of experienced professionals from various tech and automotive companies."
2025-03-27,https://www.cnbc.com/2025/03/27/applovin-plunged-20percent-as-short-seller-muddy-waters-goes-after-company.html,CNBC,CJ Haddad,AppLovin shares plunge 20% after third short-selling firm slams company's ad technology,"AppLovin's shares dropped 20% after Muddy Waters became the third short-selling firm to accuse the company of violating app store terms of service by ""impermissibly extracting"" user data for targeted ads. Muddy Waters, following Fuzzy Panda Research and Culper Research, claimed AppLovin's ad tactics involve funneling targeted ads without consent and that e-commerce advertisers are abandoning the platform. AppLovin's CEO previously defended the company's technology against similar allegations, stating such claims are attempts to manipulate stock prices for financial gain.","AppLovin's shares dropped 20% after Muddy Waters became the third short-selling firm to accuse the company of violating app store terms of service by ""impermissibly extracting"" user data for targeted ads. Muddy Waters, following Fuzzy Panda Research and Culper Research, claimed AppLovin's ad tactics involve funneling targeted ads without consent and that e-commerce advertisers are abandoning the platform. AppLovin's CEO previously defended the company's technology against similar allegations, stating such claims are attempts to manipulate stock prices for financial gain."
2025-03-27,https://www.fool.com.au/2025/03/27/what-is-the-dividend-yield-of-the-ishares-sp-500-etf-ivv/,The Motley Fool Australia,Tristan Harrison,What is the dividend yield of the iShares S&P 500 ETF (IVV)?,"The article discusses the dividend yield of the iShares S&P 500 ETF (IVV), noting its excellent capital returns over the past five years driven by US tech giants, despite a relatively low dividend yield of 1.01% as of February 2025. It emphasizes that while IVV isn't ideal for large investment income, its overall net return and low management fee make it attractive for long-term growth due to its exposure to strong US businesses benefiting from trends like digitalization and AI.","The article discusses the dividend yield of the iShares S&P 500 ETF (IVV), noting its excellent capital returns over the past five years driven by US tech giants, despite a relatively low dividend yield of 1.01% as of February 2025. It emphasizes that while IVV isn't ideal for large investment income, its overall net return and low management fee make it attractive for long-term growth due to its exposure to strong US businesses benefiting from trends like digitalization and AI."
2025-03-27,https://ca.finance.yahoo.com/news/gravity-officially-launches-mobile-version-013000121.html,Yahoo! Finance Canada,,Gravity Officially Launches Mobile Version of Roguelike Deck-Building Adventure Game 'Shambles: Sons of the Apocalypse' Globally,"Gravity has officially launched the mobile version of its roguelike deck-building adventure game, 'Shambles: Sons of the Apocalypse,' globally. The game, which combines text adventure, card deck-building, and roguelike genres, is set in a post-apocalyptic world where players' choices significantly impact the storyline and gameplay. Available for USD 6.99 on Google Play and Apple App Store, it also offers seven DLC packs for expanded content.","Gravity has officially launched the mobile version of its roguelike deck-building adventure game, 'Shambles: Sons of the Apocalypse,' globally. The game, which combines text adventure, card deck-building, and roguelike genres, is set in a post-apocalyptic world where players' choices significantly impact the storyline and gameplay. Available for USD 6.99 on Google Play and Apple App Store, it also offers seven DLC packs for expanded content."
2025-03-26,https://news.ea.com/press-releases/press-releases-details/2025/A-New-Chapter-Awaits--Take-Centre-Stage-in-F1-25-An-Epic-Formula-1-Blockbuster/default.aspx,Electronic Arts Home Page,,A New Chapter Awaits – Take Centre Stage in F1® 25; An Epic Formula 1® Blockbuster,"Electronic Arts announced the release of F1® 25, an official game of the 2025 FIA Formula One World Championship™, coming to PlayStation®5, Xbox Series X|S, and PC on May 30. The game features the return of the fan-favorite story mode ""Braking Point,"" an overhauled ""My Team"" mode, and increased circuit authenticity through LIDAR technology. Lewis Hamilton is confirmed as the cover star for the Iconic Edition, which will also include content inspired by the upcoming Apple Original Films' F1 movie.","Electronic Arts announced the release of F1® 25, an official game of the 2025 FIA Formula One World Championship™, coming to PlayStation®5, Xbox Series X|S, and PC on May 30. The game features the return of the fan-favorite story mode ""Braking Point,"" an overhauled ""My Team"" mode, and increased circuit authenticity through LIDAR technology. Lewis Hamilton is confirmed as the cover star for the Iconic Edition, which will also include content inspired by the upcoming Apple Original Films' F1 movie."
2025-03-26,https://www.theglobeandmail.com/investing/markets/stocks/BRK-T/pressreleases/31580272/the-smartest-trillion-dollar-stock-to-buy-with-1000-and-hold-forever/,The Globe and Mail,Motley Fool,"The Smartest Trillion-Dollar Stock to Buy With $1,000 and Hold Forever","The article identifies Berkshire Hathaway (NYSE: BRK.A, NYSE: BRK.B) as the smartest trillion-dollar stock to buy and hold forever, comparing its diversification and leadership advantage under Warren Buffett to an index fund. It highlights Buffett's track record of outperforming the S&P 500 and stresses that the company is well-positioned for continued success even after his tenure due to its strong culture and chosen successor.","The article identifies Berkshire Hathaway (NYSE: BRK.A, NYSE: BRK.B) as the smartest trillion-dollar stock to buy and hold forever, comparing its diversification and leadership advantage under Warren Buffett to an index fund. It highlights Buffett's track record of outperforming the S&P 500 and stresses that the company is well-positioned for continued success even after his tenure due to its strong culture and chosen successor."
2025-03-26,https://seekingalpha.com/article/4770707-adx-tech-tilt-exposure-with-telling-income-limited-price-volatility,Seeking Alpha,Pearl Gray Equity and Research,ADX: Tech Tilt Exposure With Telling Income And Limited Price Volatility (NYSE:ADX),"The Adams Diversified Equity Fund (ADX) offers investors exposure to large-cap and tech stocks with an 8% of NAV annual distribution yield, blending capital appreciation with consistent income. Its diversified portfolio includes major tech holdings like Apple, Microsoft, and NVIDIA, alongside other sectors. Despite consistently trading at a discount-to-NAV, ADX demonstrates a superior 10-year Sharpe Ratio and lower volatility compared to SPY, making it an attractive option for tech and income-focused investors.","The Adams Diversified Equity Fund (ADX) offers investors exposure to large-cap and tech stocks with an 8% of NAV annual distribution yield, blending capital appreciation with consistent income. Its diversified portfolio includes major tech holdings like Apple, Microsoft, and NVIDIA, alongside other sectors. Despite consistently trading at a discount-to-NAV, ADX demonstrates a superior 10-year Sharpe Ratio and lower volatility compared to SPY, making it an attractive option for tech and income-focused investors."
2025-03-25,https://www.prnewswire.com/news-releases/ptc-brings-ai-powered-plm-to-hannover-messe-2025-with-windchill-ai-302410612.html,PR Newswire,,PTC Brings AI-Powered PLM to Hannover Messe 2025 with Windchill AI,"PTC is set to preview its AI-powered Windchill AI product lifecycle management (PLM) assistant at Hannover Messe 2025, alongside Codebeamer AI and ServiceMax AI. This initiative demonstrates PTC's commitment to advancing agentic AI across the product digital thread, aiming to enhance engineers' efficiency by leveraging product data for informed decision-making and task automation. The preview will include the Document Vault AI agent, designed to extract critical product information from Windchill-stored documents.","PTC is set to preview its AI-powered Windchill AI product lifecycle management (PLM) assistant at Hannover Messe 2025, alongside Codebeamer AI and ServiceMax AI. This initiative demonstrates PTC's commitment to advancing agentic AI across the product digital thread, aiming to enhance engineers' efficiency by leveraging product data for informed decision-making and task automation. The preview will include the Document Vault AI agent, designed to extract critical product information from Windchill-stored documents."
2025-03-25,https://www.businessoffashion.com/news/retail/shopify-nasdaq-ottawa-toronto-stock-exchange/,The Business of Fashion,Bloomberg,Shopify Takes Steps To Pull In Billions From Passive Funds,"Shopify is moving its US-listed shares from the New York Stock Exchange to the Nasdaq Global Select Market, starting March 31. This strategic move could allow the e-commerce company to be included in major stock indexes like the Nasdaq 100, attracting significant investment from passively managed funds. While inclusion can increase buying power, it also ties stock performance more closely to the broader market, making it a ""two-way street"" according to analysts.","Shopify is moving its US-listed shares from the New York Stock Exchange to the Nasdaq Global Select Market, starting March 31. This strategic move could allow the e-commerce company to be included in major stock indexes like the Nasdaq 100, attracting significant investment from passively managed funds. While inclusion can increase buying power, it also ties stock performance more closely to the broader market, making it a ""two-way street"" according to analysts."
2025-03-25,https://finance.yahoo.com/news/why-nano-dimension-stock-crashed-152955069.html,Yahoo Finance,Rich Smith,Why Nano Dimension Stock Crashed on Tuesday,"Nano Dimension stock dropped 16.5% after a Delaware court ruled in favor of Desktop Metal, forcing Nano Dimension to go through with its acquisition of Desktop Metal. Nano Dimension had attempted to back out of the $183 million deal announced nine months prior, leading to legal action from Desktop Metal. The ruling mandates Nano Dimension to execute a national security agreement with CFIUS and close the purchase by March 31, or extend the deadline.","Nano Dimension stock dropped 16.5% after a Delaware court ruled in favor of Desktop Metal, forcing Nano Dimension to go through with its acquisition of Desktop Metal. Nano Dimension had attempted to back out of the $183 million deal announced nine months prior, leading to legal action from Desktop Metal. The ruling mandates Nano Dimension to execute a national security agreement with CFIUS and close the purchase by March 31, or extend the deadline."
2025-03-24,https://seekingalpha.com/article/4769899-bcx-examining-inflation-protection-benefits-recession-risks,Seeking Alpha,Power Hedge,BCX: Examining Inflation Protection Benefits And Recession Risks,"The BlackRock Resources & Commodities Strategy Trust (BCX) is a closed-end fund offering commodities exposure and a high income yield, making it attractive for inflation protection. The fund has historically performed well during inflationary periods, outperforming the S&P 500 year-to-date, and trades at a compelling discount to NAV with a significant yield and monthly distributions. While distributions have been fully covered year-to-date, they were not fully covered for the full year 2024.","The BlackRock Resources & Commodities Strategy Trust (BCX) is a closed-end fund offering commodities exposure and a high income yield, making it attractive for inflation protection. The fund has historically performed well during inflationary periods, outperforming the S&P 500 year-to-date, and trades at a compelling discount to NAV with a significant yield and monthly distributions. While distributions have been fully covered year-to-date, they were not fully covered for the full year 2024."
2025-03-24,https://www.animenewsnetwork.com/news/2025-03-24/hidive-expands-service-to-amazon-prime-video-in-u.k-canada-australia-new-zealand/.222830,Anime News Network,Anita Tai,"HIDIVE Expands Service to Amazon Prime Video in U.K., Canada, Australia, New Zealand","AMC Networks announced that its HIDIVE anime streaming service is now available as an ad-free add-on subscription on Amazon Prime Video Channels in the U.K., Canada, Australia, and New Zealand. The direct-to-consumer app is also available in these territories. Additionally, HIDIVE has expanded its availability in the United States through partnerships with Samsung, LG, and VIZIO, and updated its website and apps in March 2024 with new features.","AMC Networks announced that its HIDIVE anime streaming service is now available as an ad-free add-on subscription on Amazon Prime Video Channels in the U.K., Canada, Australia, and New Zealand. The direct-to-consumer app is also available in these territories. Additionally, HIDIVE has expanded its availability in the United States through partnerships with Samsung, LG, and VIZIO, and updated its website and apps in March 2024 with new features."
2025-03-23,https://www.morningstar.com.au/stocks/digging-into-berkshire-hathaways-portfolio,Morningstar Australia,"Amy C. Arnott, CFA",Digging into Berkshire Hathaway’s portfolio,"This article analyzes Berkshire Hathaway's equity portfolio using Morningstar's Global Risk Model, uncovering its concentrated and evolving nature. Despite Buffett's historical aversion to tech, the portfolio is now notably technology-focused, primarily due to its significant Apple holding. The analysis highlights how Berkshire's investment strategy, though idiosyncratic, shows unique characteristics in liquidity, momentum, moat, value-growth, and volatility compared to the S&P 500.","This article analyzes Berkshire Hathaway's equity portfolio using Morningstar's Global Risk Model, uncovering its concentrated and evolving nature. Despite Buffett's historical aversion to tech, the portfolio is now notably technology-focused, primarily due to its significant Apple holding. The analysis highlights how Berkshire's investment strategy, though idiosyncratic, shows unique characteristics in liquidity, momentum, moat, value-growth, and volatility compared to the S&P 500."
2025-03-22,https://finviz.com/news/17580/worried-about-the-markets-this-tech-etf-is-up-over-25-this-year-and-could-still-go-higher,Finviz,"David Jagielski, The Motley Fool",Worried About the Markets? This Tech ETF Is Up Over 25% This Year and Could Still Go Higher.,"The Invesco China Technology ETF (CQQQ) has surged over 25% this year, outperforming the S&P 500 and the broader tech sector, driven by advancements in Chinese AI. Despite recent market downturns and concerns over tech valuations, this ETF offers exposure to undervalued Chinese tech companies with significant growth potential, especially in the AI sector. With a forward price-to-earnings multiple of just 19, it presents a compelling investment opportunity.","The Invesco China Technology ETF (CQQQ) has surged over 25% this year, outperforming the S&P 500 and the broader tech sector, driven by advancements in Chinese AI. Despite recent market downturns and concerns over tech valuations, this ETF offers exposure to undervalued Chinese tech companies with significant growth potential, especially in the AI sector. With a forward price-to-earnings multiple of just 19, it presents a compelling investment opportunity."
2025-03-21,https://www.costar.com/article/2131736565/johnson-johnson-to-spend-55-billion-on-us-manufacturing-sites-amid-tariff-threat,CoStar,Linda Moss,News | Johnson & Johnson to spend $55 billion on US manufacturing sites amid tariff threat,"Johnson & Johnson plans to invest over $55 billion in domestic manufacturing facilities and expansions across the U.S. over the next four years, citing potential tariffs on imported drugs and aiming to boost its U.S. industrial footprint. The initiative begins with a $2 billion biologics plant in Wilson, North Carolina, which will create 420 jobs and focus on medicines for cancer and other diseases. This move mirrors similar domestic investment trends by other pharmaceutical and tech companies, driven partly by past tax cuts and current tariff threats.","Johnson & Johnson plans to invest over $55 billion in domestic manufacturing facilities and expansions across the U.S. over the next four years, citing potential tariffs on imported drugs and aiming to boost its U.S. industrial footprint. The initiative begins with a $2 billion biologics plant in Wilson, North Carolina, which will create 420 jobs and focus on medicines for cancer and other diseases. This move mirrors similar domestic investment trends by other pharmaceutical and tech companies, driven partly by past tax cuts and current tariff threats."
2025-03-21,https://www.reuters.com/business/jj-plans-invest-more-than-55-billion-us-over-next-four-years-2025-03-21/,Reuters,Bhanvi Satija and Patrick Wingrove,J&J boosts US investments by 25% over 4 years amid looming tariff threats,"Johnson & Johnson plans to increase its U.S. investments by 25% to over $55 billion in the next four years, driven by the threat of drug import duties from the Trump administration. This investment includes building four new manufacturing plants, one of which has already broken ground in Wilson, North Carolina. While some investors note that a portion of these commitments were already planned, J&J aims to enhance domestic manufacturing capabilities to mitigate potential 25% tariffs on pharmaceutical imports.","Johnson & Johnson plans to increase its U.S. investments by 25% to over $55 billion in the next four years, driven by the threat of drug import duties from the Trump administration. This investment includes building four new manufacturing plants, one of which has already broken ground in Wilson, North Carolina. While some investors note that a portion of these commitments were already planned, J&J aims to enhance domestic manufacturing capabilities to mitigate potential 25% tariffs on pharmaceutical imports."
2025-03-21,https://www.investing.com/news/insider-trading-news/acv-auctions-ceo-george-chamoun-sells-537-million-in-stock-93CH-3942744,Investing.com,Investing.com,ACV Auctions CEO George Chamoun sells $5.37 million in stock,"George Chamoun, CEO of ACV Auctions Inc. (NASDAQ: ACVA), sold 350,000 shares of Class A Common Stock worth approximately $5.37 million across two transactions on March 19 and 20. The sales were conducted under a Rule 10b5-1 trading plan established in December 2024. Following these sales, Chamoun retains 2,821,193 shares.","George Chamoun, CEO of ACV Auctions Inc. (NASDAQ: ACVA), sold 350,000 shares of Class A Common Stock worth approximately $5.37 million across two transactions on March 19 and 20. The sales were conducted under a Rule 10b5-1 trading plan established in December 2024. Following these sales, Chamoun retains 2,821,193 shares."
2025-03-21,https://www.fiercepharma.com/manufacturing/johnson-johnson-reveals-55b-investment-us-which-includes-3-new-manufacturing-sites,Fierce Pharma,Kevin Dunleavy,"J&J touts $55B in planned US investments over 4 years, including 3 new manufacturing sites","Johnson & Johnson announced plans to invest $55 billion in the U.S. over the next four years, an increase of 25% from its previous four-year spending. This investment includes building three new manufacturing sites, in addition to a previously announced biologics plant in North Carolina, and expanding existing facilities. The move comes amidst a push for increased domestic investment and follows similar announcements from companies like Eli Lilly and Apple.","Johnson & Johnson announced plans to invest $55 billion in the U.S. over the next four years, an increase of 25% from its previous four-year spending. This investment includes building three new manufacturing sites, in addition to a previously announced biologics plant in North Carolina, and expanding existing facilities. The move comes amidst a push for increased domestic investment and follows similar announcements from companies like Eli Lilly and Apple."
2025-03-21,https://www.cnbc.com/2025/03/21/jj-boosts-investments-in-us-to-more-than-55-billion-amid-looming-tariff-threats-.html,CNBC,,J&J boosts investments in U.S. to more than $55 billion amid looming tariff threats,"Johnson & Johnson announced plans to invest over $55 billion to construct four new manufacturing plants in the U.S. over the next four years, including a site in Wilson, North Carolina. This significant investment, a 25% increase compared to previous years, comes amidst potential threats of drug import duties from the Trump administration, pushing companies to expand domestic manufacturing. The move follows similar announcements from other drugmakers like Eli Lilly and aims to bolster U.S. production, particularly for medicines treating cancer, immune-mediated, and neurological diseases.","Johnson & Johnson announced plans to invest over $55 billion to construct four new manufacturing plants in the U.S. over the next four years, including a site in Wilson, North Carolina. This significant investment, a 25% increase compared to previous years, comes amidst potential threats of drug import duties from the Trump administration, pushing companies to expand domestic manufacturing. The move follows similar announcements from other drugmakers like Eli Lilly and aims to bolster U.S. production, particularly for medicines treating cancer, immune-mediated, and neurological diseases."
2025-03-21,https://seekingalpha.com/article/4769344-schg-vs-vug-both-are-an-equally-great-way-to-capture-the-tech-rebound,Seeking Alpha,Cain Lee,SCHG Vs. VUG: Both Are An Equally Great Way To Capture The Tech Rebound,"The article discusses how SCHG and VUG are strong ETF options for gaining exposure to the tech sector, especially given the expected growth in AI spending. While both are considered excellent for long-term investors bullish on technology, SCHG has historically shown a slight edge over VUG due to its top holdings. Both ETFs are characterized by low expense ratios and strong dividend growth, making them suitable for aligning portfolios with future tech advancements and higher valuations.","The article discusses how SCHG and VUG are strong ETF options for gaining exposure to the tech sector, especially given the expected growth in AI spending. While both are considered excellent for long-term investors bullish on technology, SCHG has historically shown a slight edge over VUG due to its top holdings. Both ETFs are characterized by low expense ratios and strong dividend growth, making them suitable for aligning portfolios with future tech advancements and higher valuations."
2025-03-21,https://www.neteasegames.com/news/OnceHuman/20250331/36928_1220897.html,NetEase Games,,NetEase Games,"NetEase Games announced that the mobile version of Once Human is launching on April 23, 2025, with over 30 million pre-registrations. A pre-registration event offers in-game items and a chance to win an iPhone 16 Pro Max. Additionally, new features like Non-Shutdown Servers and Cross-Character Sharing are being introduced for PC players, alongside a new PvE scenario, Lunar Oracle Phase Three, which launched on March 13.","NetEase Games announced that the mobile version of Once Human is launching on April 23, 2025, with over 30 million pre-registrations. A pre-registration event offers in-game items and a chance to win an iPhone 16 Pro Max. Additionally, new features like Non-Shutdown Servers and Cross-Character Sharing are being introduced for PC players, alongside a new PvE scenario, Lunar Oracle Phase Three, which launched on March 13."
2025-03-21,https://www.digitaltransactions.net/galileo-is-tops-among-digital-debit-issuers-javelin-says/,Digital Transactions,Peter Lucas,"Galileo Is Tops Among Digital Debit Issuers, Javelin Says","A Javelin Strategy & Research report ranks Galileo Financial Technologies LLC's Digital First product as the leader among digital debit card issuers, citing its flexibility, security, and scalability. The product allows consumers to use a digital card immediately while a physical card with the same details is mailed. Thales and FIS also earned strong recognition as overall leaders in the digital issuance scorecard.","A Javelin Strategy & Research report ranks Galileo Financial Technologies LLC's Digital First product as the leader among digital debit card issuers, citing its flexibility, security, and scalability. The product allows consumers to use a digital card immediately while a physical card with the same details is mailed. Thales and FIS also earned strong recognition as overall leaders in the digital issuance scorecard."
2025-03-21,https://rhodeislandcurrent.com/2025/03/21/sports-bettors-have-one-app-in-r-i-more-may-be-on-the-way/,Rhode Island Current,Christopher Shea,Sports bettors have one app in R.I. More may be on the way.,"Rhode Island currently offers only one online sports betting app, operated by International Game Technology (IGT), but new legislation aims to expand the market to at least five vendors by mid-2026. This move comes amid user complaints about the current app's limitations and a 24% decline in sports betting revenue for the state from fiscal year 2023 to 2024. While proponents hope for increased revenue, critics express concerns about a potential rise in gambling addiction.","Rhode Island currently offers only one online sports betting app, operated by International Game Technology (IGT), but new legislation aims to expand the market to at least five vendors by mid-2026. This move comes amid user complaints about the current app's limitations and a 24% decline in sports betting revenue for the state from fiscal year 2023 to 2024. While proponents hope for increased revenue, critics express concerns about a potential rise in gambling addiction."
2025-03-21,https://smartasset.com/investing/how-to-buy-berkshire-hathaway-stock,SmartAsset.com,"Chris Thompson, Patrick Villanova",How to Buy Berkshire Hathaway Stock,"This article explains how to buy Berkshire Hathaway stock, detailing two main methods: using a brokerage account or engaging a financial advisor. It outlines the differences between Class A and Class B shares, providing guidance on how to choose a brokerage and fund an account. The article also offers an overview of Berkshire Hathaway's business model, its diverse holdings, and its financial profile, emphasizing its stability and diversification for investors.","This article explains how to buy Berkshire Hathaway stock, detailing two main methods: using a brokerage account or engaging a financial advisor. It outlines the differences between Class A and Class B shares, providing guidance on how to choose a brokerage and fund an account. The article also offers an overview of Berkshire Hathaway's business model, its diverse holdings, and its financial profile, emphasizing its stability and diversification for investors."
2025-03-21,https://www.axios.com/2025/03/21/johnson-johnson-55-billion-us-investment,Axios,Ben Berkowitz,Trump tally: J&J plans $55 billion investment to expand U.S. manufacturing,"Johnson & Johnson announced a $55 billion investment over the next four years to expand U.S. manufacturing, research, and technology. This move aligns with President Trump's goal of boosting domestic manufacturing and will include new facilities and expansions to existing sites. J&J's investment is part of a larger trend of major U.S. companies pledging significant spending to expand U.S. operations.","Johnson & Johnson announced a $55 billion investment over the next four years to expand U.S. manufacturing, research, and technology. This move aligns with President Trump's goal of boosting domestic manufacturing and will include new facilities and expansions to existing sites. J&J's investment is part of a larger trend of major U.S. companies pledging significant spending to expand U.S. operations."
2025-03-20,https://www.morningstar.com.au/stocks/4-tech-giants-look-cheap-ahead-of-earnings,Morningstar Australia,Jeremy Glaser,4 tech giants look cheap ahead of earnings,"Ahead of their earnings reports, four major tech companies—Apple, Amazon, Facebook, and Microsoft—are considered undervalued. Analysts see Apple as undervalued despite recent revenue guidance adjustments, Amazon as continuing its impressive growth, Microsoft showing broad-based strength, and Facebook maintaining its competitive advantages in digital advertising despite recent controversies.","Ahead of their earnings reports, four major tech companies—Apple, Amazon, Facebook, and Microsoft—are considered undervalued. Analysts see Apple as undervalued despite recent revenue guidance adjustments, Amazon as continuing its impressive growth, Microsoft showing broad-based strength, and Facebook maintaining its competitive advantages in digital advertising despite recent controversies."
2025-03-20,https://247wallst.com/investing/2025/03/20/here-is-why-yield-hungry-investors-should-buy-schwabs-schd-over-the-safe-vanguard-vig/,24/7 Wall St.,David Moadel,Here Is Why Yield Hungry Investors Should Buy Schwab's SCHD Over The Safe Vanguard VIG,"This article compares two popular dividend ETFs, Schwab's SCHD and Vanguard's VIG, for yield-hungry investors. While both offer multi-sector exposure and low expense ratios, SCHD is highlighted as the better choice due to its higher trading volume, more balanced sector diversification, and significantly higher dividend yield. Although VIG focuses on dividend growers, SCHD provides a better overall package for substantial dividend distributions.","This article compares two popular dividend ETFs, Schwab's SCHD and Vanguard's VIG, for yield-hungry investors. While both offer multi-sector exposure and low expense ratios, SCHD is highlighted as the better choice due to its higher trading volume, more balanced sector diversification, and significantly higher dividend yield. Although VIG focuses on dividend growers, SCHD provides a better overall package for substantial dividend distributions."
2025-03-20,https://finance.yahoo.com/news/msci-world-etfs-too-volatile-142320119.html,Yahoo Finance,DPA,MSCI World ETFs too volatile for you? Three investment alternatives,"This article explores alternatives to MSCI World ETFs for investors concerned about their volatility or heavy US stock concentration. It highlights three specific ETF options: MSCI World ex USA, MSCI World Equal Weighted, and MSCI USA ex Mega Cap Select, detailing their compositions and past performance. The piece also advises investors on maintaining a calm approach during market fluctuations, recommending against impulsive selling or excessive buying.","This article explores alternatives to MSCI World ETFs for investors concerned about their volatility or heavy US stock concentration. It highlights three specific ETF options: MSCI World ex USA, MSCI World Equal Weighted, and MSCI USA ex Mega Cap Select, detailing their compositions and past performance. The piece also advises investors on maintaining a calm approach during market fluctuations, recommending against impulsive selling or excessive buying."
2025-03-19,https://www.tradingview.com/symbols/TSX-JGRO/analysis/,TradingView,,"JGRO ETF Analysis: Dividends, Returns TSX:JGRO","This article provides an analysis of the JPMorgan US Growth Active ETF Trust Units (JGRO) traded on the Toronto Stock Exchange. It details the ETF's investment strategy, which focuses on long-term capital growth by investing in large-cap US growth equities, and includes information on its asset allocation, top holdings, and dividend history. The report also covers key metrics such as Assets Under Management (AUM), fund flows, and performance data, along with frequently asked questions about the ETF.","This article provides an analysis of the JPMorgan US Growth Active ETF Trust Units (JGRO) traded on the Toronto Stock Exchange. It details the ETF's investment strategy, which focuses on long-term capital growth by investing in large-cap US growth equities, and includes information on its asset allocation, top holdings, and dividend history. The report also covers key metrics such as Assets Under Management (AUM), fund flows, and performance data, along with frequently asked questions about the ETF."
2025-03-19,https://www.theglobeandmail.com/investing/markets/markets-news/Motley%20Fool/31475285/sp-500-sell-off-heres-why-this-etf-may-be-the-smartest-way-to-invest-in-the-sp-500-right-now/,The Globe and Mail,Motley Fool,S&P 500 Sell-Off: Here's Why This ETF May Be the Smartest Way to Invest in the S&P 500 Right Now,"The S&P 500 has experienced a sell-off, prompting investors to consider alternative ways to gain exposure to the index. This article suggests the Invesco S&P 500 Equal Weight ETF (RSP) as a smart investment option, highlighting its diversified sector allocation compared to the traditional market-cap weighted S&P 500, which is heavily concentrated in tech. While the standard S&P 500 has outperformed in the last decade, the equal-weight ETF has shown stronger long-term performance since its inception and during market recoveries not driven by specific sectors.","The S&P 500 has experienced a sell-off, prompting investors to consider alternative ways to gain exposure to the index. This article suggests the Invesco S&P 500 Equal Weight ETF (RSP) as a smart investment option, highlighting its diversified sector allocation compared to the traditional market-cap weighted S&P 500, which is heavily concentrated in tech. While the standard S&P 500 has outperformed in the last decade, the equal-weight ETF has shown stronger long-term performance since its inception and during market recoveries not driven by specific sectors."
2025-03-19,https://www.nrn.com/family-dining/denny-s-debuts-nvidia-breakfast-bytes,Nation’s Restaurant News,Ron Ruggless,Denny’s debuts Nvidia Breakfast Bytes,"Denny's has launched a new limited-time menu item called ""Nvidia Breakfast Bytes"" to honor Nvidia founder Jensen Huang, who reportedly conceived the idea for Nvidia at a Denny's diner booth. The dish features sausages wrapped in pancakes with maple syrup, reflecting Huang's preferred way of eating it. This launch coincides with Yum Brands Inc. also announcing a partnership with Nvidia to integrate AI technologies across its restaurants.","Denny's has launched a new limited-time menu item called ""Nvidia Breakfast Bytes"" to honor Nvidia founder Jensen Huang, who reportedly conceived the idea for Nvidia at a Denny's diner booth. The dish features sausages wrapped in pancakes with maple syrup, reflecting Huang's preferred way of eating it. This launch coincides with Yum Brands Inc. also announcing a partnership with Nvidia to integrate AI technologies across its restaurants."
2025-03-18,https://www.reuters.com/technology/apple-loses-german-antitrust-appeal-opening-door-greater-controls-2025-03-18/,Reuters,Ursula Knapp,"Apple loses German antitrust fight, faces greater scrutiny","Apple lost its challenge in Germany's top civil court against its classification as a significant market power, a designation that grants antitrust regulators more authority to scrutinize its business practices. The Federal Court of Justice upheld the German cartel office's 2023 ruling, placing Apple alongside Google (Alphabet) and Meta as tech giants subject to measures curbing dominance. This decision strengthens the German antitrust watchdog's position, especially concerning Apple's App Store and tracking regulations, though the EU's Digital Markets Act remains the primary standard for Big Tech.","Apple lost its challenge in Germany's top civil court against its classification as a significant market power, a designation that grants antitrust regulators more authority to scrutinize its business practices. The Federal Court of Justice upheld the German cartel office's 2023 ruling, placing Apple alongside Google (Alphabet) and Meta as tech giants subject to measures curbing dominance. This decision strengthens the German antitrust watchdog's position, especially concerning Apple's App Store and tracking regulations, though the EU's Digital Markets Act remains the primary standard for Big Tech."
2025-03-18,https://www.nrn.com/quick-service/yum-brands-partners-with-nvidia-to-accelerate-ai-technologies-across-its-global-system,Nation’s Restaurant News,Alicia Kelso,Yum Brands partners with Nvidia to accelerate AI technologies across its global system,"Yum Brands has partnered with Nvidia to advance AI technologies across its global restaurant system, leveraging Nvidia's applications to scale its Byte by Yum platform. The collaboration will initially focus on enhancing voice AI ordering in drive-thrus and call centers, implementing computer vision for operational efficiency, and using AI-generated analytics for restaurant intelligence. Pilots are already underway in select Taco Bell and Pizza Hut locations, with a broader rollout planned for 500 restaurants across all Yum Brands in the second quarter.","Yum Brands has partnered with Nvidia to advance AI technologies across its global restaurant system, leveraging Nvidia's applications to scale its Byte by Yum platform. The collaboration will initially focus on enhancing voice AI ordering in drive-thrus and call centers, implementing computer vision for operational efficiency, and using AI-generated analytics for restaurant intelligence. Pilots are already underway in select Taco Bell and Pizza Hut locations, with a broader rollout planned for 500 restaurants across all Yum Brands in the second quarter."
2025-03-18,https://www.troweprice.com/en/us/insights/where-can-investors-find-defensive-assets-in-todays-evolving-markets,T. Rowe Price,"Arif Husain, CFA, Sébastien Page, CFA, Adam Marden",Where can investors find defensive assets in today’s evolving markets?,"This article explores how investors can identify defensive assets in today's changing market environment, characterized by evolving risks like inflation and varied growth scenarios. T. Rowe Price experts discuss the continued role of the U.S. dollar, the renewed attractiveness of cash due to higher yields, and the changing dynamics of long-maturity U.S. Treasuries. They also touch on the potential defensive qualities of commodities, certain equity sectors like healthcare and consumer staples, and the re-evaluation of the ""Magnificent Seven"" as a defensive asset class.","This article explores how investors can identify defensive assets in today's changing market environment, characterized by evolving risks like inflation and varied growth scenarios. T. Rowe Price experts discuss the continued role of the U.S. dollar, the renewed attractiveness of cash due to higher yields, and the changing dynamics of long-maturity U.S. Treasuries. They also touch on the potential defensive qualities of commodities, certain equity sectors like healthcare and consumer staples, and the re-evaluation of the ""Magnificent Seven"" as a defensive asset class."
2025-03-18,https://www.satellitetoday.com/satshow-2025/2025/03/18/cruise-operators-navigate-customers-insatiable-demand-for-bandwidth/,Via Satellite,Shaun Waterman,Cruise Operators Navigate Customers’ Insatiable Demand for Bandwidth,"Cruise ship operators are facing an insatiable demand for bandwidth from passengers, driven by high-resolution smartphone cameras and a cloud-based ""always on"" culture. While network management tools prioritize premium users, providers like Starlink are seen as crucial for meeting the immense connectivity needs, despite some market competition and a lack of conventional enterprise-grade agreements. The evolving expectations of passengers necessitate continuous retrofitting of vessels and complex network management to ensure a satisfactory user experience, which is paramount for the industry.","Cruise ship operators are facing an insatiable demand for bandwidth from passengers, driven by high-resolution smartphone cameras and a cloud-based ""always on"" culture. While network management tools prioritize premium users, providers like Starlink are seen as crucial for meeting the immense connectivity needs, despite some market competition and a lack of conventional enterprise-grade agreements. The evolving expectations of passengers necessitate continuous retrofitting of vessels and complex network management to ensure a satisfactory user experience, which is paramount for the industry."
2025-03-17,https://www.everythinglubbock.com/business/press-releases/globenewswire/9395067/deadline-alert-skyworks-solutions-inc-swks-investors-who-lost-money-urged-to-contact-glancy-prongay-murray-llp-about-securities-fraud-lawsuit/,EverythingLubbock.com,NULL,"Deadline Alert: Skyworks Solutions, Inc. (SWKS) Investors Who Lost Money Urged To Contact Glancy Prongay & Murray LLP About Securities Fraud Lawsuit","Glancy Prongay & Murray LLP is reminding investors of Skyworks Solutions, Inc. (NASDAQ: SWKS) who suffered losses to contact them regarding a securities fraud lawsuit. The lawsuit alleges that Skyworks made misleading statements about its business operations and prospects, particularly concerning its relationship with Apple and its ability to capitalize on AI. Investors who purchased Skyworks securities between July 30, 2024, and February 5, 2025, have until May 5, 2025, to file a lead plaintiff motion.","Glancy Prongay & Murray LLP is reminding investors of Skyworks Solutions, Inc. (NASDAQ: SWKS) who suffered losses to contact them regarding a securities fraud lawsuit. The lawsuit alleges that Skyworks made misleading statements about its business operations and prospects, particularly concerning its relationship with Apple and its ability to capitalize on AI. Investors who purchased Skyworks securities between July 30, 2024, and February 5, 2025, have until May 5, 2025, to file a lead plaintiff motion."
2025-03-17,https://www.taboola.com/marketing-hub/are-facebook-ads-worth-it/,Taboola.com,"Alexandra Frost, Rima Sherman",When Facebook Ads Won’t Help Performance Advertisers,"This article discusses when Facebook ads are beneficial for performance advertisers and when they may not be. While Facebook offers extensive targeting and can drive traffic, marketers should be aware of diminishing returns due to factors like inappropriate budgets, ad frequency fatigue, rising CPA, and audience demographics. The piece emphasizes the importance of a diversified media mix and exploring alternative advertising channels for sustainable growth.","This article discusses when Facebook ads are beneficial for performance advertisers and when they may not be. While Facebook offers extensive targeting and can drive traffic, marketers should be aware of diminishing returns due to factors like inappropriate budgets, ad frequency fatigue, rising CPA, and audience demographics. The piece emphasizes the importance of a diversified media mix and exploring alternative advertising channels for sustainable growth."
2025-03-16,https://www.marketbeat.com/stocks/NASDAQ/QQQH/ratings/,MarketBeat,MarketBeat.com Staff,NEOS Nasdaq-100 Hedged Equity Income ETF Review and Aggregate Rating (QQQH),"The NEOS Nasdaq-100 Hedged Equity Income ETF (QQQH) has an aggregate rating of ""Moderate Buy"" based on analysis of its holdings. MarketBeat calculates this rating and a price target by considering Wall Street analyst ratings for the individual stocks within the ETF's portfolio. The aggregate price target for QQQH is $53.32, with its top holdings including NVIDIA, Apple, Microsoft, and Amazon.com.","The NEOS Nasdaq-100 Hedged Equity Income ETF (QQQH) has an aggregate rating of ""Moderate Buy"" based on analysis of its holdings. MarketBeat calculates this rating and a price target by considering Wall Street analyst ratings for the individual stocks within the ETF's portfolio. The aggregate price target for QQQH is $53.32, with its top holdings including NVIDIA, Apple, Microsoft, and Amazon.com."
2025-03-15,https://www.insidermonkey.com/blog/is-wesco-international-inc-wcc-the-best-stock-to-buy-according-to-seth-klarman-1482758/,Insider Monkey,Neha Gupta,Is Wesco International Inc. (WCC) the Best Stock to Buy According to Seth Klarman?,"The article discusses Wesco International Inc. (WCC) as a stock held by Seth Klarman's Baupost Group, which has refocused its strategy after a period of underperformance. Klarman's firm generated a 10% return in 2024 and increased its credit investments. Wesco International (WCC) is highlighted as an industrial company benefiting from growth trends, especially in data centers, and delivered strong Q4 2024 results.","The article discusses Wesco International Inc. (WCC) as a stock held by Seth Klarman's Baupost Group, which has refocused its strategy after a period of underperformance. Klarman's firm generated a 10% return in 2024 and increased its credit investments. Wesco International (WCC) is highlighted as an industrial company benefiting from growth trends, especially in data centers, and delivered strong Q4 2024 results."
2025-03-14,https://www.benzinga.com/etfs/specialty-etfs/25/03/44330587/us-vs-europe-etfs-is-the-tide-turning,Benzinga,Chandrima Sanyal,US Vs. Europe ETFs: Is The Tide Turning?,"European equities have notably outperformed U.S. equities since the beginning of 2025, leading to a shift in investor sentiment, with European investors pulling out of U.S. equity ETFs. This divergence is attributed to geopolitical developments, China's economic rebound supporting European exports, and concerns over U.S. mega-cap tech valuations and tariffs. Despite these shifts, both U.S. and European ETF markets are experiencing robust growth, although European ETFs have grown faster due to lower percentages of registered funds historically.","European equities have notably outperformed U.S. equities since the beginning of 2025, leading to a shift in investor sentiment, with European investors pulling out of U.S. equity ETFs. This divergence is attributed to geopolitical developments, China's economic rebound supporting European exports, and concerns over U.S. mega-cap tech valuations and tariffs. Despite these shifts, both U.S. and European ETF markets are experiencing robust growth, although European ETFs have grown faster due to lower percentages of registered funds historically."
2025-03-14,https://www.fierce-network.com/sponsored/sonims-expansion-future-rugged-phones,Fierce Network,,Sonim’s Expansion & the Future of Rugged Phones,"At MWC25, Sonim Technologies unveiled its accelerated growth in the EMEA region and its expanded product line, including two new professional-grade, consumer-rugged smartphones. Simon Rayne highlighted the company's strengthened presence across carriers and retail, and announced an upcoming thermal imaging smartphone developed in partnership with FLIR. Sonim emphasizes the durability, enterprise-grade features, and reliability of its devices for various industries and users seeking robust performance.","At MWC25, Sonim Technologies unveiled its accelerated growth in the EMEA region and its expanded product line, including two new professional-grade, consumer-rugged smartphones. Simon Rayne highlighted the company's strengthened presence across carriers and retail, and announced an upcoming thermal imaging smartphone developed in partnership with FLIR. Sonim emphasizes the durability, enterprise-grade features, and reliability of its devices for various industries and users seeking robust performance."
2025-03-14,https://www.notebookcheck.net/Movano-Evie-Ring-adds-new-data-tracking-features.977795.0.html,Notebookcheck,Sarfo Ashong-Listowell,Movano Evie Ring adds new data tracking features,"Movano Health has introduced new data visualization features to the Evie Ring app, focusing on women's health metrics and improving user experience. These updates include Apple Health integration, menstrual cycle tracking, and comprehensive 7-day and 30-day graphs for various health indicators. The app also now allows users to log past workouts even if the ring was not worn, enhancing the device's practicality and utility.","Movano Health has introduced new data visualization features to the Evie Ring app, focusing on women's health metrics and improving user experience. These updates include Apple Health integration, menstrual cycle tracking, and comprehensive 7-day and 30-day graphs for various health indicators. The app also now allows users to log past workouts even if the ring was not worn, enhancing the device's practicality and utility."
2025-03-14,https://www.jpmorgan.com/insights/markets/top-market-takeaways/tmt-tariff-implications-for-investors-building-a-resilient-portfolio-amid-pullbacks,J.P. Morgan,Global Investment Strategy Team,Tariff Implications For Investors: Building A Resilient Portfolio Amid Pullbacks,"J.P. Morgan's Global Investment Strategy Team discusses the implications of recent tariff announcements on the markets, noting the S&P 500's first 10% correction in two years. They argue that the current market pullback is a valuation adjustment rather than a fundamental economic issue, citing resilient ""hard data"" and historical market behavior after growth scares. The article advises investors to build resilient portfolios through diversification, income-generating assets like infrastructure, and inflation hedges such as gold.","J.P. Morgan's Global Investment Strategy Team discusses the implications of recent tariff announcements on the markets, noting the S&P 500's first 10% correction in two years. They argue that the current market pullback is a valuation adjustment rather than a fundamental economic issue, citing resilient ""hard data"" and historical market behavior after growth scares. The article advises investors to build resilient portfolios through diversification, income-generating assets like infrastructure, and inflation hedges such as gold."
2025-03-14,https://www.claimsjournal.com/news/national/2025/03/14/329490.htm,Claims Journal,"Josh Sisco, Leah Nylen, Chris Dolmetsch",Live Nation Loses Bid to Narrow DOJ Ticketmaster Case,"A federal judge in New York denied Live Nation Entertainment Inc.'s attempt to narrow the Justice Department’s antitrust case against it, which seeks to break off Ticketmaster. The DOJ and some 30 states allege Live Nation has illegally monopolized the live events industry, controlling a significant portion of concert venues and ticketing. A trial is scheduled for March 2026.","A federal judge in New York denied Live Nation Entertainment Inc.'s attempt to narrow the Justice Department’s antitrust case against it, which seeks to break off Ticketmaster. The DOJ and some 30 states allege Live Nation has illegally monopolized the live events industry, controlling a significant portion of concert venues and ticketing. A trial is scheduled for March 2026."
2025-03-13,https://www.tikr.com/blog/3-undervalued-wide-moat-stocks-with-unbreakable-competitive-advantages,TIKR.com,Thomas Richmond,3 Undervalued Wide-Moat Stocks With Unbreakable Competitive Advantages,"This article identifies three undervalued wide-moat stocks: MSCI, CSX Corporation, and Taiwan Semiconductor Manufacturing (TSM). Each company benefits from strong competitive advantages and high barriers to entry in their respective industries, leading to sustainable profitability. Analysts see significant upside potential for all three, with TSM offering the highest projected growth.","This article identifies three undervalued wide-moat stocks: MSCI, CSX Corporation, and Taiwan Semiconductor Manufacturing (TSM). Each company benefits from strong competitive advantages and high barriers to entry in their respective industries, leading to sustainable profitability. Analysts see significant upside potential for all three, with TSM offering the highest projected growth."
2025-03-13,https://www.hcamag.com/ca/specialization/recruitment/over-3-in-4-canadian-employers-continue-to-struggle-to-hire-talent-report/528454,Human Resources Director,Jim Wilson,Over 3 in 4 Canadian employers continue to struggle to hire talent: Report,"A new report by ManpowerGroup indicates that 77% of Canadian employers face significant challenges in hiring skilled talent, a slight improvement from the previous year, but still above the global average. This talent shortage is widespread across various industries, employee numbers, and regions within Canada, with provinces like Quebec and Ontario showing high percentages. Companies are addressing this by increasing wages, upskilling current employees, and targeting new talent pools, while experts suggest further measures like promoting equal opportunities and continuous training.","A new report by ManpowerGroup indicates that 77% of Canadian employers face significant challenges in hiring skilled talent, a slight improvement from the previous year, but still above the global average. This talent shortage is widespread across various industries, employee numbers, and regions within Canada, with provinces like Quebec and Ontario showing high percentages. Companies are addressing this by increasing wages, upskilling current employees, and targeting new talent pools, while experts suggest further measures like promoting equal opportunities and continuous training."
2025-03-12,https://www.tradingview.com/symbols/AMEX-JUSA/analysis/,TradingView,,"JUSA ETF Analysis: Dividends, Returns AMEX:JUSA","This article provides an in-depth analysis of the JPMorgan U.S. Research Enhanced Large Cap ETF (JUSA), covering its dividends, returns, and key financial metrics. JUSA is an actively managed ETF focusing on large-cap U.S. companies, utilizing a three-step investment process that includes research, valuation, and stock selection, with consideration for ESG factors. The fund has an AUM of $195.46 million, an expense ratio of 0.12%, and primarily invests in Electronic Technology and Technology Services sectors.","This article provides an in-depth analysis of the JPMorgan U.S. Research Enhanced Large Cap ETF (JUSA), covering its dividends, returns, and key financial metrics. JUSA is an actively managed ETF focusing on large-cap U.S. companies, utilizing a three-step investment process that includes research, valuation, and stock selection, with consideration for ESG factors. The fund has an AUM of $195.46 million, an expense ratio of 0.12%, and primarily invests in Electronic Technology and Technology Services sectors."
2025-03-12,https://www.tradingview.com/symbols/NASDAQ-FEPI/,TradingView,,FEPI Stock Fund Price and Chart — NASDAQ:FEPI,"This article provides an overview of the REX FANG & Innovation Equity Premium Income ETF (FEPI), detailing its price performance, key statistics like AUM and dividend yield, and investment strategy. FEPI employs a covered call strategy on top US technology companies, aiming for income generation and limited capital appreciation. The fund's historical performance, asset allocation, and technical analysis indicators are also presented.","This article provides an overview of the REX FANG & Innovation Equity Premium Income ETF (FEPI), detailing its price performance, key statistics like AUM and dividend yield, and investment strategy. FEPI employs a covered call strategy on top US technology companies, aiming for income generation and limited capital appreciation. The fund's historical performance, asset allocation, and technical analysis indicators are also presented."
2025-03-12,https://www.bizjournals.com/washington/inno/stories/profiles/2025/03/12/e-cue-harsha-mokkarala-stealth-data-startup.html,The Business Journals,Nate Doughty,Former 2U and Capital One executive launches AI startup to help companies make better sense of data,"Harsha Mokkarala, a former executive at 2U and Capital One, has launched E:cue, an AI startup aimed at helping companies better utilize their data. Based in Rockville, the young company has secured backing from the D.C. investment firm Ardent Venture Partners. The article highlights other related startup news in the DMV area, including investments in other local tech companies.","Harsha Mokkarala, a former executive at 2U and Capital One, has launched E:cue, an AI startup aimed at helping companies better utilize their data. Based in Rockville, the young company has secured backing from the D.C. investment firm Ardent Venture Partners. The article highlights other related startup news in the DMV area, including investments in other local tech companies."
2025-03-12,https://www.pcworld.com/article/2635272/sonos-has-reportedly-dropped-one-of-its-worst-ideas.html,PCWorld,Ben Patterson,Sonos has reportedly dropped one of its worst ideas,"Sonos has reportedly canceled its plans for a streaming video player codenamed ""Pinewood,"" a product that many observers believed was a disastrous idea for the company. This decision comes after a challenging period for Sonos, including a botched flagship app update and the launch of the indifferently received Ace headphones. By dropping the streaming player, Sonos avoids entering a saturated market with a potentially overpriced device and can instead refocus on its core multi-room audio business.","Sonos has reportedly canceled its plans for a streaming video player codenamed ""Pinewood,"" a product that many observers believed was a disastrous idea for the company. This decision comes after a challenging period for Sonos, including a botched flagship app update and the launch of the indifferently received Ace headphones. By dropping the streaming player, Sonos avoids entering a saturated market with a potentially overpriced device and can instead refocus on its core multi-room audio business."
2025-03-12,https://www.royalgazette.com/bermuda-stock-exchange/business/article/20250312/bsx-launches-new-trading-and-settlement-platform/,Royal Gazette | Bermuda,Claire Shefchik,BSX launches new trading and settlement platform,"The Bermuda Stock Exchange (BSX) has introduced a new, fully integrated trading, clearing, and settlement platform developed in partnership with its parent company, Miami International Holdings (MIH). This technological advancement aims to enhance efficiency, expand market capabilities, and reinforce Bermuda's capital market. The platform integrates MIH's proprietary trading systems with clearing and central security depository technology from Vermiculus, offering scalability and a best-in-class user experience.","The Bermuda Stock Exchange (BSX) has introduced a new, fully integrated trading, clearing, and settlement platform developed in partnership with its parent company, Miami International Holdings (MIH). This technological advancement aims to enhance efficiency, expand market capabilities, and reinforce Bermuda's capital market. The platform integrates MIH's proprietary trading systems with clearing and central security depository technology from Vermiculus, offering scalability and a best-in-class user experience."
2025-03-12,https://www.marketbeat.com/originals/rockwell-automation-poised-to-gain-from-us-tariffs-and-onshoring/,MarketBeat,Jea Yu,Rockwell Automation Poised to Gain From U.S. Tariffs & Onshoring,"Rockwell Automation stands to benefit significantly from U.S. tariffs and the growing trend of onshoring manufacturing back to the United States. The company, which produces industrial automation equipment and has over 70% of its products ""Made in America,"" is well-positioned to capitalize on increased domestic production spurred by trade policies. Despite conservative guidance, analysts maintain a ""Moderate Buy"" rating, anticipating that Rockwell will mitigate tariff impacts and emerge as a net beneficiary.","Rockwell Automation stands to benefit significantly from U.S. tariffs and the growing trend of onshoring manufacturing back to the United States. The company, which produces industrial automation equipment and has over 70% of its products ""Made in America,"" is well-positioned to capitalize on increased domestic production spurred by trade policies. Despite conservative guidance, analysts maintain a ""Moderate Buy"" rating, anticipating that Rockwell will mitigate tariff impacts and emerge as a net beneficiary."
2025-03-11,https://www.yicaiglobal.com/news/us-flash-memory-giant-sandisk-to-hike-prices-by-10-amid-projected-shortage,Yicai Global,Wei Zhongyuan,SanDisk to Hike NAND Prices by Over 10% as US Memory Giant Expects Supply to Tighten,"SanDisk, a leading memory chip maker, plans to increase its NAND flash memory prices by over 10% from April 1st in anticipation of a supply shortage. This decision follows production cuts by major OEMs due to a previous surplus, and while it signals a potential market recovery, its acceptance by clients and the impact of weak demand in consumer electronics remain uncertain. The long-term outlook depends on the recovery of PC and smartphone demand and the adoption of AI features in gadgets.","SanDisk, a leading memory chip maker, plans to increase its NAND flash memory prices by over 10% from April 1st in anticipation of a supply shortage. This decision follows production cuts by major OEMs due to a previous surplus, and while it signals a potential market recovery, its acceptance by clients and the impact of weak demand in consumer electronics remain uncertain. The long-term outlook depends on the recovery of PC and smartphone demand and the adoption of AI features in gadgets."
2025-03-11,https://seekingalpha.com/article/4766533-mags-3-reasons-the-dive-is-probably-not-over,Seeking Alpha,Sungarden Investment Publishing,MAGS: 3 Reasons The Dive Is Probably Not Over (BATS:MAGS),"The article argues that the ""Magnificent 7"" stocks, represented by the Roundhill Magnificent Seven ETF (MAGS), are facing continued trouble and a short-term bounce is unlikely to resolve underlying issues. The author attributes this to these stocks being overbought, the market's excessive focus on them, and the top-heavy nature of the U.S. market, increasing the risk of a swift downturn. The author prefers using QQQ calls for limited exposure to these dominant stocks.","The article argues that the ""Magnificent 7"" stocks, represented by the Roundhill Magnificent Seven ETF (MAGS), are facing continued trouble and a short-term bounce is unlikely to resolve underlying issues. The author attributes this to these stocks being overbought, the market's excessive focus on them, and the top-heavy nature of the U.S. market, increasing the risk of a swift downturn. The author prefers using QQQ calls for limited exposure to these dominant stocks."
2025-03-11,https://www.businesswire.com/news/home/20250311864533/en/Intuit-QuickBooks-Enables-Tap-to-Pay-on-iPhone-for-Small-and-Mid-Market-Businesses-to-Accept-Contactless-Payments,Business Wire,,Intuit QuickBooks Enables Tap to Pay on iPhone for Small and Mid-Market Businesses to Accept Contactless Payments,"Intuit Inc. announced the availability of Tap to Pay on iPhone for its QuickBooks Online customers in the U.S., allowing small and mid-market businesses to accept contactless payments using just an iPhone, without additional hardware. This feature integrates directly with QuickBooks Online, streamlining financial management and accelerating cash flow for merchants. The company highlights that this solution addresses common challenges faced by small businesses, such as cash flow issues and the need for flexible payment options, while also offering lower processing fees and secure transactions.","Intuit Inc. announced the availability of Tap to Pay on iPhone for its QuickBooks Online customers in the U.S., allowing small and mid-market businesses to accept contactless payments using just an iPhone, without additional hardware. This feature integrates directly with QuickBooks Online, streamlining financial management and accelerating cash flow for merchants. The company highlights that this solution addresses common challenges faced by small businesses, such as cash flow issues and the need for flexible payment options, while also offering lower processing fees and secure transactions."
2025-03-11,https://www.paymentsdive.com/news/green-dot-citi-strategic-review-sale-ceo-exit-gresham/742096/,Payments Dive,Lynne Marek,Green Dot considers sale as CEO exits,"Green Dot, an embedded finance company, is exploring ""potential strategic alternatives,"" including a possible sale, after posting a $26.7 million loss last year. The company's CEO, George Gresham, has also exited his role and been replaced by interim CEO William Jacobs. This upheaval follows Green Dot grappling with shrinking profit margins and a $44 million fine from the Federal Reserve.","Green Dot, an embedded finance company, is exploring ""potential strategic alternatives,"" including a possible sale, after posting a $26.7 million loss last year. The company's CEO, George Gresham, has also exited his role and been replaced by interim CEO William Jacobs. This upheaval follows Green Dot grappling with shrinking profit margins and a $44 million fine from the Federal Reserve."
2025-03-10,https://www.tradingview.com/news/zacks:1f46b704c094b:0-5-beaten-down-etfs-to-buy-now/,TradingView,,5 Beaten-Down ETFs to Buy Now,"The U.S. stock market recently experienced a significant downturn, wiping out $3.5 trillion, attributed to tariff wars, a slowing economy, and inflationary pressures. Despite this volatility, the article suggests that the beaten-down prices present a solid buying opportunity, especially considering potential rate cuts by the Federal Reserve and the boom in AI technology. It highlights five specific ETFs with Strong Buy or Buy ratings that are poised to outperform when the market recovers.","The U.S. stock market recently experienced a significant downturn, wiping out $3.5 trillion, attributed to tariff wars, a slowing economy, and inflationary pressures. Despite this volatility, the article suggests that the beaten-down prices present a solid buying opportunity, especially considering potential rate cuts by the Federal Reserve and the boom in AI technology. It highlights five specific ETFs with Strong Buy or Buy ratings that are poised to outperform when the market recovers."
2025-03-10,https://www.quiverquant.com/news/Whitestone+REIT+Announces+Transformative+Plans+for+Davenport+Village+in+Austin%2C+Introducing+Starbucks+Reserve%2C+Pvolve%2C+RVE+Fitness%2C+and+CUBExec,Quiver Quantitative,,"Whitestone REIT Announces Transformative Plans for Davenport Village in Austin, Introducing Starbucks Reserve, Pvolve, RVE Fitness, and CUBExec","Whitestone REIT is revitalizing Davenport Village in Austin, Texas, transforming it into an 18-hour activity hub. This strategic shift involves bringing in upscale brands like Starbucks Reserve, Pvolve, RVE Fitness, and CUBExec to cater to West Austin's affluent and tech-savvy community. The aim is to enhance community engagement, drive traffic, and significantly increase the property's value for both shareholders and the neighborhood.","Whitestone REIT is revitalizing Davenport Village in Austin, Texas, transforming it into an 18-hour activity hub. This strategic shift involves bringing in upscale brands like Starbucks Reserve, Pvolve, RVE Fitness, and CUBExec to cater to West Austin's affluent and tech-savvy community. The aim is to enhance community engagement, drive traffic, and significantly increase the property's value for both shareholders and the neighborhood."
2025-03-10,https://www.stvincenttimes.com/timur-turlov-the-future-of-the-market-and-how-entrepreneurs-can-stay-one-step-ahead/,St Vincent Times,Times Staff,Timur Turlov: The Future of the Market and How Entrepreneurs Can Stay One Step Ahead,"Timur Turlov, CEO of Freedom Holding Corp., shares his insights on navigating the future market as an entrepreneur. He emphasizes adaptability, investing in technology and AI, viewing money as a tool, building trust over marketing, self-education, and balancing family and business. Turlov's company has seen significant growth, achieving $655.2 million in revenue and a market capitalization exceeding $9.5 billion.","Timur Turlov, CEO of Freedom Holding Corp., shares his insights on navigating the future market as an entrepreneur. He emphasizes adaptability, investing in technology and AI, viewing money as a tool, building trust over marketing, self-education, and balancing family and business. Turlov's company has seen significant growth, achieving $655.2 million in revenue and a market capitalization exceeding $9.5 billion."
2025-03-10,https://www.prnewswire.com/news-releases/movanos-evie-ring-adds-new-personalization-and-trend-tracking-to-support-womens-wellness-journey-302396442.html,PR Newswire,,Movano's Evie Ring Adds New Personalization and Trend Tracking to Support Women's Wellness Journey,"Movano Health has updated its Evie Ring with new personalization and trend tracking features to enhance women's wellness journeys. These updates include integration with Apple Health, detailed 7- and 30-day trend graphs for various health metrics, and expanded workout tracking capabilities. The Evie Ring, priced at $269 with no subscription fees, aims to provide comprehensive and personalized health insights.","Movano Health has updated its Evie Ring with new personalization and trend tracking features to enhance women's wellness journeys. These updates include integration with Apple Health, detailed 7- and 30-day trend graphs for various health metrics, and expanded workout tracking capabilities. The Evie Ring, priced at $269 with no subscription fees, aims to provide comprehensive and personalized health insights."
2025-03-10,https://www.etftrends.com/free-cash-flow-channel/fcf-etf-vflo-looks-strong-heading-2025/,ETF Trends,Elle Caruso Fitzgerald,Why FCF ETF 'VFLO' Looks Strong in 2025,"The VictoryShares Free Cash Flow ETF (VFLO) demonstrated strong demand in 2024 and is well-positioned for 2025, offering diversification, attractive valuations, and strong historical returns. VFLO targets large-cap U.S. companies with high free cash flow yields, excluding ""Magnificent Seven"" stocks, making it a valuable complement to broad benchmarks. Its performance in 2024, generating a nearly 22% return, highlights its potential to improve value exposure in portfolios.","The VictoryShares Free Cash Flow ETF (VFLO) demonstrated strong demand in 2024 and is well-positioned for 2025, offering diversification, attractive valuations, and strong historical returns. VFLO targets large-cap U.S. companies with high free cash flow yields, excluding ""Magnificent Seven"" stocks, making it a valuable complement to broad benchmarks. Its performance in 2024, generating a nearly 22% return, highlights its potential to improve value exposure in portfolios."
2025-03-09,https://www.marketsmedia.com/coinbase-to-debut-combined-equities-crypto-index-futures/,Markets Media,,Coinbase to Debut Combined Equities & Crypto Index Futures,"Coinbase Derivatives is set to launch Mag7 + Crypto Equity Index Futures on September 22, offering the first US-listed derivative that provides combined exposure to traditional equities and cryptocurrency ETFs. This innovative product aims to provide thematic exposure to innovation and growth assets, diversification, and strategic risk management. The index will include the ""Magnificent 7"" stocks (AAPL, MSFT, GOOGL, AMZN, NVDA, META, TSLA), Coinbase Global Inc. (COIN), and cryptocurrency ETFs (IBIT, ETHA), with an even-weighting methodology and quarterly rebalancing.","Coinbase Derivatives is set to launch Mag7 + Crypto Equity Index Futures on September 22, offering the first US-listed derivative that provides combined exposure to traditional equities and cryptocurrency ETFs. This innovative product aims to provide thematic exposure to innovation and growth assets, diversification, and strategic risk management. The index will include the ""Magnificent 7"" stocks (AAPL, MSFT, GOOGL, AMZN, NVDA, META, TSLA), Coinbase Global Inc. (COIN), and cryptocurrency ETFs (IBIT, ETHA), with an even-weighting methodology and quarterly rebalancing."
2025-03-07,https://www.costar.com/article/989947000/tech-ceo-follows-his-customers-in-relocating-to-south-florida,CoStar,Joshua S. Andino,News | Tech CEO follows his customers in relocating to South Florida,"Varonis, a technology company, is relocating its headquarters from New York to Miami, following a trend of businesses moving to South Florida. Co-founder and CEO Yaki Faitelson cited Miami's business-friendly environment, quality of life, and ability to attract talent and clients as key factors. The move reflects Miami's growing appeal as a hub for finance, tech, and professional services, though the local office market is currently experiencing a moderation after a pandemic-era boom.","Varonis, a technology company, is relocating its headquarters from New York to Miami, following a trend of businesses moving to South Florida. Co-founder and CEO Yaki Faitelson cited Miami's business-friendly environment, quality of life, and ability to attract talent and clients as key factors. The move reflects Miami's growing appeal as a hub for finance, tech, and professional services, though the local office market is currently experiencing a moderation after a pandemic-era boom."
2025-03-07,https://www.reuters.com/legal/litigation/apple-defeats-alivecor-bid-block-us-smartwatch-imports-us-appeal-2025-03-07/,Reuters,Blake Brittain,Apple defeats AliveCor bid to block US smartwatch imports in US appeal,"A U.S. appeals court upheld Apple's win against medical device maker AliveCor in a patent dispute, preventing a potential import ban on Apple Watches. The court affirmed the invalidity of AliveCor's heart-rate monitoring patents that Apple was accused of infringing. This decision negates a U.S. trade tribunal's earlier ruling that Apple had violated AliveCor's rights, though AliveCor plans to explore further legal options.","A U.S. appeals court upheld Apple's win against medical device maker AliveCor in a patent dispute, preventing a potential import ban on Apple Watches. The court affirmed the invalidity of AliveCor's heart-rate monitoring patents that Apple was accused of infringing. This decision negates a U.S. trade tribunal's earlier ruling that Apple had violated AliveCor's rights, though AliveCor plans to explore further legal options."
2025-03-07,https://abc13.com/post/truck-driver-distracted-dating-app-before-crashing-tomball-woman-bell-county-central-texas-lawsuit-claims/15986131/,ABC13 Houston,Jessica Willey,"Truck driver distracted by dating app before crashing into Tomball woman in Bell County in central Texas, lawsuit claims","A lawsuit claims an 18-wheeler driver was distracted by a dating app and his phone shortly before and during a fatal crash in Bell County, Texas, that killed Tracy Rambosek. Evidence from phone records and dashcam video suggests the driver, Barry Giebelstein, was taking screenshots and using a dating app moments before the collision. The lawsuit also alleges that Giebelstein's employer, J.B. Hunt Transport Services, Inc., had multiple prior warnings about his distracted driving but failed to take adequate action to prevent the crash.","A lawsuit claims an 18-wheeler driver was distracted by a dating app and his phone shortly before and during a fatal crash in Bell County, Texas, that killed Tracy Rambosek. Evidence from phone records and dashcam video suggests the driver, Barry Giebelstein, was taking screenshots and using a dating app moments before the collision. The lawsuit also alleges that Giebelstein's employer, J.B. Hunt Transport Services, Inc., had multiple prior warnings about his distracted driving but failed to take adequate action to prevent the crash."
2025-03-06,https://etftrends.com/alternatives-channel/outpace-traditional-bond-yields-calamos-etfs/,ETF Trends,Nick Wodeshick,Outpace Traditional Bond Yields With Calamos ETFs,"This article highlights how Calamos ETFs, specifically the Calamos CEF Income & Arbitrage ETF (CCEF) and the Calamos Alternative Nasdaq & Bond ETF (CANQ), can offer investors higher income and better returns than traditional bond strategies. CCEF invests in discounted closed-end funds, providing a 7.20% SEC yield, while CANQ combines fixed income with Nasdaq-100 exposure, yielding 5.14%. Both funds aim to provide diversification and superior performance compared to traditional bond indexes.","This article highlights how Calamos ETFs, specifically the Calamos CEF Income & Arbitrage ETF (CCEF) and the Calamos Alternative Nasdaq & Bond ETF (CANQ), can offer investors higher income and better returns than traditional bond strategies. CCEF invests in discounted closed-end funds, providing a 7.20% SEC yield, while CANQ combines fixed income with Nasdaq-100 exposure, yielding 5.14%. Both funds aim to provide diversification and superior performance compared to traditional bond indexes."
2025-03-06,https://www.oregonlive.com/silicon-forest/2025/03/legislature-takes-up-plan-to-shield-oregon-consumers-from-data-centers-power-costs.html,OregonLive.com,Mike Rogoway,Legislature takes up plan to shield Oregon consumers from data centers’ power costs,"Oregon lawmakers are considering House Bill 3546 to protect residential consumers from the rising costs of powering data centers. The bill would classify data centers and cryptocurrency miners as a new utility customer class, giving regulators authority to ensure households and small businesses don't shoulder these costs, and requiring new high-load customers to sign 10-year power purchase contracts. While some tech companies like Google support the idea of multi-year agreements and infrastructure charges, they suggest expanding the bill to cover all large power loads, not just data centers, and including collateral requirements.","Oregon lawmakers are considering House Bill 3546 to protect residential consumers from the rising costs of powering data centers. The bill would classify data centers and cryptocurrency miners as a new utility customer class, giving regulators authority to ensure households and small businesses don't shoulder these costs, and requiring new high-load customers to sign 10-year power purchase contracts. While some tech companies like Google support the idea of multi-year agreements and infrastructure charges, they suggest expanding the bill to cover all large power loads, not just data centers, and including collateral requirements."
2025-03-06,https://www.marketbeat.com/stocks/NYSEARCA/OMAH/,MarketBeat,,"VistaShares Target 15 Berkshire Select Income ETF ETF Price, Holdings, & News (NYSEARCA:OMAH)","The VistaShares Target 15 Berkshire Select Income ETF (OMAH) launched on March 5, 2025, and invests in large-cap equities, mostly Berkshire Hathaway positions, using a covered call strategy. The ETF boasts a 14.84% dividend yield and manages assets worth $777.58 million. As of May 22, 2026, OMAH shares have risen 2.1% this year, trading at $19.14.","The VistaShares Target 15 Berkshire Select Income ETF (OMAH) launched on March 5, 2025, and invests in large-cap equities, mostly Berkshire Hathaway positions, using a covered call strategy. The ETF boasts a 14.84% dividend yield and manages assets worth $777.58 million. As of May 22, 2026, OMAH shares have risen 2.1% this year, trading at $19.14."
2025-03-06,https://www.businesstimes.com.sg/companies-markets/telcos-media-tech/apples-use-sitime-iphone-16e-fuels-stock-rally-chipmaker,The Business Times,,Apple’s use of SiTime in iPhone 16e fuels stock rally for chipmaker,"The inclusion of SiTime components in Apple's new iPhone 16e model has led to a 20% stock rally for the lesser-known chipmaker. SiTime, which produces silicon-based clock components, is seeing this as a significant market opportunity, with Apple reportedly accounting for 22% of its revenue. Apple's newest phone also features its own custom modem chip, the C1, moving away from Qualcomm components.","The inclusion of SiTime components in Apple's new iPhone 16e model has led to a 20% stock rally for the lesser-known chipmaker. SiTime, which produces silicon-based clock components, is seeing this as a significant market opportunity, with Apple reportedly accounting for 22% of its revenue. Apple's newest phone also features its own custom modem chip, the C1, moving away from Qualcomm components."
2025-03-06,https://www.etnownews.com/companies/rs-1000-cr-investment-apple-supplier-jabil-to-open-2nd-facility-in-this-state-details-article-118766455,ET Now,Samta Barnali Achintya,"Rs 1,000 cr investment! Apple supplier Jabil to open 2nd facility in THIS state - Details","Apple supplier Jabil plans to invest Rs 1,000 crore to establish its second facility in India, specifically in Gujarat. This new post-wafer fabrication silicon photonics facility aims to strengthen Jabil's presence in India and build on its previous success in Pune. The expansion aligns with customer demand for manufacturing destinations outside of places like Malaysia and is expected to create jobs and foster a domestic semiconductor industry.","Apple supplier Jabil plans to invest Rs 1,000 crore to establish its second facility in India, specifically in Gujarat. This new post-wafer fabrication silicon photonics facility aims to strengthen Jabil's presence in India and build on its previous success in Pune. The expansion aligns with customer demand for manufacturing destinations outside of places like Malaysia and is expected to create jobs and foster a domestic semiconductor industry."
2025-03-06,https://inc42.com/buzz/jabil-to-set-up-silicon-photonics-unit-in-gujarat-with-125-mn-investment/,Inc42,Team Inc42,Jabil To Set Up Silicon Photonics Unit In Gujarat With $125 Mn Investment,"Apple vendor Jabil plans to invest around $125 million (INR 1,000 Cr) to establish a silicon photonics manufacturing factory in Gujarat, India. This unit, which will produce components for high-speed data transmission in industries like autonomous vehicles and 5G, is expected to be operational within the current calendar year. This investment is part of larger commitments in Gujarat's semiconductor sector, totaling INR 15,000 Cr from various domestic and foreign firms.","Apple vendor Jabil plans to invest around $125 million (INR 1,000 Cr) to establish a silicon photonics manufacturing factory in Gujarat, India. This unit, which will produce components for high-speed data transmission in industries like autonomous vehicles and 5G, is expected to be operational within the current calendar year. This investment is part of larger commitments in Gujarat's semiconductor sector, totaling INR 15,000 Cr from various domestic and foreign firms."
2025-03-06,https://www.forrester.com/blogs/apple-and-the-uk-government-broke-a-trust-promise/,Forrester,"Enza Iannopollo, Martin Gill",Apple And The UK Government Broke A “Trust Promise”,"Apple has ceased offering its Advanced Data Protection (ADP) feature in the UK, a decision prompted by the UK government's request for access to user data. This move is seen as a breach of trust by Apple, which traditionally champions user privacy, and raises concerns about global repercussions for data privacy. The article emphasizes that this decision could further erode already weak public trust in the UK government, potentially hindering its AI implementation strategies.","Apple has ceased offering its Advanced Data Protection (ADP) feature in the UK, a decision prompted by the UK government's request for access to user data. This move is seen as a breach of trust by Apple, which traditionally champions user privacy, and raises concerns about global repercussions for data privacy. The article emphasizes that this decision could further erode already weak public trust in the UK government, potentially hindering its AI implementation strategies."
2025-03-06,https://www.jll.com/en-us/newsroom/del-monte-shopping-center-trades-hands-for-dollar-123-point-535m,JLL,GK Gréta Kieras,Del Monte Shopping Center trades hands for $123.535M,"JLL Capital Markets has announced the sale of Del Monte Shopping Center in Monterey, California, for $123.535 million. American Assets Trust, Inc. sold the 675,088-square-foot retail property to Federal Realty Investment Trust. The center, a cornerstone of Monterey's retail landscape since 1967, is 83.2% occupied and attracts 5.2 million annual visitors with a diverse mix of high-profile tenants.","JLL Capital Markets has announced the sale of Del Monte Shopping Center in Monterey, California, for $123.535 million. American Assets Trust, Inc. sold the 675,088-square-foot retail property to Federal Realty Investment Trust. The center, a cornerstone of Monterey's retail landscape since 1967, is 83.2% occupied and attracts 5.2 million annual visitors with a diverse mix of high-profile tenants."
2025-03-05,https://www.bloomberg.com/news/articles/2025-03-05/apple-s-use-of-sitime-in-iphone-16e-fuels-stock-rally-for-chipmaker,Bloomberg.com,"Mark Gurman, Nick Turner, Janet Freund",Apple’s Use of SiTime in iPhone 16e Fuels Stock Rally for Chipmaker,"SiTime Corp. experienced a 20% stock rally on Wednesday after its timer chips were discovered in the new iPhone 16e during a device teardown by TechInsights. This news has boosted the profile of the relatively unknown chipmaker, which reported approximately $200 million in revenue last year. The integration of SiTime's components in the iPhone 16e signifies a broader shift in the device's internal architecture, benefiting the chipmaker.","SiTime Corp. experienced a 20% stock rally on Wednesday after its timer chips were discovered in the new iPhone 16e during a device teardown by TechInsights. This news has boosted the profile of the relatively unknown chipmaker, which reported approximately $200 million in revenue last year. The integration of SiTime's components in the iPhone 16e signifies a broader shift in the device's internal architecture, benefiting the chipmaker."
2025-03-05,https://www.bloomberg.com/news/articles/2025-03-05/apple-upgrades-macbook-air-and-mac-studio-after-sales-resurgence,Bloomberg.com,Mark Gurman,"Apple Debuts New MacBook Air, Mac Studio With AI-Ready Chips","Apple Inc. has launched updated MacBook Air laptops and Mac Studio desktops featuring new AI-focused M4 processors. The MacBook Air models come in 13-inch and 15-inch sizes, start at lower prices, and include improved cameras and multi-monitor support. These updates aim to sustain the recent sales resurgence for the company's computer line.","Apple Inc. has launched updated MacBook Air laptops and Mac Studio desktops featuring new AI-focused M4 processors. The MacBook Air models come in 13-inch and 15-inch sizes, start at lower prices, and include improved cameras and multi-monitor support. These updates aim to sustain the recent sales resurgence for the company's computer line."
2025-03-05,https://fortune.com/2025/03/05/state-street-fearless-girl-statue-diversity-policies/,Fortune,Chris Morris,The company that commissioned Wall Street's 'Fearless Girl' statue radically adjusts diversity policies for its index funds,"State Street, known for commissioning the ""Fearless Girl"" statue, has reversed its diversity policies for companies in its index funds. Previously requiring 30% female board representation, the company now encourages boards to determine their own composition with diverse experiences and perspectives. This move, which also drops requirements for DEI goals and disclosure of gender/racial board makeup, aligns with a broader trend of companies walking back DEI programs.","State Street, known for commissioning the ""Fearless Girl"" statue, has reversed its diversity policies for companies in its index funds. Previously requiring 30% female board representation, the company now encourages boards to determine their own composition with diverse experiences and perspectives. This move, which also drops requirements for DEI goals and disclosure of gender/racial board makeup, aligns with a broader trend of companies walking back DEI programs."
2025-03-05,https://www.apple.com/newsroom/2025/03/apple-unveils-new-mac-studio-the-most-powerful-mac-ever/,Apple,,"Apple unveils new Mac Studio, the most powerful Mac ever, featuring M4 Max and new M3 Ultra","Apple has announced the new Mac Studio, powered by the M4 Max and the new M3 Ultra chips, making it the most powerful Mac ever created. This professional desktop offers groundbreaking performance with extensive connectivity, including Thunderbolt 5, and supports up to 512GB of unified memory and 16TB of SSD storage. It is designed to handle intensive AI workloads and is built for Apple Intelligence, with availability starting March 12th.","Apple has announced the new Mac Studio, powered by the M4 Max and the new M3 Ultra chips, making it the most powerful Mac ever created. This professional desktop offers groundbreaking performance with extensive connectivity, including Thunderbolt 5, and supports up to 512GB of unified memory and 16TB of SSD storage. It is designed to handle intensive AI workloads and is built for Apple Intelligence, with availability starting March 12th."
2025-03-04,https://www.reuters.com/technology/google-urges-doj-reverse-course-breaking-up-firm-bloomberg-reports-2025-03-04/,Reuters,Reuters,"Alphabet's Google urges US government to avoid breaking up firm, source says","Alphabet's Google reportedly met with the Trump administration, urging them to halt efforts to break up the company. The U.S. Department of Justice is pursuing two antitrust cases against Google, one over search and another over advertising technology, with a trial on remedies expected in April. Industry experts suggest President Trump may ease some antitrust policies from the previous administration, potentially impacting the push to dismantle Google.","Alphabet's Google reportedly met with the Trump administration, urging them to halt efforts to break up the company. The U.S. Department of Justice is pursuing two antitrust cases against Google, one over search and another over advertising technology, with a trial on remedies expected in April. Industry experts suggest President Trump may ease some antitrust policies from the previous administration, potentially impacting the push to dismantle Google."
2025-03-04,https://ipwatchdog.com/2025/03/04/federal-circuit-affirms-partial-win-patent-owner-apple/,IPWatchdog.com,Eileen McDermott,Federal Circuit Affirms Partial Win for Patent Owner Against Apple,"The Federal Circuit Court of Appeals (CAFC) has upheld a mixed ruling from the Patent Trial and Appeal Board (PTAB) concerning Gesture Technology's patent on camera sensing technology. While some claims of the patent were deemed unpatentable, others were not, leading to an appeal by Apple and a cross-appeal by Gesture. The CAFC rejected Apple's arguments regarding the legal standard for obviousness and Gestures's estoppel claim, ultimately affirming the PTAB's decision.","The Federal Circuit Court of Appeals (CAFC) has upheld a mixed ruling from the Patent Trial and Appeal Board (PTAB) concerning Gesture Technology's patent on camera sensing technology. While some claims of the patent were deemed unpatentable, others were not, leading to an appeal by Apple and a cross-appeal by Gesture. The CAFC rejected Apple's arguments regarding the legal standard for obviousness and Gestures's estoppel claim, ultimately affirming the PTAB's decision."
2025-03-04,https://natlawreview.com/article/first-class-action-filed-under-washingtons-my-health-my-data-act-draws-parallels,The National Law Review,Ryan D. Ellard,First Class Action Filed Under Washington’s MY Health MY Data Act Draws Parallels to Previous SDK Litigation,"The first class action lawsuit under Washington's MY Health MY Data Act (MHMDA) has been filed against Amazon, alleging improper collection and use of consumer location data via Software Development Kits (SDKs). The lawsuit, Maxwell v. Amazon.com, Inc., draws parallels to prior SDK class actions, but introduces MHMDA's broad private right of action for violations related to ""consumer health data,"" which includes precise location information. Businesses are advised to be mindful of SDK use as more states enact privacy legislation and similar lawsuits are expected.","The first class action lawsuit under Washington's MY Health MY Data Act (MHMDA) has been filed against Amazon, alleging improper collection and use of consumer location data via Software Development Kits (SDKs). The lawsuit, Maxwell v. Amazon.com, Inc., draws parallels to prior SDK class actions, but introduces MHMDA's broad private right of action for violations related to ""consumer health data,"" which includes precise location information. Businesses are advised to be mindful of SDK use as more states enact privacy legislation and similar lawsuits are expected."
2025-03-04,https://www.apple.com/newsroom/2025/03/apple-introduces-ipad-air-with-powerful-m3-chip-and-new-magic-keyboard/,Apple,,Apple introduces iPad Air with powerful M3 chip and new Magic Keyboard,"Apple has unveiled a new iPad Air featuring the powerful M3 chip, delivering significant performance enhancements and Apple Intelligence integration. Available in 11-inch and 13-inch models, the device also introduces a redesigned Magic Keyboard and supports Apple Pencil Pro, targeting content creators, students, and travelers. Alongside the new iPad Air, Apple updated its standard iPad with the A16 chip and doubled its starting storage, while also highlighting the environmental considerations in both products.","Apple has unveiled a new iPad Air featuring the powerful M3 chip, delivering significant performance enhancements and Apple Intelligence integration. Available in 11-inch and 13-inch models, the device also introduces a redesigned Magic Keyboard and supports Apple Pencil Pro, targeting content creators, students, and travelers. Alongside the new iPad Air, Apple updated its standard iPad with the A16 chip and doubled its starting storage, while also highlighting the environmental considerations in both products."
2025-03-03,https://www.reuters.com/legal/litigation/apple-defeats-us-consumer-lawsuit-over-icloud-storage-now-2025-03-03/,Reuters,Mike Scarcella,"Apple defeats US consumer lawsuit over iCloud storage, for now","Apple has successfully dismissed a consumer lawsuit alleging monopolization of the digital storage market through its iCloud service, though the plaintiffs have been granted leave to amend and refile their complaint. U.S. District Judge Eumi Lee ruled that the plaintiffs failed to show Apple violated antitrust law or held monopoly power, and that consumers are not obligated to purchase iCloud storage. The lawsuit, filed in March 2024, sought to represent millions of consumers paying for iCloud storage, arguing Apple coerced users into using its service for core data backups.","Apple has successfully dismissed a consumer lawsuit alleging monopolization of the digital storage market through its iCloud service, though the plaintiffs have been granted leave to amend and refile their complaint. U.S. District Judge Eumi Lee ruled that the plaintiffs failed to show Apple violated antitrust law or held monopoly power, and that consumers are not obligated to purchase iCloud storage. The lawsuit, filed in March 2024, sought to represent millions of consumers paying for iCloud storage, arguing Apple coerced users into using its service for core data backups."
2025-03-03,https://www.politico.com/news/2025/03/03/taiwanese-chipmaker-tsmc-announces-new-100b-investment-in-us-00208847,Politico,Christine Mui,Taiwanese chipmaker TSMC announces new $100B investment in US,"Taiwanese chip giant TSMC announced a new $100 billion investment in the U.S. for three additional advanced semiconductor manufacturing plants, bringing their total commitment to $165 billion. CEO C.C. Wei credited President Donald Trump's vision for these investments, which will include an R&D center in Arizona. This expansion follows TSMC's existing $65 billion commitment under the CHIPS and Science Act and comes amidst discussions about avoiding potential U.S. tariffs on foreign-made chips.","Taiwanese chip giant TSMC announced a new $100 billion investment in the U.S. for three additional advanced semiconductor manufacturing plants, bringing their total commitment to $165 billion. CEO C.C. Wei credited President Donald Trump's vision for these investments, which will include an R&D center in Arizona. This expansion follows TSMC's existing $65 billion commitment under the CHIPS and Science Act and comes amidst discussions about avoiding potential U.S. tariffs on foreign-made chips."
2025-03-03,https://www.americanmanufacturing.org/blog/will-apples-500-billion-u-s-manufacturing-investment-make-a-difference-for-american-workers/,Alliance for American Manufacturing,Cathalijne Adams,Will Apple's $500 Billion U.S. Manufacturing Investment Make a Difference for American Workers?,"Apple announced a $500 billion investment over four years to expand U.S. facilities, aiming to create 20,000 American jobs, including a new advanced manufacturing facility in Houston for AI servers. However, critics, like the Alliance for American Manufacturing President Scott Paul, suggest this investment, while substantial, is relatively minor for a company of Apple's size and doesn't address the core issue of offshoring iPhone production. The article contends that Apple's latest announcement is consistent with past patterns of making similar U.S. investment claims without significantly altering its manufacturing footprint for its primary products.","Apple announced a $500 billion investment over four years to expand U.S. facilities, aiming to create 20,000 American jobs, including a new advanced manufacturing facility in Houston for AI servers. However, critics, like the Alliance for American Manufacturing President Scott Paul, suggest this investment, while substantial, is relatively minor for a company of Apple's size and doesn't address the core issue of offshoring iPhone production. The article contends that Apple's latest announcement is consistent with past patterns of making similar U.S. investment claims without significantly altering its manufacturing footprint for its primary products."
2025-03-02,https://seekingalpha.com/article/4763770-qqqx-8-percent-plus-yield-9-percent-discount-long-term-nav-growth,Seeking Alpha,Double Dividend Stocks,"QQQX: 8%-Plus Yield, 9% Discount, Long-Term NAV Growth (NASDAQ:QQQX)","QQQX is a closed-end fund that generates an 8%+ yield by selling covered calls on NASDAQ 100 stocks, aiming for attractive returns with reduced volatility. The fund boasts a 35% NAV/share increase since inception and currently trades at a 9.11% discount to NAV, providing regular quarterly distributions with potential tax advantages. Despite risks like price volatility and call option risks, QQQX is considered a speculative Buy for investors seeking high yield.","QQQX is a closed-end fund that generates an 8%+ yield by selling covered calls on NASDAQ 100 stocks, aiming for attractive returns with reduced volatility. The fund boasts a 35% NAV/share increase since inception and currently trades at a 9.11% discount to NAV, providing regular quarterly distributions with potential tax advantages. Despite risks like price volatility and call option risks, QQQX is considered a speculative Buy for investors seeking high yield."
2025-03-01,https://www.marketbeat.com/stocks/NYSEARCA/TOV/,MarketBeat,,"JLens 500 Jewish Advocacy U.S. ETF ETF Price, Holdings, & News (NYSEARCA:TOV) $TOV","The JLens 500 Jewish Advocacy U.S. ETF (TOV) tracks large-cap U.S. stocks aligned with Jewish values and was launched on February 26, 2025. It has seen a 13.6% increase in its stock price since the beginning of 2026, trading at $32.58 as of August 7, 2026. The ETF has a moderate buy rating with a net expense ratio of 0.18% and its top holdings include major tech companies like NVIDIA, Apple, and Alphabet.","The JLens 500 Jewish Advocacy U.S. ETF (TOV) tracks large-cap U.S. stocks aligned with Jewish values and was launched on February 26, 2025. It has seen a 13.6% increase in its stock price since the beginning of 2026, trading at $32.58 as of August 7, 2026. The ETF has a moderate buy rating with a net expense ratio of 0.18% and its top holdings include major tech companies like NVIDIA, Apple, and Alphabet."
2025-03-01,https://milberg.com/news/meta-privacy-class-action/,Milberg,Brian Eckert,Milberg Lawsuit Accuses Meta of Tracking Users Without Consent,"Milberg has filed a class action lawsuit against Meta, alleging that the social media giant bypasses user privacy settings by directing them to Meta's in-app browser to track their online activity. The lawsuit claims Meta uses JavaScript injection to monitor user interactions on third-party websites without consent, despite users' privacy preferences. This legal action seeks compensatory damages and injunctive relief for a national class, a California subclass, and an iOS subclass of Meta users.","Milberg has filed a class action lawsuit against Meta, alleging that the social media giant bypasses user privacy settings by directing them to Meta's in-app browser to track their online activity. The lawsuit claims Meta uses JavaScript injection to monitor user interactions on third-party websites without consent, despite users' privacy preferences. This legal action seeks compensatory damages and injunctive relief for a national class, a California subclass, and an iOS subclass of Meta users."
2025-03-01,https://patentlyo.com/patent/2025/03/pendulum-discretionary-denials.html,Patently-O,Dennis Crouch,The Fintiv Pendulum Swings Again: More Discretionary Denials Coming Soon,"Acting USPTO Director Coke Stewart has rescinded the 2022 Vidal memorandum, which had limited discretionary denials of PTAB post-grant proceedings. This policy shift is expected to lead to a significant increase in discretionary denials of IPR institution petitions, returning greater discretion to the PTAB in cases with parallel district court litigation. The move emphasizes reliance on established PTAB precedent, particularly decisions in Apple Inc. v. Fintiv, Inc. and Sotera Wireless, Inc. v. Masimo Corp., and suggests a notable change in the landscape for patent challengers.","Acting USPTO Director Coke Stewart has rescinded the 2022 Vidal memorandum, which had limited discretionary denials of PTAB post-grant proceedings. This policy shift is expected to lead to a significant increase in discretionary denials of IPR institution petitions, returning greater discretion to the PTAB in cases with parallel district court litigation. The move emphasizes reliance on established PTAB precedent, particularly decisions in Apple Inc. v. Fintiv, Inc. and Sotera Wireless, Inc. v. Masimo Corp., and suggests a notable change in the landscape for patent challengers."
2025-04-30,https://www.gurufocus.com/news/2818064/blackrock-inc-reduces-stake-in-williams-companies-inc-a-strategic-portfolio-adjustment,GuruFocus,GuruFocus News,"BlackRock, Inc. Reduces Stake in Williams Companies Inc: A Strategic Portfolio Adjustment","BlackRock, Inc. reduced its stake in Williams Companies Inc (WMB) by 9.68% on March 31, 2025, selling over 10 million shares at $59.76. This strategic adjustment reflects BlackRock's ongoing portfolio management. WMB is currently considered overvalued according to its GF Valuation, trading at $58.57 with a PE ratio of 32.18 against a GF Value of $34.46.","BlackRock, Inc. reduced its stake in Williams Companies Inc (WMB) by 9.68% on March 31, 2025, selling over 10 million shares at $59.76. This strategic adjustment reflects BlackRock's ongoing portfolio management. WMB is currently considered overvalued according to its GF Valuation, trading at $58.57 with a PE ratio of 32.18 against a GF Value of $34.46."
2025-04-30,https://ipwatchdog.com/2025/04/30/paypal-apple-succeed-scrapping-fintiv-patent-claims-cafc/,IPWatchdog.com,Eileen McDermott,"PayPal, Apple Succeed in Scrapping Fintiv’s Patent Claims at CAFC","The U.S. Court of Appeals for the Federal Circuit (CAFC) has affirmed a district court's decision that certain claims of Fintiv, Inc.'s patents for a mobile wallet payment system are invalid as indefinite. Fintiv had sued PayPal for infringement, but the court agreed that the ""payment handler terms"" in the patent claims lacked sufficient structural disclosure, making them indefinite. Separately, the CAFC also dismissed Fintiv's appeal against Apple concerning a Patent Trial and Appeal Board holding, deeming it moot due to the invalidity ruling.","The U.S. Court of Appeals for the Federal Circuit (CAFC) has affirmed a district court's decision that certain claims of Fintiv, Inc.'s patents for a mobile wallet payment system are invalid as indefinite. Fintiv had sued PayPal for infringement, but the court agreed that the ""payment handler terms"" in the patent claims lacked sufficient structural disclosure, making them indefinite. Separately, the CAFC also dismissed Fintiv's appeal against Apple concerning a Patent Trial and Appeal Board holding, deeming it moot due to the invalidity ruling."
2025-04-30,https://fortune.com/article/apple-violated-ruling-fortnite-app-store/,Fortune,"Josh Sisco, Bloomberg","Apple must halt non-app store sales commissions, judge says","A federal judge has ruled that Apple Inc. violated a 2021 court order by continuing to charge commissions on purchases outside its App Store, referring the company for a possible criminal probe. The judge found Apple ""willfully"" violated the injunction, intended to open up the App Store to alternative payment options. Epic Games CEO Tim Sweeney announced Fortnite would return to the US App Store next week following the ruling.","A federal judge has ruled that Apple Inc. violated a 2021 court order by continuing to charge commissions on purchases outside its App Store, referring the company for a possible criminal probe. The judge found Apple ""willfully"" violated the injunction, intended to open up the App Store to alternative payment options. Epic Games CEO Tim Sweeney announced Fortnite would return to the US App Store next week following the ruling."
2025-04-30,https://www.gurufocus.com/news/2817912/blackrock-inc-increases-stake-in-rigetti-computing-inc?mobile=true,GuruFocus,GuruFocus News,"BlackRock, Inc. Increases Stake in Rigetti Computing Inc.","BlackRock, Inc. has acquired an additional 3,137,133 shares of Rigetti Computing Inc. for $7.92 per share, increasing its total holdings to over 15 million shares. This move reflects BlackRock's strategic interest in the quantum computing sector despite Rigetti's current financial challenges, and the investment could provide crucial capital and credibility for Rigetti's growth and innovation. While Rigetti's stock has seen a recent gain, it remains down significantly year-to-date, making BlackRock's support potentially instrumental for its long-term success.","BlackRock, Inc. has acquired an additional 3,137,133 shares of Rigetti Computing Inc. for $7.92 per share, increasing its total holdings to over 15 million shares. This move reflects BlackRock's strategic interest in the quantum computing sector despite Rigetti's current financial challenges, and the investment could provide crucial capital and credibility for Rigetti's growth and innovation. While Rigetti's stock has seen a recent gain, it remains down significantly year-to-date, making BlackRock's support potentially instrumental for its long-term success."
2025-04-30,https://global.morningstar.com/en-gb/sustainable-investing/global-sustainable-funds-outperform-year-date,Morningstar Canada,Hannah Hummel,Global Sustainable Funds Outperform Year to Date,"Global large-cap sustainable funds have outperformed broader market benchmarks year-to-date, despite a market downturn following a peak in February 2025. This article details the performance of the largest and top-performing sustainable funds, highlighting their investment strategies, ESG ratings, and key holdings. It also touches upon changes in Morningstar's sustainability ratings and the evolving landscape for sustainable investing.","Global large-cap sustainable funds have outperformed broader market benchmarks year-to-date, despite a market downturn following a peak in February 2025. This article details the performance of the largest and top-performing sustainable funds, highlighting their investment strategies, ESG ratings, and key holdings. It also touches upon changes in Morningstar's sustainability ratings and the evolving landscape for sustainable investing."
2025-04-30,https://www.tradingview.com/news/zacks:1eaaeb8a7094b:0-s-p-500-on-a-winning-streak-since-november-voo-vs-spy-etf/,TradingView,,S&P 500 on a Winning Streak Since November: VOO vs. SPY ETF,"The S&P 500 has been on a winning streak since November, largely due to easing trade tensions and strong corporate earnings. This article compares two popular S&P 500 ETFs, VOO and SPY, highlighting their key differences in expense ratio, asset growth, structure, and tax efficiency. While VOO is recommended for long-term investors due to lower fees and better tax structure, SPY remains popular with traders for its high liquidity.","The S&P 500 has been on a winning streak since November, largely due to easing trade tensions and strong corporate earnings. This article compares two popular S&P 500 ETFs, VOO and SPY, highlighting their key differences in expense ratio, asset growth, structure, and tax efficiency. While VOO is recommended for long-term investors due to lower fees and better tax structure, SPY remains popular with traders for its high liquidity."
2025-04-30,https://www.tikr.com/blog/why-cadence-design-systems-cdns-stock-is-up-4-today,TIKR.com,Aditya Raghunath,Why Cadence Design Systems (CDNS) Stock Is Up 4% Today,"Cadence Design Systems (CDNS) stock rose 4% after the company raised its annual revenue and profit forecasts for 2025, citing resilient demand driven by the AI boom. This positive reaction comes despite investor concerns about China-related tensions, as management reassured the market about their diversified supply chain and the nature of their software business not being subject to tariffs. Investors appear to be focusing on Cadence's strong fundamentals and critical role in supplying major clients like Nvidia and Apple.","Cadence Design Systems (CDNS) stock rose 4% after the company raised its annual revenue and profit forecasts for 2025, citing resilient demand driven by the AI boom. This positive reaction comes despite investor concerns about China-related tensions, as management reassured the market about their diversified supply chain and the nature of their software business not being subject to tariffs. Investors appear to be focusing on Cadence's strong fundamentals and critical role in supplying major clients like Nvidia and Apple."
2025-04-30,https://www.morningstar.com/stocks/3-reasons-berkshire-hathaways-stock-has-been-faring-well-2025,Morningstar,"Amy C. Arnott, CFA",Why Berkshire Hathaway’s Stock is Beating the Market in 2025,"Berkshire Hathaway's stock has significantly outperformed the market in 2025, gaining 17.3% compared to a 6.4% loss for the Vanguard 500 Index. This resilience is attributed to its equity holdings not mirroring broader market losses, its substantial cash reserves, and the diversified nature and relative resilience of its operating businesses. While currently considered modestly overvalued, Berkshire Hathaway can serve as a useful complement to a passive equity portfolio due to its historically low correlation with the overall stock market.","Berkshire Hathaway's stock has significantly outperformed the market in 2025, gaining 17.3% compared to a 6.4% loss for the Vanguard 500 Index. This resilience is attributed to its equity holdings not mirroring broader market losses, its substantial cash reserves, and the diversified nature and relative resilience of its operating businesses. While currently considered modestly overvalued, Berkshire Hathaway can serve as a useful complement to a passive equity portfolio due to its historically low correlation with the overall stock market."
2025-04-29,https://www.reuters.com/business/corning-sees-second-quarter-core-sales-above-estimates-ai-boom-aids-demand-2025-04-29/,Reuters,Reuters,Corning sees second-quarter core sales above estimates as AI boom aids demand,"Corning forecasts second-quarter core sales above Wall Street expectations, driven by strong demand for its optical connectivity products used in AI infrastructure, specifically noting a 106% year-over-year increase in enterprise business sales for Gen AI. The company, a supplier of Gorilla Glass and optic fiber, also benefits from 5G network expansion and potential investments from partners like Apple. Corning reported robust first-quarter core sales and adjusted earnings per share, both surpassing analyst estimates.","Corning forecasts second-quarter core sales above Wall Street expectations, driven by strong demand for its optical connectivity products used in AI infrastructure, specifically noting a 106% year-over-year increase in enterprise business sales for Gen AI. The company, a supplier of Gorilla Glass and optic fiber, also benefits from 5G network expansion and potential investments from partners like Apple. Corning reported robust first-quarter core sales and adjusted earnings per share, both surpassing analyst estimates."
2025-04-29,https://www.benzinga.com/news/earnings/25/04/45067312/paypal-earnings-beat-but-slower-spending-and-checkout-use-weigh-on-results,Benzinga,Anusuya Lahiri,"PayPal Earnings Beat, But Slower Spending And Checkout Use Weigh On Results","PayPal Holdings (NASDAQ: PYPL) reported mixed Q1 2025 results, with adjusted EPS beating estimates but revenue falling short. Slower spending and checkout use, along with competitive pressures and potential tariffs, are weighing on investor sentiment despite the company's reiterated full-year guidance and a fifth consecutive quarter of profitable growth.","PayPal Holdings (NASDAQ: PYPL) reported mixed Q1 2025 results, with adjusted EPS beating estimates but revenue falling short. Slower spending and checkout use, along with competitive pressures and potential tariffs, are weighing on investor sentiment despite the company's reiterated full-year guidance and a fifth consecutive quarter of profitable growth."
2025-04-29,https://www.8newsnow.com/business/press-releases/cision/20250429SF75145/socket-mobile-introduces-worlds-smallest-most-affordable-direct-part-mark-dpm-barcode-scanner/,KLAS 8 News Now,NULL,"Socket Mobile Introduces World's Smallest, Most Affordable Direct Part Mark (DPM) Barcode Scanner","Socket Mobile, Inc. has launched the DuraScan D764, heralded as the smallest, lightest, and most affordable Direct Part Mark (DPM) barcode scanner on the market, designed for precise traceability across various industries. This new device excels at reading DPM codes on challenging surfaces and also scans standard 1D and 2D barcodes, providing a versatile, mobile, and cost-effective solution for inventory management and asset tracking. The D764 seamlessly integrates with iOS and other Bluetooth-enabled mobile devices through Socket Mobile's CaptureSDK, offering high-performance scanning without the need for cumbersome cables.","Socket Mobile, Inc. has launched the DuraScan D764, heralded as the smallest, lightest, and most affordable Direct Part Mark (DPM) barcode scanner on the market, designed for precise traceability across various industries. This new device excels at reading DPM codes on challenging surfaces and also scans standard 1D and 2D barcodes, providing a versatile, mobile, and cost-effective solution for inventory management and asset tracking. The D764 seamlessly integrates with iOS and other Bluetooth-enabled mobile devices through Socket Mobile's CaptureSDK, offering high-performance scanning without the need for cumbersome cables."
2025-04-29,https://news.metal.com/newscontent/103303222/Market-news:-Sony-considers-spinning-off-semiconductor-business-for-independent-listing-as-early-as-this-year,Shanghai Metals Market,,Market news: Sony considers spinning off semiconductor business for independent listing as early as this year,"Sony Group is reportedly considering spinning off its semiconductor business, Sony Semiconductor Solutions Group, which supplies image sensors to major phone and camera manufacturers. This move aims to streamline operations and unlock asset value, despite the semiconductor segment's recent decline in operating profit margin and growth compared to Sony's gaming and music divisions. A potential spin-off and independent listing could occur as early as this year, with Sony possibly retaining a minority stake.","Sony Group is reportedly considering spinning off its semiconductor business, Sony Semiconductor Solutions Group, which supplies image sensors to major phone and camera manufacturers. This move aims to streamline operations and unlock asset value, despite the semiconductor segment's recent decline in operating profit margin and growth compared to Sony's gaming and music divisions. A potential spin-off and independent listing could occur as early as this year, with Sony possibly retaining a minority stake."
2025-04-29,https://www.azfamily.com/2025/04/29/tsmc-breaks-ground-third-facility-north-phoenix/,AZ Family,David Baker,TSMC breaks ground on third facility in north Phoenix,"TSMC Arizona has broken ground on its third semiconductor manufacturing facility in north Phoenix, an expansion expected to create roughly 6,000 jobs and produce advanced 2-nanometer chips by the end of the decade. This development coincides with a visit from U.S. Secretary of Commerce Howard Lutnick, who lauded it as a significant step in the ""golden age of American manufacturing."" The company's total investment in the U.S. now exceeds $165 billion, including a substantial $6.6 billion from the CHIPS Act, aiming to generate tens of thousands of jobs and inject over $200 billion into Arizona's economy.","TSMC Arizona has broken ground on its third semiconductor manufacturing facility in north Phoenix, an expansion expected to create roughly 6,000 jobs and produce advanced 2-nanometer chips by the end of the decade. This development coincides with a visit from U.S. Secretary of Commerce Howard Lutnick, who lauded it as a significant step in the ""golden age of American manufacturing."" The company's total investment in the U.S. now exceeds $165 billion, including a substantial $6.6 billion from the CHIPS Act, aiming to generate tens of thousands of jobs and inject over $200 billion into Arizona's economy."
2025-04-29,https://www.eenewseurope.com/en/sony-mulls-sale-of-chip-business-says-report/,eeNews Europe,Peter Clarke,"Sony mulls spin-off of chip business, says report","Sony Group Corp. is reportedly considering spinning off its semiconductor unit, Sony Semiconductor Solutions Corp., which is a global leader in image sensors. The potential move, which could happen before the end of 2025, would involve distributing the majority of Sony's holding in the semiconductor unit to its shareholders, giving the subsidiary a separate stock listing. This comes as the margin on its image sensor products, used in smartphones, has suffered in recent years despite Sony's success in entertainment products.","Sony Group Corp. is reportedly considering spinning off its semiconductor unit, Sony Semiconductor Solutions Corp., which is a global leader in image sensors. The potential move, which could happen before the end of 2025, would involve distributing the majority of Sony's holding in the semiconductor unit to its shareholders, giving the subsidiary a separate stock listing. This comes as the margin on its image sensor products, used in smartphones, has suffered in recent years despite Sony's success in entertainment products."
2025-04-29,https://businesstech.co.za/news/business/822439/the-south-african-billionaire-who-became-ceo-at-73/,Business Tech,Staff Writer,The South African billionaire who became CEO at 73,"South African-born billionaire Hilton Schlosberg is set to become the new CEO of Monster Beverage Corporation at 73, effective June 13, 2025. He co-founded the company with Rodney Sacks, and their shares have outperformed major tech giants like Apple, Microsoft, and Google. Monster Beverage has shown strong financial performance, with Q4 2024 net sales increasing by 4.7% to $1.81 billion.","South African-born billionaire Hilton Schlosberg is set to become the new CEO of Monster Beverage Corporation at 73, effective June 13, 2025. He co-founded the company with Rodney Sacks, and their shares have outperformed major tech giants like Apple, Microsoft, and Google. Monster Beverage has shown strong financial performance, with Q4 2024 net sales increasing by 4.7% to $1.81 billion."
2025-04-29,https://mixed-news.com/en/reebok-launches-smart-glasses-for-athletes-with-chatgpt-powered-voice-assistant/,MIXED Reality News,Josef Erl,Reebok launches smart glasses for athletes with ChatGPT powered voice assistant,"Innovative Eyewear Inc. has partnered with Reebok to release a new line of smart glasses, Reebok Smart Eyewear, under the Lucyd Eyewear brand. These glasses are designed for athletes, featuring integrated speakers and microphones, and they connect to smartphones to offer AI assistants like Google's Gemini, Apple's Siri, and a custom ChatGPT model for personalized training plans and workout feedback. The partnership aims to capture a share of the growing smart glasses market, currently dominated by Meta, and the initial lineup is priced at $199.","Innovative Eyewear Inc. has partnered with Reebok to release a new line of smart glasses, Reebok Smart Eyewear, under the Lucyd Eyewear brand. These glasses are designed for athletes, featuring integrated speakers and microphones, and they connect to smartphones to offer AI assistants like Google's Gemini, Apple's Siri, and a custom ChatGPT model for personalized training plans and workout feedback. The partnership aims to capture a share of the growing smart glasses market, currently dominated by Meta, and the initial lineup is priced at $199."
2025-04-29,https://www.citybiz.co/article/688106/landsea-homes-launches-sales-at-pirate-village-in-granbury-texas/,citybiz,NULL,"Landsea Homes Launches Sales at Pirate Village in Granbury, Texas","Landsea Homes has announced the launch of sales at Pirate Village in Granbury, Texas, featuring 72 new single-family High Performance Homes. These homes incorporate Apple Home™ environment for smart automation and are located near Lake Granbury and the historic downtown square. A grand opening event is scheduled for Saturday, May 3rd, from 11 AM to 4 PM.","Landsea Homes has announced the launch of sales at Pirate Village in Granbury, Texas, featuring 72 new single-family High Performance Homes. These homes incorporate Apple Home™ environment for smart automation and are located near Lake Granbury and the historic downtown square. A grand opening event is scheduled for Saturday, May 3rd, from 11 AM to 4 PM."
2025-04-29,https://garminrumors.com/lte-setting-discovered-during-garmin-connect-pairing-for-fenix-8-tactix-8-fenix-e-and-enduro-3-models/,Garmin Rumors,Billy Grenis,"LTE Setting Discovered During Garmin Connect Pairing for Fenix 8, Tactix 8, Fenix E, and Enduro 3 Models","An LTE connectivity option has been found during the troubleshooting pairing process in the Garmin Connect app for upcoming models including the Fenix 8, Tactix 8, Fenix E, and Enduro 3. While this discovery suggests Garmin is exploring LTE for these devices, it doesn't guarantee immediate full functionality, as Garmin has historically limited LTE to safety features. The company may expand capabilities in the future or continue focusing on safety and live tracking.","An LTE connectivity option has been found during the troubleshooting pairing process in the Garmin Connect app for upcoming models including the Fenix 8, Tactix 8, Fenix E, and Enduro 3. While this discovery suggests Garmin is exploring LTE for these devices, it doesn't guarantee immediate full functionality, as Garmin has historically limited LTE to safety features. The company may expand capabilities in the future or continue focusing on safety and live tracking."
2025-04-28,https://www.insidermonkey.com/blog/is-occidental-petroleum-corp-oxy-the-best-stock-to-buy-according-to-billionaire-warren-buffett-1519026/,Insider Monkey,Jelena Martinovic,Is Occidental Petroleum Corp (OXY) the Best Stock to Buy According to Billionaire Warren Buffett?,"This article examines Occidental Petroleum Corp (OXY) as a top holding in Warren Buffett's portfolio, detailing his increased stake and the company's financial performance. It discusses Buffett's investment philosophy and OXY's operations, including its recent acquisition of CrownRock and expansion into carbon capture. Despite OXY's strong position with Buffett, the article also presents a counter-argument from Jim Cramer and suggests superior prospects in certain AI stocks.","This article examines Occidental Petroleum Corp (OXY) as a top holding in Warren Buffett's portfolio, detailing his increased stake and the company's financial performance. It discusses Buffett's investment philosophy and OXY's operations, including its recent acquisition of CrownRock and expansion into carbon capture. Despite OXY's strong position with Buffett, the article also presents a counter-argument from Jim Cramer and suggests superior prospects in certain AI stocks."
2025-04-28,https://www.cnbc.com/2025/04/28/ibm-to-invest-150-billion-to-boost-us-tech-growth-computer-manufacturing.html,CNBC,Ashley Capoot,"IBM pledges $150 billion to boost U.S. tech growth, computer manufacturing","IBM announced a $150 billion investment in the U.S. over the next five years, with over $30 billion specifically allocated to advance American manufacturing of its mainframe and quantum computers. This move aims to accelerate America's leadership in computing and fuel the economy, following a similar push by competitor Nvidia and amidst discussions about reciprocal tariff policies to boost U.S. manufacturing. The announcement also comes after IBM reported better-than-expected first-quarter revenue.","IBM announced a $150 billion investment in the U.S. over the next five years, with over $30 billion specifically allocated to advance American manufacturing of its mainframe and quantum computers. This move aims to accelerate America's leadership in computing and fuel the economy, following a similar push by competitor Nvidia and amidst discussions about reciprocal tariff policies to boost U.S. manufacturing. The announcement also comes after IBM reported better-than-expected first-quarter revenue."
2025-04-26,https://cybernews.com/gadgets/mudra-link-hand-gesturing-wristband-review/,Cybernews,Konstancija Gasaitytė,I think this $300 neural wristband made me lose some neurons,"The author reviews the Mudra Link, a neural input wristband designed for controlling devices via hand gestures. While initially hopeful it could assist with cooking and learning, the device proved frustrating due to issues with sensitivity, precision, and the inability to put it in an inactive mode. Ultimately, the author concluded that traditional buttons and swiping remain more reliable for device interaction.","The author reviews the Mudra Link, a neural input wristband designed for controlling devices via hand gestures. While initially hopeful it could assist with cooking and learning, the device proved frustrating due to issues with sensitivity, precision, and the inability to put it in an inactive mode. Ultimately, the author concluded that traditional buttons and swiping remain more reliable for device interaction."
2025-04-25,https://seekingalpha.com/news/4435859-the-magnificent-seven-receives-another-etf-focused-on-covered-calls,Seeking Alpha,Jason Capul,The Magnificent Seven receives another ETF focused on covered calls,"Roundhill Investments has launched a new exchange-traded fund, the Roundhill Magnificent Seven Covered Call ETF (MAGY), which focuses on covered calls for the mega-cap tech stocks known as the Magnificent Seven. This actively managed ETF is the latest financial product inspired by the strong performance of these prominent technology companies.","Roundhill Investments has launched a new exchange-traded fund, the Roundhill Magnificent Seven Covered Call ETF (MAGY), which focuses on covered calls for the mega-cap tech stocks known as the Magnificent Seven. This actively managed ETF is the latest financial product inspired by the strong performance of these prominent technology companies."
2025-04-25,https://www.businesswire.com/news/home/20250424656103/en/SmartStop-Self-Storage-Expands-Digital-Capabilities-With-Mobile-App-Rollout-Across-All-Locations,Business Wire,,SmartStop Self Storage Expands Digital Capabilities With Mobile App Rollout Across All Locations,"SmartStop Self Storage REIT, Inc. has officially launched its mobile app across all 220 locations in the United States and Canada. This proprietary app offers enhanced digital capabilities such as biometric security, easy payments, unit rentals, and gate access, providing a fully integrated and convenient storage experience for its customers. The company emphasizes its commitment to innovation, making self-storage more accessible and user-friendly.","SmartStop Self Storage REIT, Inc. has officially launched its mobile app across all 220 locations in the United States and Canada. This proprietary app offers enhanced digital capabilities such as biometric security, easy payments, unit rentals, and gate access, providing a fully integrated and convenient storage experience for its customers. The company emphasizes its commitment to innovation, making self-storage more accessible and user-friendly."
2025-04-23,https://invezz.com/news/2025/04/23/vanguards-vig-etf-forms-a-rare-death-cross-is-a-deeper-crash-coming/,Invezz,Crispus Nyaga,Vanguard’s VIG ETF forms a rare death cross: is a deeper crash coming?,"The Vanguard Dividend Appreciation ETF (VIG) has recently formed a ""death cross"" technical pattern, indicating potential further downside after having already declined from its earlier peak of $204 to $184.40. While VIG is a popular dividend ETF with over $102 billion in assets, its dividend yield is relatively low at 1.8%, and its five-year total return of 81% has lagged behind broader market indices like SPY (103%) and QQQ (117%). The technical analysis suggests a possible fall to the year-to-date low of $170, unless it breaks above the $190 resistance level.","The Vanguard Dividend Appreciation ETF (VIG) has recently formed a ""death cross"" technical pattern, indicating potential further downside after having already declined from its earlier peak of $204 to $184.40. While VIG is a popular dividend ETF with over $102 billion in assets, its dividend yield is relatively low at 1.8%, and its five-year total return of 81% has lagged behind broader market indices like SPY (103%) and QQQ (117%). The technical analysis suggests a possible fall to the year-to-date low of $170, unless it breaks above the $190 resistance level."
2025-04-23,https://www.tradingnews.com/news/nasdaq-qqi-etf-at-20-usd-your-ticket-to-a-16-percent-dividend-yield,TradingNEWS,,NASDAQ:QQQI Hits $20.43 with Huge 16.23% Yield—Top ETF to Buy Now?,"The NEOS NASDAQ-100 High Income ETF (NASDAQ:QQQI) is trading at $20.43 with a significant 16.23% dividend yield, employing a dual-option strategy that has led to a 7.43% total return since its January 2024 inception, outperforming the Nasdaq-100. Despite its strong income generation and tax benefits from Section 1256 contracts and high return of capital, investors must consider the ETF's limited capital appreciation potential and risks to NAV stability during market downturns. The article maintains a bullish rating for QQQI, recommending it as a supplemental holding for income-focused investors while cautioning about its suitability as a core portfolio element due to its capped upside and vulnerability to volatility.","The NEOS NASDAQ-100 High Income ETF (NASDAQ:QQQI) is trading at $20.43 with a significant 16.23% dividend yield, employing a dual-option strategy that has led to a 7.43% total return since its January 2024 inception, outperforming the Nasdaq-100. Despite its strong income generation and tax benefits from Section 1256 contracts and high return of capital, investors must consider the ETF's limited capital appreciation potential and risks to NAV stability during market downturns. The article maintains a bullish rating for QQQI, recommending it as a supplemental holding for income-focused investors while cautioning about its suitability as a core portfolio element due to its capped upside and vulnerability to volatility."
2025-04-23,https://milehighcre.com/flatiron-crossing-announces-external-leasing-partnership/,Mile High CRE,milehighcre,FlatIron Crossing Announces External Leasing Partnership,"FlatIron Crossing has partnered with The Zall Company for external leasing to enhance retailer, restaurant, and entertainment offerings for both FlatIron Crossing and its new mixed-use development, HiFi at FlatIron Crossing. This collaboration aims to attract top-tier brands and further establish HiFi as a premier destination for leisure and living in the Northwest Corridor between Denver and Boulder. Phased openings for HiFi, including multifamily residences and an ""eatertainment"" anchor, are anticipated to begin in 2027.","FlatIron Crossing has partnered with The Zall Company for external leasing to enhance retailer, restaurant, and entertainment offerings for both FlatIron Crossing and its new mixed-use development, HiFi at FlatIron Crossing. This collaboration aims to attract top-tier brands and further establish HiFi as a premier destination for leisure and living in the Northwest Corridor between Denver and Boulder. Phased openings for HiFi, including multifamily residences and an ""eatertainment"" anchor, are anticipated to begin in 2027."
2025-04-23,https://k945.com/louisiana-nuclear-power-future-energy-smr/,k945.com,Evan Roberts,Louisiana May Build Tiny Reactors the Size of a Tennis Court,"Louisiana is considering building small modular reactors (SMRs) to power its growing industrial and digital sectors, which include new facilities from Hyundai, Apple, Microsoft, and Meta. These SMRs are much smaller than traditional nuclear power plants, about the size of a tennis court, and are supported by environmental activists for their carbon-free electricity generation. The state's energy providers and lawmakers are exploring this nuclear power option to meet increasing electricity demands.","Louisiana is considering building small modular reactors (SMRs) to power its growing industrial and digital sectors, which include new facilities from Hyundai, Apple, Microsoft, and Meta. These SMRs are much smaller than traditional nuclear power plants, about the size of a tennis court, and are supported by environmental activists for their carbon-free electricity generation. The state's energy providers and lawmakers are exploring this nuclear power option to meet increasing electricity demands."
2025-04-22,https://www.newsfilecorp.com/company/11615/Tuttle-Capital-Management,TMX Newsfile,,Tuttle Capital Management,"This article provides an overview of recent news and press releases from Tuttle Capital Management, a firm specializing in thematic and options-based ETFs. It highlights several new ETF launches, including those focusing on concentrated memory stacks, photonics, heavy assets, space industry income, meme stocks, and the ""Magnificent 7"" income. The article also mentions a ticker change for their SPAC and New Issue ETF and the liquidation of the Tuttle Capital Self Defense Index ETF and the Tuttle Capital MSTR 0DTE Covered Call ETF, alongside a significant milestone for their Select STOXX Europe Aerospace & Defense ETF.","This article provides an overview of recent news and press releases from Tuttle Capital Management, a firm specializing in thematic and options-based ETFs. It highlights several new ETF launches, including those focusing on concentrated memory stacks, photonics, heavy assets, space industry income, meme stocks, and the ""Magnificent 7"" income. The article also mentions a ticker change for their SPAC and New Issue ETF and the liquidation of the Tuttle Capital Self Defense Index ETF and the Tuttle Capital MSTR 0DTE Covered Call ETF, alongside a significant milestone for their Select STOXX Europe Aerospace & Defense ETF."
2025-04-22,https://247wallst.com/investing/2025/04/22/why-fidelitys-dividend-etf-fdvv-is-a-safe-haven-in-todays-market/,24/7 Wall St.,David Moadel,Why Fidelity’s Dividend ETF (FDVV) Is a Safe Haven in Today’s Market,"The Fidelity High Dividend ETF (FDVV) offers investors a blend of safety and income through exposure to diversified large-cap dividend-paying businesses. Its significant yield of 3.28% and relative resilience make it attractive for those seeking compounding opportunities and portfolio growth, especially in uncertain economic times. With a low expense ratio of 0.16%, FDVV provides a cost-effective way to invest in established companies that can withstand market volatility.","The Fidelity High Dividend ETF (FDVV) offers investors a blend of safety and income through exposure to diversified large-cap dividend-paying businesses. Its significant yield of 3.28% and relative resilience make it attractive for those seeking compounding opportunities and portfolio growth, especially in uncertain economic times. With a low expense ratio of 0.16%, FDVV provides a cost-effective way to invest in established companies that can withstand market volatility."
2025-04-22,https://www.marketdataforecast.com/market-reports/wearable-technology-market,Market Data Forecast,,"Wearable Technology Market Size, Share & Growth, 2033","The global wearable technology market was valued at USD 33.25 billion in 2024 and is projected to reach USD 132.56 billion by 2033, growing at a CAGR of 16.61%. Key drivers include increasing health consciousness, technological advancements in sensors and connectivity, and the integration of AI. The market faces challenges related to limited functionality of budget devices, security, and privacy concerns regarding sensitive health data.","The global wearable technology market was valued at USD 33.25 billion in 2024 and is projected to reach USD 132.56 billion by 2033, growing at a CAGR of 16.61%. Key drivers include increasing health consciousness, technological advancements in sensors and connectivity, and the integration of AI. The market faces challenges related to limited functionality of budget devices, security, and privacy concerns regarding sensitive health data."
2025-04-21,https://www.theglobeandmail.com/business/article-analysts-expect-bce-to-cut-dividend-this-quarter-as-sector-copes-with/,The Globe and Mail,Irene Galea,"Analysts expect BCE to cut dividend this quarter as sector copes with tough pricing, subscriber trends","Analysts largely expect BCE Inc. (BCE-T) to cut its dividend this quarter due to the company paying out more in dividends than its free cash flow, high yield, and ongoing sector headwinds. This action is anticipated to realign BCE's capital allocation and provide financial flexibility, potentially involving a cut of 50 per cent or more. The telecom sector as a whole faces challenges from tough pricing, subscriber trends, and high debt levels, with analysts watching earnings reports from Bell, Rogers, Telus, and Quebecor for insights into market conditions and responses to tariffs.","Analysts largely expect BCE Inc. (BCE-T) to cut its dividend this quarter due to the company paying out more in dividends than its free cash flow, high yield, and ongoing sector headwinds. This action is anticipated to realign BCE's capital allocation and provide financial flexibility, potentially involving a cut of 50 per cent or more. The telecom sector as a whole faces challenges from tough pricing, subscriber trends, and high debt levels, with analysts watching earnings reports from Bell, Rogers, Telus, and Quebecor for insights into market conditions and responses to tariffs."
2025-04-18,https://247wallst.com/investing/2025/04/18/3-top-schwab-etfs-to-buy-with-the-sp-500-in-correction/,24/7 Wall St.,Vandita Jadeja,3 Top Schwab ETFs to Buy With the S&P 500 in Correction,"This article recommends three Schwab ETFs (SCHG, SCHD, SCHX) for investors seeking to diversify their portfolios and reduce risk during a market correction. It highlights the features, holdings, performance, and expense ratios of each ETF, catering to different investment goals like large-cap growth, dividend income, and broad large-cap exposure. The article suggests these ETFs as solid investment options due to their low expense ratios, diversified portfolios, and historical performance.","This article recommends three Schwab ETFs (SCHG, SCHD, SCHX) for investors seeking to diversify their portfolios and reduce risk during a market correction. It highlights the features, holdings, performance, and expense ratios of each ETF, catering to different investment goals like large-cap growth, dividend income, and broad large-cap exposure. The article suggests these ETFs as solid investment options due to their low expense ratios, diversified portfolios, and historical performance."
2025-04-17,https://www.forecastock.tw/stock/QJUN/discussion,美股放大鏡,,QJUN/FT Vest Nasdaq-100 Buffer ETF - June|美股|熱門討論,"The article discusses the FT Vest Nasdaq-100 Buffer ETF - June (QJUN), an ETF designed to track the NASDAQ-100 index while providing downside protection through options strategies. It highlights QJUN's competitive expense ratio, focus on capital appreciation over immediate income, and good liquidity. The ETF is positioned as suitable for investors seeking exposure to US tech stocks with lower risk tolerance, serving as a defensive component in asset allocation compared to standard NASDAQ-100 ETFs like QQQ.","The article discusses the FT Vest Nasdaq-100 Buffer ETF - June (QJUN), an ETF designed to track the NASDAQ-100 index while providing downside protection through options strategies. It highlights QJUN's competitive expense ratio, focus on capital appreciation over immediate income, and good liquidity. The ETF is positioned as suitable for investors seeking exposure to US tech stocks with lower risk tolerance, serving as a defensive component in asset allocation compared to standard NASDAQ-100 ETFs like QQQ."
2025-04-17,https://www.theglobeandmail.com/investing/markets/stocks/COKE/pressreleases/31949009/mitigating-tariffs-3-stocks-to-gain-from-a-weaker-us-dollar/,The Globe and Mail,Jea Yu,Mitigating Tariffs: 3 Stocks to Gain From a Weaker U.S. Dollar,"This article identifies three stocks — Coca-Cola, Apple, and Caterpillar — that could benefit significantly from a weaker U.S. dollar, counteracting the effects of tariffs. A weaker dollar makes U.S. products cheaper for international buyers, potentially increasing demand and turning currency headwinds into tailwinds for companies with substantial overseas revenue. The author explains how companies often report ""currency headwinds"" but that a weaker dollar can lead to higher sales volumes abroad despite lower margins.","This article identifies three stocks — Coca-Cola, Apple, and Caterpillar — that could benefit significantly from a weaker U.S. dollar, counteracting the effects of tariffs. A weaker dollar makes U.S. products cheaper for international buyers, potentially increasing demand and turning currency headwinds into tailwinds for companies with substantial overseas revenue. The author explains how companies often report ""currency headwinds"" but that a weaker dollar can lead to higher sales volumes abroad despite lower margins."
2025-04-17,https://machinelearning.apple.com/updates/apple-at-chi-2025,Apple Machine Learning Research,,ACM Human-Computer Interaction Conference (CHI) 2025,"Apple will be presenting new research and sponsoring the ACM Human-Computer Interaction (CHI) 2025 conference in Yokohama, Japan, from April 26 to May 1. The company will showcase its involvement through a booth, career panel discussions, oral presentations, and technical demos, including features like Music Haptics and AutoFraming for educational worksheets. Apple researchers are also serving in various organizational and review capacities for the conference.","Apple will be presenting new research and sponsoring the ACM Human-Computer Interaction (CHI) 2025 conference in Yokohama, Japan, from April 26 to May 1. The company will showcase its involvement through a booth, career panel discussions, oral presentations, and technical demos, including features like Music Haptics and AutoFraming for educational worksheets. Apple researchers are also serving in various organizational and review capacities for the conference."
2025-04-16,https://www.marketbeat.com/stock-ideas/3-high-value-companies-with-triple-digit-upside-potential/,MarketBeat,"Nathan Reiff, Jessica Mitacek",3 High-Value Companies With Triple-Digit Upside Potential,"Following an early April market selloff, several companies are presenting as undervalued investment opportunities. This article highlights three specific firms—Impinj (PI), Northern Technologies International (NTIC), and Seadrill (SDRL)—that experienced significant share price declines but possess strong growth potential due to improving fundamentals, new partnerships, or substantial backlogs. Each company presents a case for bullish investors to consider at their current comparably low price points, with analysts projecting triple-digit upside potential for some.","Following an early April market selloff, several companies are presenting as undervalued investment opportunities. This article highlights three specific firms—Impinj (PI), Northern Technologies International (NTIC), and Seadrill (SDRL)—that experienced significant share price declines but possess strong growth potential due to improving fundamentals, new partnerships, or substantial backlogs. Each company presents a case for bullish investors to consider at their current comparably low price points, with analysts projecting triple-digit upside potential for some."
2025-04-16,https://www.apple.com/newsroom/2025/04/apple-surpasses-60-percent-reduction-in-global-greenhouse-gas-emissions/,Apple,,Apple surpasses 60 percent reduction in global greenhouse gas emissions,"Apple has announced a significant milestone in its environmental efforts, surpassing a 60% reduction in global greenhouse gas emissions compared to 2015 levels, as it moves towards its Apple 2030 carbon neutral goal. The company also reported progress in using recycled materials, accelerating clean energy in its supply chain, and conserving water. This update comes ahead of Earth Day, with Apple offering customers ways to participate in recycling and engage with environmental content.","Apple has announced a significant milestone in its environmental efforts, surpassing a 60% reduction in global greenhouse gas emissions compared to 2015 levels, as it moves towards its Apple 2030 carbon neutral goal. The company also reported progress in using recycled materials, accelerating clean energy in its supply chain, and conserving water. This update comes ahead of Earth Day, with Apple offering customers ways to participate in recycling and engage with environmental content."
2025-04-15,https://www.tradingview.com/symbols/AMEX-TEC/profile/,TradingView,,"TEC ETF Profile: Dividends, Returns (AMEX:TEC)","The Harbor Transformative Technologies ETF (TEC) seeks long-term capital appreciation by investing in US companies poised to benefit from transformative technology, with a focus on strong competitive positions, growth drivers, and experienced management. It is an actively managed, non-diversified fund concentrating over 25% of its assets in the information technology sector, primarily holding stocks in Electronic Technology and Technology Services. While the ETF does not pay dividends, it has shown positive price and NAV returns over the last month, three months, and year.","The Harbor Transformative Technologies ETF (TEC) seeks long-term capital appreciation by investing in US companies poised to benefit from transformative technology, with a focus on strong competitive positions, growth drivers, and experienced management. It is an actively managed, non-diversified fund concentrating over 25% of its assets in the information technology sector, primarily holding stocks in Electronic Technology and Technology Services. While the ETF does not pay dividends, it has shown positive price and NAV returns over the last month, three months, and year."
2025-04-14,https://www.finanztrends.de/ishares-msci-world-etf-ob-gute-idee-ist/,Finanztrends,Stefan Salomon,iShares MSCI World ETF: Ob das eine gute Idee ist?,"The iShares MSCI World ETF has experienced significant price drops, leading investors to hope for a recovery. However, the article raises concerns about a concentration risk due to the high proportion of US tech stocks (over 70% US equities, with more than 10% in leading tech companies like Apple, Microsoft, NVIDIA, Amazon, Meta, Alphabet, and Tesla). It suggests that a US recession could heavily impact the ETF and advises investors to diversify by adding other ETFs, such as those tracking the MSCI ACWI, to their portfolios.","The iShares MSCI World ETF has experienced significant price drops, leading investors to hope for a recovery. However, the article raises concerns about a concentration risk due to the high proportion of US tech stocks (over 70% US equities, with more than 10% in leading tech companies like Apple, Microsoft, NVIDIA, Amazon, Meta, Alphabet, and Tesla). It suggests that a US recession could heavily impact the ETF and advises investors to diversify by adding other ETFs, such as those tracking the MSCI ACWI, to their portfolios."
2025-04-14,https://www.digitaltransactions.net/toast-adds-applebees-to-its-growing-list-of-restaurant-chains/,Digital Transactions,Peter Lucas,Toast Adds Applebee’s to Its Growing List of Restaurant Chains,"Toast Inc. has secured a deal with Dine Brands Global to implement its point-of-sale and restaurant-management technology in 1,500 Applebee’s locations across the country. This move aims to enhance operational efficiencies, boost employee productivity, and improve customer experience for the 45-year-old brand. The agreement follows Toast's recent expansion, including a partnership with Ascent Hospitality Management, signaling its rapid growth in the restaurant technology sector, with payment volume increasing 26% last year to $159 billion.","Toast Inc. has secured a deal with Dine Brands Global to implement its point-of-sale and restaurant-management technology in 1,500 Applebee’s locations across the country. This move aims to enhance operational efficiencies, boost employee productivity, and improve customer experience for the 45-year-old brand. The agreement follows Toast's recent expansion, including a partnership with Ascent Hospitality Management, signaling its rapid growth in the restaurant technology sector, with payment volume increasing 26% last year to $159 billion."
2025-04-14,https://www.xtb.com/de/ausbildung/dax-investieren,XTB.com,,So können Sie mit Aktien & Co. in den DAX investieren,"The article explains various methods for private investors to invest in the DAX, Germany's leading stock market index. It details how to invest through direct purchase of individual DAX company stocks, via Exchange Traded Funds (ETFs) that track the DAX, or using derivative products like Contracts for Difference (CFDs). The piece also discusses the advantages and risks associated with each investment strategy and provides guidance on choosing a broker and managing risk.","The article explains various methods for private investors to invest in the DAX, Germany's leading stock market index. It details how to invest through direct purchase of individual DAX company stocks, via Exchange Traded Funds (ETFs) that track the DAX, or using derivative products like Contracts for Difference (CFDs). The piece also discusses the advantages and risks associated with each investment strategy and provides guidance on choosing a broker and managing risk."
2025-04-13,https://www.insidermonkey.com/blog/is-marvell-technology-inc-nasdaqmrvl-a-nasdaq-stock-with-the-highest-upside-potential-1506766/,Insider Monkey,Maham Fatima,Is Marvell Technology Inc. (NASDAQ:MRVL) a NASDAQ Stock with the Highest Upside Potential?,"Marvell Technology Inc. (NASDAQ:MRVL) is identified as a NASDAQ stock with significant upside potential, ranking first on a list compiled using analysts' upside potential and hedge fund sentiment. The article discusses Wedbush Securities' Dan Ives' concerns about tariffs and geopolitical tensions impacting tech supply chains and earnings, while highlighting Marvell's strong position in AI and cloud markets through partnerships like with Amazon Web Services. Bank of America reiterated a Buy rating on MRVL due to its AI opportunities and growth trajectory.","Marvell Technology Inc. (NASDAQ:MRVL) is identified as a NASDAQ stock with significant upside potential, ranking first on a list compiled using analysts' upside potential and hedge fund sentiment. The article discusses Wedbush Securities' Dan Ives' concerns about tariffs and geopolitical tensions impacting tech supply chains and earnings, while highlighting Marvell's strong position in AI and cloud markets through partnerships like with Amazon Web Services. Bank of America reiterated a Buy rating on MRVL due to its AI opportunities and growth trajectory."
2025-04-11,https://www.reuters.com/legal/legalindustry/ten-things-know-about-european-unions-new-product-liability-directive-2025-04-11/,Reuters,"Patrick Reilly, Eldin Hasic, Nikolas Spilson",Ten things to know about the European Union's new product liability directive,"The European Union has passed a new product liability directive (PLD) which significantly expands the scope of product liability laws, impacting manufacturers of both consumer products and digital goods like software and AI. The directive introduces changes such as a shift in the burden of proof, extended liability periods, and new categories for recoverable damages, all aimed at modernizing product liability for the digital age and increasing consumer protection. Businesses operating in Europe face increased litigation risks and costs, with member states obligated to implement these changes into national law by December 2026.","The European Union has passed a new product liability directive (PLD) which significantly expands the scope of product liability laws, impacting manufacturers of both consumer products and digital goods like software and AI. The directive introduces changes such as a shift in the burden of proof, extended liability periods, and new categories for recoverable damages, all aimed at modernizing product liability for the digital age and increasing consumer protection. Businesses operating in Europe face increased litigation risks and costs, with member states obligated to implement these changes into national law by December 2026."
2025-04-10,https://www.quiverquant.com/etf/Global%20X%20Millennial%20Consumer%20ETF,Quiver Quantitative,,Global X Millennial Consumer ETF Holdings,"This article details the holdings of the Global X Millennial Consumer ETF (MILN), an ETF launched in 2016 which focuses on US-listed companies generating revenue from millennial spending categories. It lists the fund's top holdings by estimated value, including companies like DoorDash, Apple, and Airbnb, and also provides a comprehensive record of recent changes in the ETF's portfolio. The MILN ETF has $95.27 million in Assets Under Management (AUM) and includes 82 holdings.","This article details the holdings of the Global X Millennial Consumer ETF (MILN), an ETF launched in 2016 which focuses on US-listed companies generating revenue from millennial spending categories. It lists the fund's top holdings by estimated value, including companies like DoorDash, Apple, and Airbnb, and also provides a comprehensive record of recent changes in the ETF's portfolio. The MILN ETF has $95.27 million in Assets Under Management (AUM) and includes 82 holdings."
2025-04-10,https://www.bloomberg.com/news/features/2025-04-10/formula-one-will-review-bids-to-bring-grand-prix-back-to-africa,Bloomberg.com,Loni Prinsloo and Rivaldo Jantjies,"The Long, Expensive Race to Bring F1 Back to Africa","Formula One, now a global phenomenon and big business, is looking to return to Africa after more than 30 years. The sport has seen significant growth in revenue and viewership since Liberty Media Corp. acquired it, attracting interest from tech giants for broadcast deals. While F1 continues to expand, the process of bringing a Grand Prix back to the continent is described as a long and expensive race.","Formula One, now a global phenomenon and big business, is looking to return to Africa after more than 30 years. The sport has seen significant growth in revenue and viewership since Liberty Media Corp. acquired it, attracting interest from tech giants for broadcast deals. While F1 continues to expand, the process of bringing a Grand Prix back to the continent is described as a long and expensive race."
2025-04-09,https://www.yourcentralvalley.com/business/press-releases/accesswire/1012974/rosen-trusted-investor-counsel-encourages-skyworks-solutions-inc-investors-to-secure-counsel-before-important-deadline-in-securities-class-action-swks/,www.yourcentralvalley.com,,"ROSEN, TRUSTED INVESTOR COUNSEL, Encourages Skyworks Solutions, Inc. Investors to Secure Counsel Before Important Deadline in Securities Class Action - SWKS","Rosen Law Firm is encouraging investors of Skyworks Solutions, Inc. (NASDAQ: SWKS) to secure counsel before the May 5, 2025 lead plaintiff deadline in a securities class action lawsuit. The lawsuit alleges that Skyworks Solutions made materially false and misleading statements regarding its revenue expectations, its relationship with Apple, and its ability to capitalize on AI in smartphones during the Class Period of July 30, 2024, to February 5, 2025. Investors who purchased Skyworks securities during this period may be entitled to compensation without out-of-pocket fees.","Rosen Law Firm is encouraging investors of Skyworks Solutions, Inc. (NASDAQ: SWKS) to secure counsel before the May 5, 2025 lead plaintiff deadline in a securities class action lawsuit. The lawsuit alleges that Skyworks Solutions made materially false and misleading statements regarding its revenue expectations, its relationship with Apple, and its ability to capitalize on AI in smartphones during the Class Period of July 30, 2024, to February 5, 2025. Investors who purchased Skyworks securities during this period may be entitled to compensation without out-of-pocket fees."
2025-04-08,https://www.sahmcapital.com/news/content/why-ishares-china-large-cap-etf-fxi-is-falling-2025-04-08,Sahm,Benzinga News,Why iShares China Large-Cap ETF (FXI) Is Falling,"The iShares China Large-Cap ETF (FXI) experienced a significant decline due to escalating U.S.-China trade tensions. New tariffs imposed by the U.S. and China's firm stance on retaliatory duties, along with export controls on rare earth minerals, have made investors wary of weakened growth prospects. The ETF, which tracks top Chinese firms like Alibaba and JD.Com, is also vulnerable to supply chain disruptions and concerns over a global recession.","The iShares China Large-Cap ETF (FXI) experienced a significant decline due to escalating U.S.-China trade tensions. New tariffs imposed by the U.S. and China's firm stance on retaliatory duties, along with export controls on rare earth minerals, have made investors wary of weakened growth prospects. The ETF, which tracks top Chinese firms like Alibaba and JD.Com, is also vulnerable to supply chain disruptions and concerns over a global recession."
2025-04-08,https://www.quiverquant.com/etf/Fidelity%20Low%20Volatility%20Factor%20ETF,Quiver Quantitative,,Fidelity Low Volatility Factor ETF Holdings,"This article details the holdings of the Fidelity Low Volatility Factor ETF (FDLO), which was established in 2016 and focuses on large- and mid-cap US stocks selected for low volatility. The ETF currently manages $1404.7 million in assets across 126 holdings. Key holdings include Apple, Alphabet, Microsoft, and Broadcom, with the article also listing recent changes in its portfolio.","This article details the holdings of the Fidelity Low Volatility Factor ETF (FDLO), which was established in 2016 and focuses on large- and mid-cap US stocks selected for low volatility. The ETF currently manages $1404.7 million in assets across 126 holdings. Key holdings include Apple, Alphabet, Microsoft, and Broadcom, with the article also listing recent changes in its portfolio."
2025-04-07,https://www.forbes.com/sites/greatspeculations/2025/04/07/does-sofi-stocks-25-fall-make-it-a-buy-at-9/,Forbes,Trefis Team,Does SOFI Stock’s 25% Fall Make It A Buy At $9?,"SoFi Technologies (SOFI) has experienced a nearly 25% stock decline, primarily due to heightened anxieties about the broader economic outlook, including new tariffs and potential trade wars. The Trefis Team believes macroeconomic headwinds, such as persistent inflation preventing interest rate cuts and a potential economic recession, will negatively impact SOFI’s lending business and demand for its financial services. Despite some growth, the stock is considered overvalued at around $9, with concerns about its profitability and extreme weakness in downturn resilience, making it an unattractive buy.","SoFi Technologies (SOFI) has experienced a nearly 25% stock decline, primarily due to heightened anxieties about the broader economic outlook, including new tariffs and potential trade wars. The Trefis Team believes macroeconomic headwinds, such as persistent inflation preventing interest rate cuts and a potential economic recession, will negatively impact SOFI’s lending business and demand for its financial services. Despite some growth, the stock is considered overvalued at around $9, with concerns about its profitability and extreme weakness in downturn resilience, making it an unattractive buy."
2025-04-07,https://www.kron4.com/business/press-releases/cision/20250407LA57692/landsea-homes-closes-on-78-homesites-in-the-moonlight-master-planned-community-in-maricopa-arizona/,KRON4,NULL,"LANDSEA HOMES CLOSES ON 78 HOMESITES IN THE MOONLIGHT MASTER- PLANNED COMMUNITY IN MARICOPA, ARIZONA","Landsea Homes Corporation announced it has closed on 78 homesites in the Moonlight master-planned community in Maricopa, Arizona. The company will offer High Performance single- and two-story homes ranging from 1,332 to 2,624 square feet, with sales expected to launch this summer. These homes will feature smart home automation technology integrated with the Apple Home™ environment and energy-saving features.","Landsea Homes Corporation announced it has closed on 78 homesites in the Moonlight master-planned community in Maricopa, Arizona. The company will offer High Performance single- and two-story homes ranging from 1,332 to 2,624 square feet, with sales expected to launch this summer. These homes will feature smart home automation technology integrated with the Apple Home™ environment and energy-saving features."
2025-04-07,https://www.gurufocus.com/news/2764748/landsea-homes-closes-on-78-homesites-in-the-moonlight-master-planned-community-in-maricopa-arizona?mobile=true,GuruFocus,,LANDSEA HOMES CLOSES ON 78 HOMESITES IN THE MOONLIGHT MASTER- PL,"Landsea Homes Corporation announced it has closed on 78 homesites in the Moonlight master-planned community in Maricopa, Arizona. The community will offer a mix of High Performance single- and two-story homes featuring smart home automation technology and energy savings, with sales estimated to launch this summer. This expansion aims to meet high demand for quality, energy-efficient homes in Maricopa, an area known for its small-town feel and proximity to Phoenix.","Landsea Homes Corporation announced it has closed on 78 homesites in the Moonlight master-planned community in Maricopa, Arizona. The community will offer a mix of High Performance single- and two-story homes featuring smart home automation technology and energy savings, with sales estimated to launch this summer. This expansion aims to meet high demand for quality, energy-efficient homes in Maricopa, an area known for its small-town feel and proximity to Phoenix."
2025-04-07,https://www.abc4.com/business/press-releases/cision/20250407LA57692/landsea-homes-closes-on-78-homesites-in-the-moonlight-master-planned-community-in-maricopa-arizona/,ABC4 Utah,NULL,"LANDSEA HOMES CLOSES ON 78 HOMESITES IN THE MOONLIGHT MASTER- PLANNED COMMUNITY IN MARICOPA, ARIZONA","Landsea Homes (Nasdaq: LSEA) announced it has closed on 78 homesites in the Moonlight master-planned community in Maricopa, Arizona. The company plans to offer single- and two-story homes featuring High Performance Home features including smart home automation technology (Apple Home™ environment) and energy savings. This expansion aims to meet the demand for quality, energy-efficient homes in the fast-growing Maricopa area, with sales expected to launch this summer.","Landsea Homes (Nasdaq: LSEA) announced it has closed on 78 homesites in the Moonlight master-planned community in Maricopa, Arizona. The company plans to offer single- and two-story homes featuring High Performance Home features including smart home automation technology (Apple Home™ environment) and energy savings. This expansion aims to meet the demand for quality, energy-efficient homes in the fast-growing Maricopa area, with sales expected to launch this summer."
2025-04-07,https://corporate.comcast.com/press/releases/comcast-names-jon-gieselman-chief-growth-officer-residential-us-businesses,Comcast Corporation,,"Comcast Names Former Expedia Group, Apple, and DIRECTV Executive Jon Gieselman Chief Growth Officer for Comcast’s Residential US Businesses","Comcast has appointed Jon Gieselman, formerly of Expedia Group, Apple, and DIRECTV, as its Chief Growth Officer for the residential domestic businesses within its Connectivity & Platforms segment. In this new role, Gieselman will oversee product development, brand strategy for Xfinity across various services, and all sales and marketing efforts. He will report to Steve Croney, COO of the Connectivity & Platforms division, and officially begins on April 28th.","Comcast has appointed Jon Gieselman, formerly of Expedia Group, Apple, and DIRECTV, as its Chief Growth Officer for the residential domestic businesses within its Connectivity & Platforms segment. In this new role, Gieselman will oversee product development, brand strategy for Xfinity across various services, and all sales and marketing efforts. He will report to Steve Croney, COO of the Connectivity & Platforms division, and officially begins on April 28th."
2025-04-06,https://www.tradingview.com/symbols/AMEX-TCAF/holdings/,TradingView,,TCAF ETF Holdings List — AMEX:TCAF,"This article provides a detailed list of the top holdings for the T. Rowe Price Capital Appreciation Equity ETF (TCAF) as of April 8, 2026. It includes the symbol, weight percentage, number of shares, and market value for each company. Microsoft, Amazon, Apple, NVIDIA, and Alphabet are among the largest holdings.","This article provides a detailed list of the top holdings for the T. Rowe Price Capital Appreciation Equity ETF (TCAF) as of April 8, 2026. It includes the symbol, weight percentage, number of shares, and market value for each company. Microsoft, Amazon, Apple, NVIDIA, and Alphabet are among the largest holdings."
2025-04-06,https://www.tradingview.com/symbols/AMEX-JVAL/holdings/,TradingView,,JVAL ETF Holdings List — AMEX:JVAL,"This article provides a detailed list of the top holdings for the JPMorgan U.S. Value Factor ETF (JVAL) as of August 19, 2026. Key holdings include major technology and pharmaceutical companies such as Microsoft, Apple, Alphabet, Micron Technology, NVIDIA, Broadcom, Johnson & Johnson, Meta Platforms, Intel, and Merck & Co., detailing their weight, shares, and market value within the ETF.","This article provides a detailed list of the top holdings for the JPMorgan U.S. Value Factor ETF (JVAL) as of August 19, 2026. Key holdings include major technology and pharmaceutical companies such as Microsoft, Apple, Alphabet, Micron Technology, NVIDIA, Broadcom, Johnson & Johnson, Meta Platforms, Intel, and Merck & Co., detailing their weight, shares, and market value within the ETF."
2025-04-04,https://www.investing.com/news/insider-trading-news/alphabet-ceo-sundar-pichai-sells-515-million-in-company-stock-93CH-3969224,Investing.com,Investing.com,Alphabet CEO Sundar Pichai sells $5.15 million in company stock,"Alphabet CEO Sundar Pichai recently sold approximately $5.15 million in company stock through a pre-established trading plan. The sales occurred while Alphabet's stock traded near its 52-week low, though Wall Street maintains a bullish outlook. Pichai's remaining direct holdings in Alphabet amount to over 2.7 million shares.","Alphabet CEO Sundar Pichai recently sold approximately $5.15 million in company stock through a pre-established trading plan. The sales occurred while Alphabet's stock traded near its 52-week low, though Wall Street maintains a bullish outlook. Pichai's remaining direct holdings in Alphabet amount to over 2.7 million shares."
2025-04-04,https://www.finanztrends.de/msci-world-verliert-an-wert-so-reagieren-etf-anleger-richtig/,Finanztrends,www.finanztrends.de,MSCI World verliert an Wert: So reagieren ETF-Anleger richtig,"The MSCI World ETF is currently experiencing significant losses due to a tech correction in the US market, a weak dollar, and political uncertainties like new tariffs. With over 70% invested in US tech giants, the index is highly susceptible to these fluctuations. The article advises long-term investors to remain invested, consider diversifying into emerging markets or Europe, and assess their risk profile to potentially balance their portfolio with bonds or commodities.","The MSCI World ETF is currently experiencing significant losses due to a tech correction in the US market, a weak dollar, and political uncertainties like new tariffs. With over 70% invested in US tech giants, the index is highly susceptible to these fluctuations. The article advises long-term investors to remain invested, consider diversifying into emerging markets or Europe, and assess their risk profile to potentially balance their portfolio with bonds or commodities."
2025-04-04,https://stockstotrade.com/news/cxapp-inc-cxai-news-2025_04_04/,StocksToTrade,"Tim Bohen, Ben Sturgill, Ellis Hobbs",Growth or Bubble? Decoding the Rapid Rise of CXAI Stock,"CXApp Inc. (CXAI) stock is experiencing a significant rise, up 32.54%, driven by positive market sentiment and strategic advancements including the appointment of Terry Blanchard as SVP of Engineering. The company faces financial challenges, as shown by its Q3 2024 operating revenue of $1.897M against $5.223M in total expenses, but maintains a strong gross margin of 80.9%. The market awaits its rescheduled Q4 and FY24 earnings call for further insights into its AI-native platform and future trajectory.","CXApp Inc. (CXAI) stock is experiencing a significant rise, up 32.54%, driven by positive market sentiment and strategic advancements including the appointment of Terry Blanchard as SVP of Engineering. The company faces financial challenges, as shown by its Q3 2024 operating revenue of $1.897M against $5.223M in total expenses, but maintains a strong gross margin of 80.9%. The market awaits its rescheduled Q4 and FY24 earnings call for further insights into its AI-native platform and future trajectory."
2025-04-04,https://www.businesswire.com/news/home/20250404638716/en/IMAX-Enhanced-Program-Expanding-to-Elevate-Live-Programming,Business Wire,,IMAX Enhanced Program Expanding to Elevate Live Programming,"IMAX is expanding its IMAX Enhanced program with ""Stream it in IMAX Enhanced"" to deliver a premium viewing experience for live events at home. This new initiative combines IMAX's technical expertise and proprietary streaming technologies to enhance image and sound quality at the source, monitor it in real-time, and seamlessly integrate with existing production workflows. The goal is to bring the high fidelity expected from IMAX to live sports, music, and other programming, leveraging their VisionScience™ technology and building on past successes with live event demonstrations.","IMAX is expanding its IMAX Enhanced program with ""Stream it in IMAX Enhanced"" to deliver a premium viewing experience for live events at home. This new initiative combines IMAX's technical expertise and proprietary streaming technologies to enhance image and sound quality at the source, monitor it in real-time, and seamlessly integrate with existing production workflows. The goal is to bring the high fidelity expected from IMAX to live sports, music, and other programming, leveraging their VisionScience™ technology and building on past successes with live event demonstrations."
2025-04-04,https://news.gm.com/home.detail.html/Pages/topic/us/en/2025/apr/0404-gibbons-hr-director.html,General Motors,"Laryssa Hulcio, Stephen Harber",A few minutes with Brian Gibbons: Experienced tech leader and GM HR Director,"Brian Gibbons, HR Director for Software and Serviced Engineering at General Motors, discusses his career trajectory from Microsoft, Cisco, and Apple to GM. He highlights his passion for GM's mission to innovate in EVs and autonomy, emphasizing the importance of curiosity and diverse perspectives within the company's tech team. Gibbons also shares his positive views on GM's leadership and work culture, and expresses enthusiasm for his Cadillac LYRIQ.","Brian Gibbons, HR Director for Software and Serviced Engineering at General Motors, discusses his career trajectory from Microsoft, Cisco, and Apple to GM. He highlights his passion for GM's mission to innovate in EVs and autonomy, emphasizing the importance of curiosity and diverse perspectives within the company's tech team. Gibbons also shares his positive views on GM's leadership and work culture, and expresses enthusiasm for his Cadillac LYRIQ."
2025-04-03,https://www.tradingview.com/symbols/CBOE-GDE/holdings/,TradingView,,GDE ETF Holdings List — CBOE:GDE,"This article provides the holdings list for the WisdomTree Efficient Gold Plus Equity Strategy Fund (GDE), traded on CBOE. As of March 2, 2026, the fund's top holdings include a mutual fund, NVIDIA, Apple, Alphabet, and Microsoft, along with other major tech and diversified companies. The list details the symbol, weight percentage, number of shares, and market value for each holding.","This article provides the holdings list for the WisdomTree Efficient Gold Plus Equity Strategy Fund (GDE), traded on CBOE. As of March 2, 2026, the fund's top holdings include a mutual fund, NVIDIA, Apple, Alphabet, and Microsoft, along with other major tech and diversified companies. The list details the symbol, weight percentage, number of shares, and market value for each holding."
2025-04-03,https://www.investing.com/news/insider-trading-news/visa-ceo-ryan-mcinerney-sells-3-million-in-stock-93CH-3966750,Investing.com,Investing.com,Visa CEO Ryan McInerney sells $3 million in stock,"Visa CEO Ryan McInerney sold 8,620 shares of Class A Common Stock for approximately $3.02 million. This transaction occurred under a Rule 10b5-1 trading plan and near Visa's 52-week high. The article also highlights Visa's strong performance, its bid to replace Mastercard for Apple's credit card, and efforts to integrate with cryptocurrency wallets and combat scams.","Visa CEO Ryan McInerney sold 8,620 shares of Class A Common Stock for approximately $3.02 million. This transaction occurred under a Rule 10b5-1 trading plan and near Visa's 52-week high. The article also highlights Visa's strong performance, its bid to replace Mastercard for Apple's credit card, and efforts to integrate with cryptocurrency wallets and combat scams."
2025-04-03,https://www.tradingview.com/symbols/AMEX-IWX/holdings/,TradingView,,IWX ETF Holdings List — AMEX:IWX,"This article provides a detailed list of the top holdings for the iShares Russell Top 200 Value ETF (IWX) as of August 20, 2026. Key holdings include major companies like Amazon, Apple, Microsoft, and JPMorgan Chase, along with their respective weight percentages, number of shares, and market values within the ETF.","This article provides a detailed list of the top holdings for the iShares Russell Top 200 Value ETF (IWX) as of August 20, 2026. Key holdings include major companies like Amazon, Apple, Microsoft, and JPMorgan Chase, along with their respective weight percentages, number of shares, and market values within the ETF."
2025-04-03,https://www.tradingnews.com/news/ymag-vs-ymax-a-deep-dive-into-two-high-yielding-etfs,TradingNEWS,,YMAG vs YMAX: Which YieldMax ETF Offers the Best Yield and Risk Profile?,"This article compares two high-yielding ETFs, YMAG (YieldMax Magnificent 7 Fund) and YMAX (YieldMax Universe Fund), detailing their strategies, performance, and risk profiles. YMAG focuses on the ""Magnificent 7"" tech stocks with a covered call strategy, offering a 27% yield but limited upside. YMAX, a fund-of-funds, diversifies across 29 YieldMax ETFs for broader exposure and a significantly higher 47.25% yield, though with increased risk of Net Asset Value erosion.","This article compares two high-yielding ETFs, YMAG (YieldMax Magnificent 7 Fund) and YMAX (YieldMax Universe Fund), detailing their strategies, performance, and risk profiles. YMAG focuses on the ""Magnificent 7"" tech stocks with a covered call strategy, offering a 27% yield but limited upside. YMAX, a fund-of-funds, diversifies across 29 YieldMax ETFs for broader exposure and a significantly higher 47.25% yield, though with increased risk of Net Asset Value erosion."
2025-04-03,https://www.tradingview.com/symbols/AMEX-BIGY/holdings/,TradingView,,BIGY ETF Holdings List — AMEX:BIGY,"This article provides a detailed list of the holdings for the BIGY ETF (YieldMax Target 12 Big 50 Option Income ETF) as of July 30, 2026. It includes the weight, number of shares, and market value for top holdings such as Apple, NVIDIA, Alphabet, Amazon, and Microsoft. The ETF trades on the NYSE American exchange.","This article provides a detailed list of the holdings for the BIGY ETF (YieldMax Target 12 Big 50 Option Income ETF) as of July 30, 2026. It includes the weight, number of shares, and market value for top holdings such as Apple, NVIDIA, Alphabet, Amazon, and Microsoft. The ETF trades on the NYSE American exchange."
2025-04-03,https://www.morningstar.com/markets/stocks-plunge-trumps-tariffs-threaten-hurt-growth-raise-inflation,Morningstar,"Tom Lauricella, Sarah Hansen",Stocks Have Worst Day Since 2020 as Trump’s Tariffs Raise Risk of Recession,"US and global stock markets experienced their worst day since 2020 due to new tariffs unveiled by President Trump, which are expected to harm economic growth and increase inflation. Technology and energy sectors were hit hardest, while bonds rallied as investors sought safety in government debt amidst rising recession fears. Analysts warn that the aggressive tariffs could push the Federal Reserve towards looser monetary policy but also complicate inflation control, raising the probability of a recession to at least one-third.","US and global stock markets experienced their worst day since 2020 due to new tariffs unveiled by President Trump, which are expected to harm economic growth and increase inflation. Technology and energy sectors were hit hardest, while bonds rallied as investors sought safety in government debt amidst rising recession fears. Analysts warn that the aggressive tariffs could push the Federal Reserve towards looser monetary policy but also complicate inflation control, raising the probability of a recession to at least one-third."
2025-04-03,https://www.techtarget.com/searchenterpriseai/news/366622055/Qualcomm-seeks-AI-expansion-with-possible-Alphawave-buy,TechTarget,Antone Gonsalves,Qualcomm seeks AI expansion with possible Alphawave buy,"Qualcomm is looking to expand its presence in the rapidly growing AI market by potentially acquiring UK-based semiconductor maker Alphawave IP Group and has already acquired MovianAI, VinAI's generative AI division. These moves aim to diversify Qualcomm's portfolio beyond mobile phone chipsets, whose revenue growth is slowing, and to strengthen its AI infrastructure offerings to compete with rivals like Nvidia, Intel, and AMD. The company faces urgency in diversification due to Apple phasing out Qualcomm modems in iPhones.","Qualcomm is looking to expand its presence in the rapidly growing AI market by potentially acquiring UK-based semiconductor maker Alphawave IP Group and has already acquired MovianAI, VinAI's generative AI division. These moves aim to diversify Qualcomm's portfolio beyond mobile phone chipsets, whose revenue growth is slowing, and to strengthen its AI infrastructure offerings to compete with rivals like Nvidia, Intel, and AMD. The company faces urgency in diversification due to Apple phasing out Qualcomm modems in iPhones."
2025-04-03,https://www.nerdwallet.com/investing/learn/recession-proof-stocks,NerdWallet,"Chris Davis, Kate Ashford, Arielle O'Shea, Pamela de la Fuente, Sam Taube",Looking for Recession-Proof Stocks? Find the Outperformers,"While no stocks are truly recession-proof, certain sectors and strategies can help build a more downturn-resistant portfolio. Historically, consumer staples, healthcare, and utilities tend to perform better during economic contractions due to consistent demand. Financial advisors emphasize the importance of diversification across various sectors to prepare for market volatility and maximize gains during recovery periods.","While no stocks are truly recession-proof, certain sectors and strategies can help build a more downturn-resistant portfolio. Historically, consumer staples, healthcare, and utilities tend to perform better during economic contractions due to consistent demand. Financial advisors emphasize the importance of diversification across various sectors to prepare for market volatility and maximize gains during recovery periods."
2025-04-03,https://www.fierce-network.com/broadband/trumps-new-tariffs-could-be-devastating-telco-supply-chains,Fierce Network,Masha Abarinova,Trump’s new tariffs could be devastating for telco supply chains say analysts,"New reciprocal tariffs announced by President Trump are expected to significantly raise the price of telecom equipment, impacting supply chains and potentially forcing carriers to increase service prices. Analysts from Dell'Oro, IDC, and neXt Curve agree that the tariffs will lead to higher equipment costs and lower demand, with OEMs like Dell and HPE likely to be hit harder than Ericsson and Nokia due to their manufacturing locations. These tariffs extend beyond China to countries like Vietnam, India, and Malaysia, complicating diversification efforts and potentially affecting consumer prices for devices and telecom services.","New reciprocal tariffs announced by President Trump are expected to significantly raise the price of telecom equipment, impacting supply chains and potentially forcing carriers to increase service prices. Analysts from Dell'Oro, IDC, and neXt Curve agree that the tariffs will lead to higher equipment costs and lower demand, with OEMs like Dell and HPE likely to be hit harder than Ericsson and Nokia due to their manufacturing locations. These tariffs extend beyond China to countries like Vietnam, India, and Malaysia, complicating diversification efforts and potentially affecting consumer prices for devices and telecom services."
2025-04-03,https://www.assemblymag.com/articles/99162-apple-to-invest-billions-in-us-manufacturing,Assembly Magazine,Austin Weber,Apple to Invest Billions in U.S. Manufacturing,"Apple Inc. plans to invest over $500 billion in the U.S. within the next four years, focusing on boosting American manufacturing, research and development, and job creation. This initiative includes building a new factory in Houston for server manufacturing, doubling its U.S. Advanced Manufacturing Fund to $10 billion, and establishing a training academy in Detroit. These efforts aim to support American innovation, high-skilled jobs, and advanced technology fields like AI and silicon engineering.","Apple Inc. plans to invest over $500 billion in the U.S. within the next four years, focusing on boosting American manufacturing, research and development, and job creation. This initiative includes building a new factory in Houston for server manufacturing, doubling its U.S. Advanced Manufacturing Fund to $10 billion, and establishing a training academy in Detroit. These efforts aim to support American innovation, high-skilled jobs, and advanced technology fields like AI and silicon engineering."
2025-04-03,https://www.thedailyupside.com/advisor/investing-strategies/rob-arnott-on-deep-value-and-running-towards-lions/,The Daily Upside,Sean Allocca,Rob Arnott on Deep Value and ‘Running Towards Lions’,"Rob Arnott, founder of Research Affiliates, discusses his deep-value NIXT ETF which invests in underperforming, deleted stocks, aiming to capitalize on their greater upside potential compared to frothy, expensive additions to indexes. He emphasizes the importance of diversification into cheap alternatives, even if uncomfortable, and views the financial advisor's role as guiding clients away from ""stupid mistakes"" like performance chasing.","Rob Arnott, founder of Research Affiliates, discusses his deep-value NIXT ETF which invests in underperforming, deleted stocks, aiming to capitalize on their greater upside potential compared to frothy, expensive additions to indexes. He emphasizes the importance of diversification into cheap alternatives, even if uncomfortable, and views the financial advisor's role as guiding clients away from ""stupid mistakes"" like performance chasing."
2025-04-02,https://www.tradingview.com/symbols/AMEX-SPUS/holdings/,TradingView,,SPUS ETF Holdings List — AMEX:SPUS,"This article provides a list of the top holdings for the SPUS ETF (SP Funds S&P 500 Sharia Industry Exclusions ETF) as of March 16, 2026. Key holdings include NVIDIA, Apple, Microsoft, and Alphabet Inc., with their respective weight percentages, share counts, and market values. The ETF focuses on sharia-compliant investments.","This article provides a list of the top holdings for the SPUS ETF (SP Funds S&P 500 Sharia Industry Exclusions ETF) as of March 16, 2026. Key holdings include NVIDIA, Apple, Microsoft, and Alphabet Inc., with their respective weight percentages, share counts, and market values. The ETF focuses on sharia-compliant investments."
2025-04-02,https://etfdb.com/active-etf-content-hub/tcaf-adds-more-half-billion-1-month/,ETF Database,Nick Peters-Golden,Top Active ETF TCAF Adds More Than Half a Billion in 1 Month,"The T. Rowe Price Capital Appreciation Equity ETF (TCAF) has seen significant growth, adding over half a billion dollars in AUM within the last month and nearing $4 billion total. Managed by David Giroux, this active ETF invests in high-quality, primarily large-cap U.S. firms with strong market positions and attractive valuations. TCAF's strategy has resulted in $570 million in net inflows recently and $2.5 billion over the last year, with an annualized return of 20.63% since inception.","The T. Rowe Price Capital Appreciation Equity ETF (TCAF) has seen significant growth, adding over half a billion dollars in AUM within the last month and nearing $4 billion total. Managed by David Giroux, this active ETF invests in high-quality, primarily large-cap U.S. firms with strong market positions and attractive valuations. TCAF's strategy has resulted in $570 million in net inflows recently and $2.5 billion over the last year, with an annualized return of 20.63% since inception."
2025-04-02,https://etfdb.com/etf/DSPY/,ETF Database,,Tema S&P 500 Historical Weight ETF Strategy,"This article provides a detailed profile of the DSPY ETF, which tracks the Tema S&P 500 Historical Weight strategy. It covers the ETF's price, holdings, expense ratio, performance metrics, dividend information, and ESG scores. The document also includes comparisons to other ETFs within its category and segment, offering a comprehensive overview for potential investors.","This article provides a detailed profile of the DSPY ETF, which tracks the Tema S&P 500 Historical Weight strategy. It covers the ETF's price, holdings, expense ratio, performance metrics, dividend information, and ESG scores. The document also includes comparisons to other ETFs within its category and segment, offering a comprehensive overview for potential investors."
2025-04-02,https://www.tradingview.com/symbols/AMEX-IWB/holdings/,TradingView,,IWB ETF Holdings List — AMEX:IWB,"This article lists the top holdings of the iShares Russell 1000 ETF (IWB) as of April 30, 2026. NVIDIA Corporation, Apple Inc., and Microsoft Corporation are identified as the top three holdings by weight. The fund composition details the percentage weight, number of shares, and market value for each major holding.","This article lists the top holdings of the iShares Russell 1000 ETF (IWB) as of April 30, 2026. NVIDIA Corporation, Apple Inc., and Microsoft Corporation are identified as the top three holdings by weight. The fund composition details the percentage weight, number of shares, and market value for each major holding."
2025-04-01,https://www.tradingview.com/symbols/NASDAQ-IQQQ/holdings/,TradingView,,IQQQ ETF Holdings List — NASDAQ:IQQQ,"This article lists the top holdings of the ProShares Nasdaq-100 High Income ETF (IQQQ) as of May 22, 2026. The ETF's portfolio includes significant allocations to U.S. Dollar, NVIDIA Corporation, ProShares GENIUS Money Market ETF, Apple Inc., and Microsoft Corporation, among other major tech companies. The data provides insights into the fund's composition, including the weight percentage, shares, and market value for each holding.","This article lists the top holdings of the ProShares Nasdaq-100 High Income ETF (IQQQ) as of May 22, 2026. The ETF's portfolio includes significant allocations to U.S. Dollar, NVIDIA Corporation, ProShares GENIUS Money Market ETF, Apple Inc., and Microsoft Corporation, among other major tech companies. The data provides insights into the fund's composition, including the weight percentage, shares, and market value for each holding."
2025-04-01,https://www.tradingview.com/symbols/NASDAQ-GPIQ/holdings/,TradingView,,GPIQ ETF Holdings List — NASDAQ:GPIQ,"This article provides the current holdings list for the Goldman Sachs Nasdaq-100 Premium Income ETF (GPIQ) as of February 27, 2026. It details the top holdings, including NVIDIA, Apple, Microsoft, Amazon, and Tesla, along with their respective weight percentages, number of shares, and market values. The data offers insights into the fund's composition and its major investments.","This article provides the current holdings list for the Goldman Sachs Nasdaq-100 Premium Income ETF (GPIQ) as of February 27, 2026. It details the top holdings, including NVIDIA, Apple, Microsoft, Amazon, and Tesla, along with their respective weight percentages, number of shares, and market values. The data offers insights into the fund's composition and its major investments."
2025-04-01,https://www.tradingview.com/symbols/LSE-DGRW/holdings/,TradingView,,DGRW ETF Holdings List — LSE:DGRW,"This article provides a list of the top holdings for the DGRW ETF (WisdomTree US Quality Dividend Growth UCITS ETF USD) as of March 2, 2026. It details the weight, shares, and market value for each of the top ten companies, including Microsoft, Exxon Mobil, and Apple. The information is presented in a structured table format with financial data.","This article provides a list of the top holdings for the DGRW ETF (WisdomTree US Quality Dividend Growth UCITS ETF USD) as of March 2, 2026. It details the weight, shares, and market value for each of the top ten companies, including Microsoft, Exxon Mobil, and Apple. The information is presented in a structured table format with financial data."
2025-04-01,https://www.tradingview.com/symbols/NASDAQ-GQQQ/holdings/,TradingView,,GQQQ ETF Holdings List — NASDAQ:GQQQ,"This article lists the top holdings of the GQQQ ETF (Astoria US Quality Growth Kings ETF) as of August 19, 2026. Key holdings include major technology companies such as NVIDIA, Apple, Microsoft, Amazon, Micron Technology, Alphabet, Broadcom, Advanced Micro Devices, and Meta Platforms. The list provides the weight percentage, number of shares, and market value for each holding.","This article lists the top holdings of the GQQQ ETF (Astoria US Quality Growth Kings ETF) as of August 19, 2026. Key holdings include major technology companies such as NVIDIA, Apple, Microsoft, Amazon, Micron Technology, Alphabet, Broadcom, Advanced Micro Devices, and Meta Platforms. The list provides the weight percentage, number of shares, and market value for each holding."
2025-04-01,https://www.tradingview.com/symbols/AMEX-SPHQ/holdings/,TradingView,,SPHQ ETF Holdings List — AMEX:SPHQ,"This article provides a detailed list of the top holdings for the Invesco S&P 500 Quality ETF (SPHQ) as of May 22, 2026. It includes the weight percentage, number of shares, and market value for each company. Apple Inc. (AAPL) leads the list, followed by Costco Wholesale Corporation (COST) and Lam Research Corporation (LRCX).","This article provides a detailed list of the top holdings for the Invesco S&P 500 Quality ETF (SPHQ) as of May 22, 2026. It includes the weight percentage, number of shares, and market value for each company. Apple Inc. (AAPL) leads the list, followed by Costco Wholesale Corporation (COST) and Lam Research Corporation (LRCX)."
2025-04-01,https://www.tradingview.com/symbols/NASDAQ-ONEQ/holdings/,TradingView,,ONEQ ETF Holdings List — NASDAQ:ONEQ,"This article provides the current holdings list for the Fidelity Nasdaq Composite Index ETF (ONEQ) as of May 22, 2026. It details the top ten largest holdings, including companies like NVIDIA, Apple, Microsoft, and Amazon, along with their respective weight percentages, number of shares, and market values. The data offers insight into the ETF's composition and investment focus.","This article provides the current holdings list for the Fidelity Nasdaq Composite Index ETF (ONEQ) as of May 22, 2026. It details the top ten largest holdings, including companies like NVIDIA, Apple, Microsoft, and Amazon, along with their respective weight percentages, number of shares, and market values. The data offers insight into the ETF's composition and investment focus."
2025-04-01,https://www.tradingview.com/symbols/AMEX-IWY/holdings/,TradingView,,IWY ETF Holdings List — AMEX:IWY,"This article provides a list of the top holdings for the iShares Russell Top 200 Growth ETF (IWY) as of May 29, 2026. Key holdings include NVIDIA, Apple, Microsoft, Broadcom, and Amazon, detailing their respective weight percentages, number of shares, and market values. The data offers insights into the fund's composition and its significant investments in major technology companies.","This article provides a list of the top holdings for the iShares Russell Top 200 Growth ETF (IWY) as of May 29, 2026. Key holdings include NVIDIA, Apple, Microsoft, Broadcom, and Amazon, detailing their respective weight percentages, number of shares, and market values. The data offers insights into the fund's composition and its significant investments in major technology companies."
2025-04-01,https://www.tradingview.com/symbols/FWB-XAIX/holdings/,TradingView,,XAIX ETF Holdings List — FWB:XAIX,"The XAIX ETF, Xtrackers Artificial Intelligence & Big Data UCITS ETF, holds a diversified portfolio of companies involved in artificial intelligence and big data. As of February 27, 2026, its top holdings include major tech companies like Samsung Electronics, Micron Technology, SK hynix, Alphabet, and Alibaba. The ETF aims to provide exposure to the performance of some of the largest and most liquid companies globally that are engaged in the AI and big data sectors.","The XAIX ETF, Xtrackers Artificial Intelligence & Big Data UCITS ETF, holds a diversified portfolio of companies involved in artificial intelligence and big data. As of February 27, 2026, its top holdings include major tech companies like Samsung Electronics, Micron Technology, SK hynix, Alphabet, and Alibaba. The ETF aims to provide exposure to the performance of some of the largest and most liquid companies globally that are engaged in the AI and big data sectors."
2025-04-01,https://www.tradingview.com/symbols/AMEX-TECL/holdings/,TradingView,,TECL ETF Holdings List — AMEX:TECL,"This article provides the TECL ETF Holdings List as of March 17, 2026. It details the fund's composition, including the weight, shares, and market value of its top holdings, such as U.S. Dollar, NVIDIA (NVDA), Apple (AAPL), and Microsoft (MSFT). The list offers insights into the fund's investment allocation across key technology and financial assets.","This article provides the TECL ETF Holdings List as of March 17, 2026. It details the fund's composition, including the weight, shares, and market value of its top holdings, such as U.S. Dollar, NVIDIA (NVDA), Apple (AAPL), and Microsoft (MSFT). The list offers insights into the fund's investment allocation across key technology and financial assets."
2025-04-01,https://finviz.com/news/16175/berkshire-hathaway-gains-defy-stock-market-slump,Finviz - Stock Screener,Jeffrey Neal Johnson,Berkshire Hathaway Gains Defy Stock Market Slump,"Berkshire Hathaway's stock has shown notable resilience and gains in early 2025 while the broader equity market faced a slump. This performance is attributed to its diversified business structure, strong operational earnings from its various segments, and Warren Buffett's disciplined investment philosophy. The company's stability and value-oriented approach are attracting investors seeking a safe harbor amidst market volatility.","Berkshire Hathaway's stock has shown notable resilience and gains in early 2025 while the broader equity market faced a slump. This performance is attributed to its diversified business structure, strong operational earnings from its various segments, and Warren Buffett's disciplined investment philosophy. The company's stability and value-oriented approach are attracting investors seeking a safe harbor amidst market volatility."
2025-04-01,https://www.tradingview.com/symbols/CBOE-SPYI/holdings/,TradingView,,SPYI ETF Holdings List — CBOE:SPYI,"This article lists the top holdings of the NEOS S&P 500 High Income ETF (SPYI) as of February 26, 2026. Key holdings include major technology companies like NVIDIA, Apple, Microsoft, and Amazon, along with others such as Alphabet and Tesla. The list details the weight, number of shares, and market value for each of the top ten holdings.","This article lists the top holdings of the NEOS S&P 500 High Income ETF (SPYI) as of February 26, 2026. Key holdings include major technology companies like NVIDIA, Apple, Microsoft, and Amazon, along with others such as Alphabet and Tesla. The list details the weight, number of shares, and market value for each of the top ten holdings."
2025-04-01,https://www.tradingview.com/symbols/NASDAQ-CARZ/holdings/,TradingView,,CARZ ETF Holdings List — NASDAQ:CARZ,"This article lists the top holdings for the First Trust S-Network Future Vehicles & Technology ETF (CARZ) as of March 26, 2026. Key holdings include Samsung Electronics, Micron Technology, Taiwan Semiconductor Manufacturing, Advanced Micro Devices, and Apple. The ETF focuses on companies involved in future vehicles and technology.","This article lists the top holdings for the First Trust S-Network Future Vehicles & Technology ETF (CARZ) as of March 26, 2026. Key holdings include Samsung Electronics, Micron Technology, Taiwan Semiconductor Manufacturing, Advanced Micro Devices, and Apple. The ETF focuses on companies involved in future vehicles and technology."
2025-04-01,https://www.tradingview.com/symbols/MUN-BCFN/holdings/,TradingView,,BCFN ETF Holdings List — MUN:BCFN,"This article lists the top holdings of the BCFN ETF as of June 15, 2026. Key holdings include NVIDIA Corporation, Apple Inc., Micron Technology, Inc., Microsoft Corporation, and Amazon.com, Inc. The ETF primarily invests in major technology companies, with NVIDIA having the largest weight at 8.15%.","This article lists the top holdings of the BCFN ETF as of June 15, 2026. Key holdings include NVIDIA Corporation, Apple Inc., Micron Technology, Inc., Microsoft Corporation, and Amazon.com, Inc. The ETF primarily invests in major technology companies, with NVIDIA having the largest weight at 8.15%."
2025-04-01,https://www.tradingview.com/symbols/NASDAQ-QQQI/holdings/,TradingView,,QQQI ETF Holdings List — NASDAQ:QQQI,"This article provides the holdings list for the NEOS Nasdaq 100 High Income ETF (QQQI) as of February 26, 2026. Key holdings include NVIDIA, Apple, Microsoft, and Amazon. The list details the weight percentage, number of shares, and market value for each company held by the ETF.","This article provides the holdings list for the NEOS Nasdaq 100 High Income ETF (QQQI) as of February 26, 2026. Key holdings include NVIDIA, Apple, Microsoft, and Amazon. The list details the weight percentage, number of shares, and market value for each company held by the ETF."
2025-04-01,https://www.tradingview.com/symbols/AMEX-OMAH/holdings/,TradingView,,OMAH ETF Holdings List — AMEX:OMAH,"This article provides a detailed list of the holdings for the OMAH ETF (VistaShares Target 15 Berkshire Select Income ETF) as of February 26, 2026. It includes company symbols, weight percentages, share counts, and market values for its top holdings such as Apple, Berkshire Hathaway, and American Express. The content highlights the fund's composition and offers deeper insights into its constituent stocks.","This article provides a detailed list of the holdings for the OMAH ETF (VistaShares Target 15 Berkshire Select Income ETF) as of February 26, 2026. It includes company symbols, weight percentages, share counts, and market values for its top holdings such as Apple, Berkshire Hathaway, and American Express. The content highlights the fund's composition and offers deeper insights into its constituent stocks."
2025-04-01,https://temaetfs.com/insights/dspy-etf-sp500-reduced-concentration,Tema ETFs,"Yuri Khodjamirian, CFA CIO",The DSPY ETF: S&P 500 with Reduced Concentration Risk,"The article introduces the DSPY ETF, an S&P 500 historical weight ETF designed to mitigate the unprecedented concentration risk currently present in the traditional S&P 500. It explains that the top 10 companies now account for nearly 40% of the index, leading to higher volatility and potentially lower long-term returns. DSPY aims to address this by weighting companies based on their 35-year historical average index rank weight, offering a more balanced exposure while maintaining the S&P 500's constituent structure.","The article introduces the DSPY ETF, an S&P 500 historical weight ETF designed to mitigate the unprecedented concentration risk currently present in the traditional S&P 500. It explains that the top 10 companies now account for nearly 40% of the index, leading to higher volatility and potentially lower long-term returns. DSPY aims to address this by weighting companies based on their 35-year historical average index rank weight, offering a more balanced exposure while maintaining the S&P 500's constituent structure."
2025-04-01,https://www.mobileworldlive.com/industry/feature-john-deere-fires-up-private-5g-at-key-factory/,Mobile World Live,Mike Robuck,Feature: John Deere fires up private 5G at key factory,"John Deere has implemented a private 5G network at its Davenport Works factory in Iowa, representing an 18-month project to enhance manufacturing efficiency. The company plans to transition most of its connectivity to mobile, reducing reliance on wired Ethernet and Wi-Fi. This shift addresses challenges in Industry 4.0, such as the saturation of Wi-Fi points and the need for flexible infrastructure, while leveraging 5G for improved coverage, reduced outage times, and advanced asset tracking.","John Deere has implemented a private 5G network at its Davenport Works factory in Iowa, representing an 18-month project to enhance manufacturing efficiency. The company plans to transition most of its connectivity to mobile, reducing reliance on wired Ethernet and Wi-Fi. This shift addresses challenges in Industry 4.0, such as the saturation of Wi-Fi points and the need for flexible infrastructure, while leveraging 5G for improved coverage, reduced outage times, and advanced asset tracking."
2025-05-31,https://jdcorporateblog.com/first-hour-of-jd-coms-618-grand-promotion-gmv-orders-and-active-shoppers-grow-200-year-over-year-for-2025/,JD Corporate Blog,Vivian Yang,"First Hour of JD.com’s 618 Grand Promotion: GMV, Orders, and Active Shoppers Grow 200% Year-Over-Year for 2025","In the first hour of JD.com’s 618 Grand Promotion, Gross Merchandise Volume (GMV), total orders, and active shoppers all saw over 200% year-over-year (YoY) growth. More than 20,000 brands achieved over threefold GMV growth, indicating a strong start for the event. Significant surges were noted in home appliances, electronics, daily essentials, and cross-border sales, with advanced technologies and logistics playing a crucial role in managing the increased demand.","In the first hour of JD.com’s 618 Grand Promotion, Gross Merchandise Volume (GMV), total orders, and active shoppers all saw over 200% year-over-year (YoY) growth. More than 20,000 brands achieved over threefold GMV growth, indicating a strong start for the event. Significant surges were noted in home appliances, electronics, daily essentials, and cross-border sales, with advanced technologies and logistics playing a crucial role in managing the increased demand."
2025-05-30,https://www.tradingview.com/symbols/NASDAQ-LOGO/holdings/,TradingView,,LOGO ETF Holdings List — NASDAQ:LOGO,"This article provides a detailed list of the top holdings for the Alpha Brands Consumption Leaders ETF (LOGO) as of May 20, 2026. The fund's composition includes major companies such as Amazon, Netflix, Apple, and NVIDIA, along with their respective weight percentages, share counts, and market values. It highlights the concentration of the ETF in leading technology and consumer-oriented companies.","This article provides a detailed list of the top holdings for the Alpha Brands Consumption Leaders ETF (LOGO) as of May 20, 2026. The fund's composition includes major companies such as Amazon, Netflix, Apple, and NVIDIA, along with their respective weight percentages, share counts, and market values. It highlights the concentration of the ETF in leading technology and consumer-oriented companies."
2025-05-30,https://247wallst.com/investing/2025/05/30/why-this-high-yield-12-dividend-etf-is-a-must-own-stock/,24/7 Wall St.,David Moadel,"Why This High-Yield, 12% Dividend ETF Is a Must-Own Stock","The NEOS S&P 500 High Income ETF (SPYI) offers investors a unique blend of potential share-price appreciation tied to the S&P 500, a high monthly dividend yield of over 12% generated through options strategies, and favorable tax treatment on capital gains. This combination makes it a compelling option for investors seeking both income and growth, particularly for those looking to leverage compounding and minimize short-term capital gains taxes. The ETF achieves its high income by investing in S&P 500 components and selling covered call options.","The NEOS S&P 500 High Income ETF (SPYI) offers investors a unique blend of potential share-price appreciation tied to the S&P 500, a high monthly dividend yield of over 12% generated through options strategies, and favorable tax treatment on capital gains. This combination makes it a compelling option for investors seeking both income and growth, particularly for those looking to leverage compounding and minimize short-term capital gains taxes. The ETF achieves its high income by investing in S&P 500 components and selling covered call options."
2025-05-30,https://fortune.com/2025/05/30/etsy-ceo-josh-silverman-career-success-advice-new-graduates/,Fortune,Emma Burleigh,Etsy’s CEO shares two key steps he took early in his career that set him up for later success,"Etsy CEO Josh Silverman advises Gen Z graduates to embrace an uncertain job market by pursuing roles they enjoy with dedication. He emphasizes two key steps from his early career: choosing a field he liked and consistently going above and beyond in his junior positions, which aligns with advice from successful entrepreneurs like Mark Cuban and Steve Jobs. Silverman's journey from answering phones to leading a major company highlights the importance of determination and continuous learning in career development.","Etsy CEO Josh Silverman advises Gen Z graduates to embrace an uncertain job market by pursuing roles they enjoy with dedication. He emphasizes two key steps from his early career: choosing a field he liked and consistently going above and beyond in his junior positions, which aligns with advice from successful entrepreneurs like Mark Cuban and Steve Jobs. Silverman's journey from answering phones to leading a major company highlights the importance of determination and continuous learning in career development."
2025-05-30,https://finviz.com/news/70430/better-dividend-growth-etf-vanguard-dividend-appreciation-etf-or-ishares-core-dividend-growth-etf,Finviz,Matt DiLallo,Better Dividend Growth ETF: Vanguard Dividend Appreciation ETF or iShares Core Dividend Growth ETF,"This article compares two prominent dividend growth ETFs: the Vanguard Dividend Appreciation ETF (VIG) and the iShares Core Dividend Growth ETF (DGRO). It details their different index tracking methodologies, top holdings, expense ratios, and historical performance to help investors decide which fund is better suited for their dividend growth strategy. While DGRO offers a slightly higher yield, VIG boasts a lower expense ratio, making both solid options depending on investor priorities.","This article compares two prominent dividend growth ETFs: the Vanguard Dividend Appreciation ETF (VIG) and the iShares Core Dividend Growth ETF (DGRO). It details their different index tracking methodologies, top holdings, expense ratios, and historical performance to help investors decide which fund is better suited for their dividend growth strategy. While DGRO offers a slightly higher yield, VIG boasts a lower expense ratio, making both solid options depending on investor priorities."
2025-05-29,https://www.bizjournals.com/austin/news/2025/05/29/brandywine-marketing-office-space-for-sale-austin.html,The Business Journals,Cody Baird,Brandywine puts a number of Austin office properties on the sales block,"Brandywine Realty Trust is marketing 1 million square feet of Austin office space for sale, including properties like Four Barton Skyway. The company asserts this move is not a retreat from Austin or an act of desperation, despite the slow market causing uncertainty about the properties' true worth. The article also touches on updates for the Uptown ATX development near The Domain and includes a list of large commercial building owners in the metro.","Brandywine Realty Trust is marketing 1 million square feet of Austin office space for sale, including properties like Four Barton Skyway. The company asserts this move is not a retreat from Austin or an act of desperation, despite the slow market causing uncertainty about the properties' true worth. The article also touches on updates for the Uptown ATX development near The Domain and includes a list of large commercial building owners in the metro."
2025-05-29,https://www.theglobeandmail.com/business/article-business-brief-blackberry-is-back/,The Globe and Mail,Sean Silcoff,Business Brief: BlackBerry is back,"BlackBerry Ltd., under new CEO John Giamatteo, has transformed from its smartphone-era identity to focus on becoming a dominant player in the software-defined vehicle market through its QNX division. The company has undertaken significant cost-cutting measures, including shedding its cybersecurity business, refinancing debt, and reducing headcount, putting it on stable financial footing. This strategic shift aims to re-establish BlackBerry as a technology leader, though it faces the challenge of maintaining investor confidence and possibly severing ties with its Waterloo origins.","BlackBerry Ltd., under new CEO John Giamatteo, has transformed from its smartphone-era identity to focus on becoming a dominant player in the software-defined vehicle market through its QNX division. The company has undertaken significant cost-cutting measures, including shedding its cybersecurity business, refinancing debt, and reducing headcount, putting it on stable financial footing. This strategic shift aims to re-establish BlackBerry as a technology leader, though it faces the challenge of maintaining investor confidence and possibly severing ties with its Waterloo origins."
2025-05-28,https://theloadstar.com/shippers-brace-as-decline-in-smart-phone-shipments-drives-air-cargo-market/,The Loadstar,Alex Lennane,News Shippers brace for rate rise as smart phones expected to drive air cargo market,"A new survey indicates that nearly 95% of air cargo players anticipate a global rise in airfreight rates, particularly from Asia to the US west coast, primarily due to potential new tariffs. The announcement of a 25% levy on foreign-made mobile phones in the US by former President Trump is expected to cause a surge in smartphone imports, leading to tighter transpacific capacity and pushing up rates. Despite a previous decline in smartphone and laptop tonnages, global airfreight rates are already increasing, with a notable rise in spot market activity due to canceled block space agreements.","A new survey indicates that nearly 95% of air cargo players anticipate a global rise in airfreight rates, particularly from Asia to the US west coast, primarily due to potential new tariffs. The announcement of a 25% levy on foreign-made mobile phones in the US by former President Trump is expected to cause a surge in smartphone imports, leading to tighter transpacific capacity and pushing up rates. Despite a previous decline in smartphone and laptop tonnages, global airfreight rates are already increasing, with a notable rise in spot market activity due to canceled block space agreements."
2025-05-28,https://www.investing.com/news/sec-filings/maplebear-inc-appoints-new-ceo-and-expands-share-buyback-93CH-4067985,Investing.com,Investing.com,Maplebear Inc. appoints new CEO and expands share buyback,"Maplebear Inc. (Instacart) has announced Chris Rogers as its new CEO and President, effective August 15, 2025, succeeding Fidji Simo, who will remain as Chair of the Board. The company also expanded its share repurchase program authorization to $1 billion from $750 million. These changes come amid positive financial performance and analyst upgrades for the company.","Maplebear Inc. (Instacart) has announced Chris Rogers as its new CEO and President, effective August 15, 2025, succeeding Fidji Simo, who will remain as Chair of the Board. The company also expanded its share repurchase program authorization to $1 billion from $750 million. These changes come amid positive financial performance and analyst upgrades for the company."
2025-05-27,https://www.nrn.com/restaurant-executives/denny-s-ceo-kelli-valade-shares-how-the-restaurant-chain-can-maintain-the-title-of-america-s-favorite-diner-,Nation’s Restaurant News,Sam Oches,Denny’s CEO Kelli Valade shares how the restaurant chain can maintain the title of ‘America’s Favorite Diner’,"Denny's CEO Kelli Valade discusses her vision for maintaining the chain's title as ""America's favorite diner for a modern America."" She highlights the importance of menu innovation, marketing, and culture development, which have formed a foundation for growth over her nearly three years in the role. Valade also touches upon her personal life, including her favorite Denny's order, hobbies, and insights as a business leader.","Denny's CEO Kelli Valade discusses her vision for maintaining the chain's title as ""America's favorite diner for a modern America."" She highlights the importance of menu innovation, marketing, and culture development, which have formed a foundation for growth over her nearly three years in the role. Valade also touches upon her personal life, including her favorite Denny's order, hobbies, and insights as a business leader."
2025-05-27,https://www.apple.com/newsroom/2025/05/the-app-store-prevented-more-than-9-billion-usd-in-fraudulent-transactions/,Apple,,The App Store prevented more than $9 billion in fraudulent transactions over the last five years,"Over the past five years, Apple's App Store has prevented more than $9 billion in fraudulent transactions, with $2 billion of that occurring in 2024 alone. This achievement is attributed to Apple's comprehensive anti-fraud measures, including account termination, rigorous App Review processes, and technologies like Apple Pay and StoreKit. The efforts aim to maintain a secure marketplace for users and developers by combating various forms of fraud, from deceptive apps to credit card schemes.","Over the past five years, Apple's App Store has prevented more than $9 billion in fraudulent transactions, with $2 billion of that occurring in 2024 alone. This achievement is attributed to Apple's comprehensive anti-fraud measures, including account termination, rigorous App Review processes, and technologies like Apple Pay and StoreKit. The efforts aim to maintain a secure marketplace for users and developers by combating various forms of fraud, from deceptive apps to credit card schemes."
2025-05-27,https://finance.yahoo.com/news/look-fair-value-apple-inc-120110424.html,Yahoo Finance,editorial-team@simplywallst.com (Simply Wall St),A Look At The Fair Value Of Apple Inc. (NASDAQ:AAPL),"This article analyzes the fair value of Apple Inc. (NASDAQ:AAPL) using a 2-stage Discounted Cash Flow (DCF) model. It estimates Apple's fair value at US$218, suggesting its current share price of US$195 is trading at similar levels to its fair value. The analysis also notes that this estimate is slightly lower than the average analyst price target of US$229 and discusses the assumptions and limitations of the DCF model.","This article analyzes the fair value of Apple Inc. (NASDAQ:AAPL) using a 2-stage Discounted Cash Flow (DCF) model. It estimates Apple's fair value at US$218, suggesting its current share price of US$195 is trading at similar levels to its fair value. The analysis also notes that this estimate is slightly lower than the average analyst price target of US$229 and discusses the assumptions and limitations of the DCF model."
2025-05-27,https://www.cnbc.com/2025/05/27/buy-this-ai-stock-with-more-than-25percent-upside-after-a-big-decline-piper-sandler-says.html,CNBC,Brian Evans,"Buy this AI stock with more than 25% upside after a big decline, Piper Sandler says","Piper Sandler has initiated coverage of SoundHound AI with an overweight rating and a $12 price target, foreseeing over 25% upside potential for the stock. Despite a recent decline, the firm believes SoundHound, a ""pure play"" in the AI sector with its voice AI platform, is well-positioned for growth in various segments, including the automotive industry and quick-service restaurants, with a significant serviceable market opportunity by 2027.","Piper Sandler has initiated coverage of SoundHound AI with an overweight rating and a $12 price target, foreseeing over 25% upside potential for the stock. Despite a recent decline, the firm believes SoundHound, a ""pure play"" in the AI sector with its voice AI platform, is well-positioned for growth in various segments, including the automotive industry and quick-service restaurants, with a significant serviceable market opportunity by 2027."
2025-05-27,https://www.tradingview.com/news/zacks:a66667aa7094b:0-top-performing-leveraged-etfs-of-last-week/,TradingView,,Top-Performing Leveraged ETFs of Last Week,"This article highlights the top-performing leveraged ETFs of the past week amidst a downbeat Wall Street performance, investor concerns over the U.S.'s ballooning fiscal deficit, and a Moody’s credit rating downgrade. Despite these concerns, economic data showed steady growth. The piece details five specific leveraged ETFs that saw significant gains, including those tracking IonQ, Rigetti Computing, inverse Super Micro Computer, gold miners, and the VIX futures.","This article highlights the top-performing leveraged ETFs of the past week amidst a downbeat Wall Street performance, investor concerns over the U.S.'s ballooning fiscal deficit, and a Moody’s credit rating downgrade. Despite these concerns, economic data showed steady growth. The piece details five specific leveraged ETFs that saw significant gains, including those tracking IonQ, Rigetti Computing, inverse Super Micro Computer, gold miners, and the VIX futures."
2025-05-27,https://www.etf.com/sections/news/europe-focused-etfs-leap-after-tariff-deadline-extended,ETF.com,Ron Day,Europe-Focused ETFs Leap After Tariff Deadline Extended,"Europe-focused ETFs surged after President Trump extended the deadline for imposing 50% tariffs on imports from the region to July 9, climbing down from an earlier threat that had impacted markets. This extension followed a discussion between Trump and European Commission President Ursula Von der Leyen, where they agreed to expedite trade talks. Both European and U.S. ETFs, including Vanguard FTSE Europe ETF (VGK) and Vanguard S&P 500 ETF (VOO), saw significant gains in response to the news.","Europe-focused ETFs surged after President Trump extended the deadline for imposing 50% tariffs on imports from the region to July 9, climbing down from an earlier threat that had impacted markets. This extension followed a discussion between Trump and European Commission President Ursula Von der Leyen, where they agreed to expedite trade talks. Both European and U.S. ETFs, including Vanguard FTSE Europe ETF (VGK) and Vanguard S&P 500 ETF (VOO), saw significant gains in response to the news."
2025-05-26,https://www.marketbeat.com/stock-ideas/doubt-the-market-3-stocks-to-rideout-fear-uncertainty-and-doubt/,MarketBeat,Dan Schmidt,"Doubt the Market? 3 Stocks to Rideout Fear, Uncertainty and Doubt","In a volatile market characterized by fear, uncertainty, and doubt, investors are advised to seek stability in blue-chip stocks. This article highlights Philip Morris International (PM), Cardinal Health (CAH), and Alphabet Inc. (GOOGL) as three companies well-positioned to offer such stability. These stocks are chosen based on their strong fundamental factors like valuation, earnings potential, dividend strength, and low volatility to help investors navigate market fluctuations effectively.","In a volatile market characterized by fear, uncertainty, and doubt, investors are advised to seek stability in blue-chip stocks. This article highlights Philip Morris International (PM), Cardinal Health (CAH), and Alphabet Inc. (GOOGL) as three companies well-positioned to offer such stability. These stocks are chosen based on their strong fundamental factors like valuation, earnings potential, dividend strength, and low volatility to help investors navigate market fluctuations effectively."
2025-05-26,https://www.tradingview.com/news/zacks:a65b883da094b:0-volatility-etfs-spike-on-renewed-trump-tariff-threats/,TradingView,,Volatility ETFs Spike on Renewed Trump Tariff Threats,"Volatility Exchange Traded Funds (ETFs) have seen a spike following renewed threats of tariffs from former President Donald Trump on EU goods and imported smartphones. This surge in volatility is also exacerbated by worries over a ballooning U.S. deficit and a Moody's credit rating downgrade. Investors are warned that these volatility products are generally suitable only for short-term traders due to contango issues, but current market conditions may present a temporary opportunity.","Volatility Exchange Traded Funds (ETFs) have seen a spike following renewed threats of tariffs from former President Donald Trump on EU goods and imported smartphones. This surge in volatility is also exacerbated by worries over a ballooning U.S. deficit and a Moody's credit rating downgrade. Investors are warned that these volatility products are generally suitable only for short-term traders due to contango issues, but current market conditions may present a temporary opportunity."
2025-05-24,https://meyka.com/stock/QQQI/why-stock-down-today/,Meyka,,Why Is NEOS Nasdaq-100 High Income ETF (QQQI) Stock Down Today?,"The NEOS Nasdaq-100 High Income ETF (QQQI) is currently down 2.45% at $51.03, reflecting negative investor sentiment. The stock is trading below its 50-day and 200-day moving averages, indicating both short-term and long-term weakness. Meyka's AI gives QQQI an 'B' grade, with future forecasts projecting a potential return of -4.70% in 1 month but positive returns over longer periods.","The NEOS Nasdaq-100 High Income ETF (QQQI) is currently down 2.45% at $51.03, reflecting negative investor sentiment. The stock is trading below its 50-day and 200-day moving averages, indicating both short-term and long-term weakness. Meyka's AI gives QQQI an 'B' grade, with future forecasts projecting a potential return of -4.70% in 1 month but positive returns over longer periods."
2025-05-23,https://www.voronoiapp.com/markets/The-Surging-Value-of-the-Magnificent-7-Versus-the-SP-500-2014-2024-5171,Voronoi by Visual Capitalist,,The Surging Value of the Magnificent 7 Versus the S&P 500 (2014-2024),"From 2014 to 2024, the S&P 500 saw over 220% returns, with the ""Magnificent 7"" (Alphabet, Amazon, Apple, Meta, Microsoft, Nvidia, Tesla) driving a significant portion of this growth. These tech giants now constitute over one-third of the S&P 500, raising concentration risk concerns. The Tema S&P 500 Historical Weight ETF (DSPY) offers an alternative by adjusting company weights to their 35-year historical averages for a more balanced investment approach.","From 2014 to 2024, the S&P 500 saw over 220% returns, with the ""Magnificent 7"" (Alphabet, Amazon, Apple, Meta, Microsoft, Nvidia, Tesla) driving a significant portion of this growth. These tech giants now constitute over one-third of the S&P 500, raising concentration risk concerns. The Tema S&P 500 Historical Weight ETF (DSPY) offers an alternative by adjusting company weights to their 35-year historical averages for a more balanced investment approach."
2025-05-23,https://www.investopedia.com/s-and-p-500-gains-and-losses-today-deckers-outdoor-ross-stores-stocks-fall-as-firms-withhold-guidance-11741141,Investopedia,Michael Bromberg,"S&P 500 Gains and Losses Today: Deckers Outdoor, Ross Stores Stocks Fall as Firms Withhold Outlooks","On May 23, 2025, the S&P 500 dropped 0.7%, influenced by potential tariffs and a tougher stance on trade from President Donald Trump. Deckers Outdoor and Ross Stores saw significant stock declines after both companies withheld full-year guidance due to tariff uncertainties. Conversely, Intuit shares rose following strong quarterly results and the prospect of the House budget bill impacting free IRS tax-filing programs.","On May 23, 2025, the S&P 500 dropped 0.7%, influenced by potential tariffs and a tougher stance on trade from President Donald Trump. Deckers Outdoor and Ross Stores saw significant stock declines after both companies withheld full-year guidance due to tariff uncertainties. Conversely, Intuit shares rose following strong quarterly results and the prospect of the House budget bill impacting free IRS tax-filing programs."
2025-05-23,https://news.engin.umich.edu/2025/05/efficiency-upgrade-for-oled-screens-a-route-to-blue-pholed-longevity/,Michigan Engineering News,Kate McAlpine,Efficiency upgrade for OLED screens: A route to blue PHOLED longevity,"Researchers at the University of Michigan have developed blue phosphorescent OLEDs (PHOLEDs) that are as durable and efficient as existing green PHOLEDs, addressing a long-standing challenge in display technology. The innovation involves a new design with two light-emitting layers and a coating on the negative electrode that facilitates a ""fast lane"" for energy conversion, significantly improving longevity and efficiency. This breakthrough could lead to more energy-efficient OLED screens in future devices.","Researchers at the University of Michigan have developed blue phosphorescent OLEDs (PHOLEDs) that are as durable and efficient as existing green PHOLEDs, addressing a long-standing challenge in display technology. The innovation involves a new design with two light-emitting layers and a coating on the negative electrode that facilitates a ""fast lane"" for energy conversion, significantly improving longevity and efficiency. This breakthrough could lead to more energy-efficient OLED screens in future devices."
2025-05-23,https://www.t3.com/auto/dolby-atmos-now-available-across-the-entire-mercedes-fleet-but-theres-a-catch,T3,Chris Hall,"Dolby Atmos now available across the entire Mercedes fleet, but there’s a catch","Mercedes-Benz has expanded the availability of Dolby Atmos across its entire car fleet, moving beyond its previous restriction to top-tier models like the S-Class and Maybach. To experience Dolby Atmos, customers must opt for an upgraded Burmester sound system, which often comes as part of a premium package. This integration offers an immersive audio experience, significantly enhancing in-car music and even audiobooks from sources like Apple Music, Amazon Music, Tidal, and Audible.","Mercedes-Benz has expanded the availability of Dolby Atmos across its entire car fleet, moving beyond its previous restriction to top-tier models like the S-Class and Maybach. To experience Dolby Atmos, customers must opt for an upgraded Burmester sound system, which often comes as part of a premium package. This integration offers an immersive audio experience, significantly enhancing in-car music and even audiobooks from sources like Apple Music, Amazon Music, Tidal, and Audible."
2025-05-22,https://seekingalpha.com/article/4789260-canadian-stocks-reached-an-all-time-high-this-week,Seeking Alpha,Dale Roberts,Canadian Stocks Reached An All-Time High This Week,"Canadian stocks have recently hit an all-time high despite prevailing fears of a recession and political uncertainties, driven by strong performances in financial, technology, and defensive sectors. The author emphasizes that rather than attempting to time the market, investors should adhere to a disciplined investment strategy and embrace volatility to build long-term wealth. For stability amidst economic uncertainty, especially for retirees, the article suggests a diversified global portfolio that includes U.S., international, and Canadian equities, focusing on defensive sectors and wide-moat Canadian stocks.","Canadian stocks have recently hit an all-time high despite prevailing fears of a recession and political uncertainties, driven by strong performances in financial, technology, and defensive sectors. The author emphasizes that rather than attempting to time the market, investors should adhere to a disciplined investment strategy and embrace volatility to build long-term wealth. For stability amidst economic uncertainty, especially for retirees, the article suggests a diversified global portfolio that includes U.S., international, and Canadian equities, focusing on defensive sectors and wide-moat Canadian stocks."
2025-05-22,https://247wallst.com/investing/2025/05/22/3-best-inverse-etfs-to-profit-in-a-market-crash/,24/7 Wall St.,David Moadel,3 Best Inverse ETFs to Profit in a Market Crash,"This article outlines three inverse ETFs that investors can use to profit during a market crash: ProShares Short S&P 500 (SH), ProShares Short QQQ (PSQ), and Direxion Daily S&P 500 Bear 3X Shares ETF (SPXS). It explains that inverse ETFs are designed to gain value when a market index declines, offering a way for bearish-leaning investors to mitigate losses or profit in a downturn. The article also highlights the risks associated with these funds, particularly concerning their performance over holding periods longer than a single day.","This article outlines three inverse ETFs that investors can use to profit during a market crash: ProShares Short S&P 500 (SH), ProShares Short QQQ (PSQ), and Direxion Daily S&P 500 Bear 3X Shares ETF (SPXS). It explains that inverse ETFs are designed to gain value when a market index declines, offering a way for bearish-leaning investors to mitigate losses or profit in a downturn. The article also highlights the risks associated with these funds, particularly concerning their performance over holding periods longer than a single day."
2025-05-22,https://247wallst.com/investing/2025/05/22/i-have-invested-in-dividends-for-25-years-here-is-why-i-like-jepq-more-than-qqqi/,24/7 Wall St.,David Moadel,I have invested in dividends for 25 years—Here is why I like JEPQ more than QQQI,"The author, a seasoned dividend investor, explains his preference for the JPMorgan Nasdaq Equity Premium Income ETF (JEPQ) over the NEOS NASDAQ-100 High Income ETF (QQQI), despite QQQI's higher yield. His rationale stems from JEPQ's less concentrated weighting in a few top technology stocks, which he believes mitigates share-price volatility, a crucial factor learned from 25 years of dividend investing. Both ETFs use options strategies on the NASDAQ 100 index to generate income, but JEPQ's approach offers a better balance between yield and risk management.","The author, a seasoned dividend investor, explains his preference for the JPMorgan Nasdaq Equity Premium Income ETF (JEPQ) over the NEOS NASDAQ-100 High Income ETF (QQQI), despite QQQI's higher yield. His rationale stems from JEPQ's less concentrated weighting in a few top technology stocks, which he believes mitigates share-price volatility, a crucial factor learned from 25 years of dividend investing. Both ETFs use options strategies on the NASDAQ 100 index to generate income, but JEPQ's approach offers a better balance between yield and risk management."
2025-05-22,https://www.marketwatch.com/story/advance-auto-parts-stock-rockets-as-tariffs-didnt-change-the-earnings-outlook-6e2e19a7?gaa_at=eafs&gaa_n=AWEtsqdRGmu5NKgC-NHVxfuR8LCedx2Bycboq0BxssL_8lpgrKQ6ff8OM4Z1&gaa_ts=6998f31c&gaa_sig=N8pJvOIRuRMnf8LuIBwLjn4WWwpb85FuC99bJFUL4XlS-FcigDy2vIrZPp-E-oyAx_g9auEl0WqQWWmuhE6Oyw%3D%3D,MarketWatch,Steve Gelsi,"Advance Auto Parts’ stock rockets, as tariffs didn’t change retailer’s earnings outlook","Advance Auto Parts Inc. saw its stock achieve a record one-day gain after reiterating its profit forecast for the year, despite the impact of tariffs. The company also surpassed analyst expectations for first-quarter revenue and adjusted losses, driven by store updates and increased comparable sales in its aftermarket-supplier business. The retailer sources products from Mexico, China, and Canada but maintained its previous profit outlook.","Advance Auto Parts Inc. saw its stock achieve a record one-day gain after reiterating its profit forecast for the year, despite the impact of tariffs. The company also surpassed analyst expectations for first-quarter revenue and adjusted losses, driven by store updates and increased comparable sales in its aftermarket-supplier business. The retailer sources products from Mexico, China, and Canada but maintained its previous profit outlook."
2025-05-22,https://etfdb.com/etf-education-content-hub/qbig-benefits-big-mag-7-rally/,ETF Database,Todd Shriber,Big Mag 7 Rally Pays Off for QBIG,"The Invesco Top QQQ ETF (QBIG), holding Magnificent Seven stocks and Broadcom, has seen a 16% gain in the month ending May 15, outperforming the S&P 500 Growth Index. This rebound is attributed to clearer international trade policy and potential AI advancements, despite the ETF still being in the red year-to-date. A recent thaw in U.S./China trade relations also bodes well for QBIG’s holdings.","The Invesco Top QQQ ETF (QBIG), holding Magnificent Seven stocks and Broadcom, has seen a 16% gain in the month ending May 15, outperforming the S&P 500 Growth Index. This rebound is attributed to clearer international trade policy and potential AI advancements, despite the ETF still being in the red year-to-date. A recent thaw in U.S./China trade relations also bodes well for QBIG’s holdings."
2025-05-21,https://www.sharewise.com/de/news_articles/Should_iShares_Russell_1000_ETF_IWB_Be_on_Your_Investing_Radar_Zacks_20250521_1220,sharewise.com,Zacks,Should iShares Russell 1000 ETF (IWB) Be on Your Investing Radar?,"The iShares Russell 1000 ETF (IWB), launched in 2000 by Blackrock, offers broad exposure to the Large Cap Blend segment of the US equity market with over $40 billion in assets. With an annual operating expense of 0.15% and a 1.12% trailing dividend yield, it is considered a cost-effective option for investors. IWB has a Zacks ETF Rank of 2 (Buy) and effectively diversifies company-specific risk with approximately 1011 holdings, making it a medium-risk choice for investors.","The iShares Russell 1000 ETF (IWB), launched in 2000 by Blackrock, offers broad exposure to the Large Cap Blend segment of the US equity market with over $40 billion in assets. With an annual operating expense of 0.15% and a 1.12% trailing dividend yield, it is considered a cost-effective option for investors. IWB has a Zacks ETF Rank of 2 (Buy) and effectively diversifies company-specific risk with approximately 1011 holdings, making it a medium-risk choice for investors."
2025-05-21,https://ca.investing.com/news/company-news/colombier-acquisition-ii-stock-soars-to-alltime-high-of-1378-93CH-4028173,Investing.com Canada,Investing.com,Colombier Acquisition II stock soars to all-time high of $13.78,"Colombier Acquisition II Corp. (CLBR) stock has reached an all-time high of $13.78, reflecting a 28.21% gain over the past year. This surge aligns with the company's planned business combination with GrabAGun for a NYSE listing, which includes notable board nominees like Donald Trump Jr. and aims to enhance GrabAGun's eCommerce capabilities.","Colombier Acquisition II Corp. (CLBR) stock has reached an all-time high of $13.78, reflecting a 28.21% gain over the past year. This surge aligns with the company's planned business combination with GrabAGun for a NYSE listing, which includes notable board nominees like Donald Trump Jr. and aims to enhance GrabAGun's eCommerce capabilities."
2025-05-21,https://www.houstonpublicmedia.org/articles/news/houston/2025/05/21/521909/counterfeit-apple-phone-chargers-valued-at-7-3-million-seized-from-port-of-houston/,Houston Public Media,Sarah Grunau,Counterfeit Apple phone chargers valued at $7.3 million seized from Port of Houston,"U.S. Customs and Border Protection seized over 370,000 counterfeit Apple phone chargers, valued at $7.3 million, at the Port of Houston. The chargers, falsely labeled with the Apple trademark and packaged to resemble products from another electronics company, were confirmed to be fake by CBP and Apple representatives. Officials warn that such counterfeit activities harm innovation, support criminal networks, and can lead to civil or criminal penalties for those involved.","U.S. Customs and Border Protection seized over 370,000 counterfeit Apple phone chargers, valued at $7.3 million, at the Port of Houston. The chargers, falsely labeled with the Apple trademark and packaged to resemble products from another electronics company, were confirmed to be fake by CBP and Apple representatives. Officials warn that such counterfeit activities harm innovation, support criminal networks, and can lead to civil or criminal penalties for those involved."
2025-05-21,https://finance.yahoo.com/news/ishares-russell-1000-etf-iwb-102004504.html,Yahoo Finance,Zacks Equity Research,Should iShares Russell 1000 ETF (IWB) Be on Your Investing Radar?,"The iShares Russell 1000 ETF (IWB) is a passively managed fund designed for exposure to the Large Cap Blend segment of the US equity market, with assets over $40.09 billion and an expense ratio of 0.15%. It primarily allocates to Information Technology, Financials, and Consumer Discretionary, with Microsoft, Apple, and Nvidia as top holdings. The ETF has shown positive year-to-date and one-year performance and holds a Zacks ETF Rank of ""Buy"" due to its low costs, diversification, and alignment with market trends.","The iShares Russell 1000 ETF (IWB) is a passively managed fund designed for exposure to the Large Cap Blend segment of the US equity market, with assets over $40.09 billion and an expense ratio of 0.15%. It primarily allocates to Information Technology, Financials, and Consumer Discretionary, with Microsoft, Apple, and Nvidia as top holdings. The ETF has shown positive year-to-date and one-year performance and holds a Zacks ETF Rank of ""Buy"" due to its low costs, diversification, and alignment with market trends."
2025-05-21,https://www.thearmchairtrader.com/us-stock-market-news/coinbase-promotion-a-new-era-for-financial-markets/,The Armchair Trader,"Michael Morton, Dovile Silenskyte",Coinbase promotion: is crypto now a part of the establishment?,"Coinbase's inclusion in the S&P 500 signals crypto's definitive entry into mainstream finance, demonstrating its stability and institutional acceptance. This milestone follows profitable years for Coinbase and coincides with a significant rally in Bitcoin and altcoins, further solidifying crypto's role in the global financial architecture. The move validates crypto infrastructure for institutional investors and puts pressure on traditional finance to adapt.","Coinbase's inclusion in the S&P 500 signals crypto's definitive entry into mainstream finance, demonstrating its stability and institutional acceptance. This milestone follows profitable years for Coinbase and coincides with a significant rally in Bitcoin and altcoins, further solidifying crypto's role in the global financial architecture. The move validates crypto infrastructure for institutional investors and puts pressure on traditional finance to adapt."
2025-05-20,https://finance.yahoo.com/news/cell-phone-satisfaction-hits-decade-120200488.html,Yahoo Finance,,"Cell Phone Satisfaction Hits Decade Low Mark as AI Promises Fall Short, ACSI Data Show","User satisfaction with cell phones has dropped to a decade-low of 78, according to the American Customer Satisfaction Index (ACSI), despite new AI features. The study indicates that customers prioritize fundamental aspects like battery life, call reliability, and ease of use over advanced capabilities. This decline extends to wireless phone and internet service providers, with smartwatch satisfaction also sensitive to basic features.","User satisfaction with cell phones has dropped to a decade-low of 78, according to the American Customer Satisfaction Index (ACSI), despite new AI features. The study indicates that customers prioritize fundamental aspects like battery life, call reliability, and ease of use over advanced capabilities. This decline extends to wireless phone and internet service providers, with smartwatch satisfaction also sensitive to basic features."
2025-05-20,https://www.marketwatch.com/story/elon-musks-starlink-is-battling-globalstar-to-rule-the-skies-heres-the-likely-winner-a3356bba?gaa_at=eafs&gaa_n=AWEtsqeN0EWXO16wvheCZEuEZ0ezFsM8wwdSkH3wk6jmXOGy8aXwvW9mJG-m&gaa_ts=6998fb17&gaa_sig=3X0AoWatY-9SCbCIHPZLlbb5cBE4jaA5txwBrmPTtbBqvqKnTQczsYvDWLQZmPl4yT2PgD0puJqy_9TOIK5R2A%3D%3D,MarketWatch,Michael Brush,Elon Musk’s Starlink is battling Globalstar to rule the skies. Here’s the likely winner.,The article discusses the emerging satellite phone service battle between Elon Musk's Starlink (partnering with T-Mobile) and Apple's Globalstar. This competition aims to provide phone connectivity in remote areas and as a backup during emergencies. The author suggests one stock is already a clear winner in this technological race.,The article discusses the emerging satellite phone service battle between Elon Musk's Starlink (partnering with T-Mobile) and Apple's Globalstar. This competition aims to provide phone connectivity in remote areas and as a backup during emergencies. The author suggests one stock is already a clear winner in this technological race.
2025-05-19,https://247wallst.com/investing/2025/05/19/i-have-invested-in-dividends-for-25-years-here-is-why-i-like-jepq-more-than-schd/,24/7 Wall St.,David Moadel,I have invested in dividends for 25 years—Here is why I like JEPQ more than SCHD,"The author, a 25-year dividend investor, explains his preference for the JPMorgan Nasdaq Equity Premium Income ETF (JEPQ) over the Schwab U.S. Dividend Equity ETF (SCHD), despite both being solid, diversified funds. While SCHD offers a traditional dividend yield, JEPQ generates a significantly higher yield by employing covered call options strategies in addition to dividends, offering a better income opportunity after fees. Both ETFs provide diversification and stability, but JEPQ's higher yield makes it more attractive for income seekers.","The author, a 25-year dividend investor, explains his preference for the JPMorgan Nasdaq Equity Premium Income ETF (JEPQ) over the Schwab U.S. Dividend Equity ETF (SCHD), despite both being solid, diversified funds. While SCHD offers a traditional dividend yield, JEPQ generates a significantly higher yield by employing covered call options strategies in addition to dividends, offering a better income opportunity after fees. Both ETFs provide diversification and stability, but JEPQ's higher yield makes it more attractive for income seekers."
2025-05-19,https://www.sharewise.com/us/news_articles/Is_iShares_ParisAligned_Climate_MSCI_USA_ETF_PABU_a_Strong_ETF_Right_Now_Zacks_20250519_122020469,sharewise.com,Zacks,Is iShares Paris-Aligned Climate MSCI USA ETF (PABU) a Strong ETF Right Now?,"The iShares Paris-Aligned Climate MSCI USA ETF (PABU), launched on April 8, 2022, is a smart beta ETF focused on the Style Box - All Cap Blend category, aiming to align with Paris Agreement objectives through decarbonization and reduced climate-related risks. With over $2.12 billion in assets and a low expense ratio of 0.10%, PABU primarily invests in Information Technology, with Apple, Nvidia, and Microsoft as top holdings. The ETF has shown strong performance, up 13.72% over the last year, offering a diversified option for investors in climate-aligned strategies.","The iShares Paris-Aligned Climate MSCI USA ETF (PABU), launched on April 8, 2022, is a smart beta ETF focused on the Style Box - All Cap Blend category, aiming to align with Paris Agreement objectives through decarbonization and reduced climate-related risks. With over $2.12 billion in assets and a low expense ratio of 0.10%, PABU primarily invests in Information Technology, with Apple, Nvidia, and Microsoft as top holdings. The ETF has shown strong performance, up 13.72% over the last year, offering a diversified option for investors in climate-aligned strategies."
2025-05-19,https://www.taboola.com/marketing-hub/mobile-attribution/,Taboola.com,Steven John,Mobile Attribution: Tracking Your Audience As They Interact with Apps,"Mobile attribution, also known as cross-device attribution, is essential for marketers to understand the complete journey of users across various devices, from initial interaction to conversion. It helps in optimizing marketing budgets and strategies by identifying which campaigns and touchpoints are most effective. The article details different attribution models, challenges, and key terminology, emphasizing the importance of a multifaceted approach to accurately track user engagement.","Mobile attribution, also known as cross-device attribution, is essential for marketers to understand the complete journey of users across various devices, from initial interaction to conversion. It helps in optimizing marketing budgets and strategies by identifying which campaigns and touchpoints are most effective. The article details different attribution models, challenges, and key terminology, emphasizing the importance of a multifaceted approach to accurately track user engagement."
2025-05-18,https://www.bbc.com/news/articles/cwywj0zgzwxo,BBC,Faisal Islam,The secretive US factory that lays bare the contradiction in Trump's America First plan,"A Taiwanese company, TSMC, is building an advanced semiconductor factory in Arizona, which will produce the world's most advanced chips in the US for the first time. This move, aiming to avoid tariffs, is seen by Trump as a success of his ""America First"" policy, yet the factory itself represents the globalized nature of modern technology, relying on components and expertise from across the world. The article highlights the geopolitical significance of this factory amidst US-China tensions and Taiwan's ""Silicon Shield"" strategy, while also pointing out the inherent contradiction in Trump's protectionist approach to an inherently global industry.","A Taiwanese company, TSMC, is building an advanced semiconductor factory in Arizona, which will produce the world's most advanced chips in the US for the first time. This move, aiming to avoid tariffs, is seen by Trump as a success of his ""America First"" policy, yet the factory itself represents the globalized nature of modern technology, relying on components and expertise from across the world. The article highlights the geopolitical significance of this factory amidst US-China tensions and Taiwan's ""Silicon Shield"" strategy, while also pointing out the inherent contradiction in Trump's protectionist approach to an inherently global industry."
2025-05-16,https://news.metal.com/id/newscontent/103329928-chinas-top-private-equity-firms-reveal-us-stock-market-report-card-aggressively-increasing-holdings-in-china-concept-sto,Shanghai Metals Market,,"China's Top Private Equity Firms Reveal ""U.S. Stock Market Report Card"": Aggressively Increasing Holdings in China Concept Stocks, Optimistic About China's Prospects","Top Chinese private equity firms like Hillhouse Capital, Gaoyi Asset Management, and Greenwoods Asset Management significantly increased their investments in US-listed Chinese companies in Q1 2025. This aggressive buying signals their strong optimism towards the prospects of Chinese assets despite global economic shifts. Conversely, Li Lu's Himalaya Capital, mirroring Warren Buffett, reduced holdings in major US financial and tech stocks, indicating a cautious stance on those sectors.","Top Chinese private equity firms like Hillhouse Capital, Gaoyi Asset Management, and Greenwoods Asset Management significantly increased their investments in US-listed Chinese companies in Q1 2025. This aggressive buying signals their strong optimism towards the prospects of Chinese assets despite global economic shifts. Conversely, Li Lu's Himalaya Capital, mirroring Warren Buffett, reduced holdings in major US financial and tech stocks, indicating a cautious stance on those sectors."
2025-05-16,https://www.sanluisobispo.com/news/local/article306484916.html,San Luis Obispo Tribune,Hannah Poukish,California Apple owners can get money after $95M settlement. How to file a claim,"Apple has agreed to a $95 million settlement in a class-action lawsuit alleging that its voice assistant, Siri, recorded private conversations. Californians who owned a Siri-enabled device and experienced unintentional activations between September 17, 2014, and December 31, 2024, may be eligible to file a claim. Claims must be submitted by July 2, 2025, and eligible individuals could receive up to $20 per device.","Apple has agreed to a $95 million settlement in a class-action lawsuit alleging that its voice assistant, Siri, recorded private conversations. Californians who owned a Siri-enabled device and experienced unintentional activations between September 17, 2014, and December 31, 2024, may be eligible to file a claim. Claims must be submitted by July 2, 2025, and eligible individuals could receive up to $20 per device."
2025-05-16,https://www.marketbeat.com/stock-ideas/3-mid-cap-stocks-turning-heads-in-ai-automation-and-cybersecurity/,MarketBeat,"Nathan Reiff, Shannon Harms","3 Mid-Cap Stocks Turning Heads in AI, Automation, & Cybersecurity","This article highlights three mid-cap technology stocks—Nebius Group (NBIS), UiPath (PATH), and Varonis Systems (VRNS)—that are gaining attention in the AI, automation, and cybersecurity sectors. These companies offer a balance of growth potential and stability, often overlooked in a tech market dominated by mega-caps. The article provides details on each company's financial performance, analyst ratings, and reasons for their breakout potential.","This article highlights three mid-cap technology stocks—Nebius Group (NBIS), UiPath (PATH), and Varonis Systems (VRNS)—that are gaining attention in the AI, automation, and cybersecurity sectors. These companies offer a balance of growth potential and stability, often overlooked in a tech market dominated by mega-caps. The article provides details on each company's financial performance, analyst ratings, and reasons for their breakout potential."
2025-05-16,https://global.morningstar.com/en-eu/etfs/best-etfs-tech-stock-investors,Morningstar Canada,Valerio Baselli,The Best ETFs for Tech Stock Investors | Morningstar Europe,"The technology sector experienced a recovery in early 2025 following a challenging start, driven by positive earnings and a China trade deal. Morningstar identifies seven highly-rated ETFs, including offerings from Xtrackers, iShares, SPDR, and Amundi, that provide investors with exposure to this rebounding sector. These ETFs are highlighted for their potential to outperform, with detailed performance metrics provided for the largest strategies.","The technology sector experienced a recovery in early 2025 following a challenging start, driven by positive earnings and a China trade deal. Morningstar identifies seven highly-rated ETFs, including offerings from Xtrackers, iShares, SPDR, and Amundi, that provide investors with exposure to this rebounding sector. These ETFs are highlighted for their potential to outperform, with detailed performance metrics provided for the largest strategies."
2025-05-15,https://siliconangle.com/2025/05/15/trump-takes-issue-apples-manufacturing-investments-india/,SiliconANGLE,Maria Deutscher,Trump takes issue with Apple’s manufacturing investments in India,"Former US President Donald Trump has expressed his disapproval to Apple CEO Tim Cook regarding the company's expanding manufacturing investments in India, advocating for production to remain in the US instead. While Apple has been shifting some iPhone manufacturing to India, with a significant amount expected to be produced there by 2026, Trump emphasized his preference for domestic investment, citing Apple's prior $500 billion commitment to US expansion. Key Apple suppliers like Foxconn are also increasing their presence in India, indicating a broader trend that Trump objects to.","Former US President Donald Trump has expressed his disapproval to Apple CEO Tim Cook regarding the company's expanding manufacturing investments in India, advocating for production to remain in the US instead. While Apple has been shifting some iPhone manufacturing to India, with a significant amount expected to be produced there by 2026, Trump emphasized his preference for domestic investment, citing Apple's prior $500 billion commitment to US expansion. Key Apple suppliers like Foxconn are also increasing their presence in India, indicating a broader trend that Trump objects to."
2025-05-15,https://www.freep.com/story/money/cars/general-motors/2025/05/15/general-motors-vehicle-software-platform/83626983007/,Detroit Free Press,Jackie Charniga,"General Motors reboots vehicle software platform to save money, provide better updates","General Motors is revamping its vehicle software platform to enhance reliability, reduce costs, and improve update capabilities. The new centralized electrical architecture and software platform is being developed by a team with experience from Apple and Microsoft, aiming to solve previous software challenges.","General Motors is revamping its vehicle software platform to enhance reliability, reduce costs, and improve update capabilities. The new centralized electrical architecture and software platform is being developed by a team with experience from Apple and Microsoft, aiming to solve previous software challenges."
2025-05-14,https://247wallst.com/investing/2025/05/14/heres-why-every-investor-should-consider-vanguards-vig-etf/,24/7 Wall St.,Rich Duprey,Here’s Why Every Investor Should Consider Vanguard’s VIG ETF,"The Vanguard Dividend Appreciation ETF (VIG) is a compelling investment for stability, growth, and income, especially in volatile markets. Launched in 2006, VIG tracks the S&P U.S. Dividend Growers Index, holding 338 stocks of companies with a decade-long record of dividend increases, excluding high-yield stocks to avoid yield traps. With a low expense ratio of 0.05% and strong performance, VIG offers a diversified, low-cost, and resilient option for investors seeking long-term financial success through dividend growth.","The Vanguard Dividend Appreciation ETF (VIG) is a compelling investment for stability, growth, and income, especially in volatile markets. Launched in 2006, VIG tracks the S&P U.S. Dividend Growers Index, holding 338 stocks of companies with a decade-long record of dividend increases, excluding high-yield stocks to avoid yield traps. With a low expense ratio of 0.05% and strong performance, VIG offers a diversified, low-cost, and resilient option for investors seeking long-term financial success through dividend growth."
2025-05-14,https://rejournals.com/whitestone-reit-acquires-31832-square-foot-retail-center-in-austin/,REJournals,,"Whitestone REIT acquires 31,832-square-foot retail center in Austin","Whitestone REIT has acquired the 31,832-square-foot San Clemente at Davenport retail center in Austin, Texas. This acquisition is strategically located near Apple and Tesla campuses and complements Whitestone's existing Davenport Village retail center, strengthening its presence in the Austin market. Whitestone plans to enhance the property's performance and long-term growth by leveraging its market knowledge and retailer relationships.","Whitestone REIT has acquired the 31,832-square-foot San Clemente at Davenport retail center in Austin, Texas. This acquisition is strategically located near Apple and Tesla campuses and complements Whitestone's existing Davenport Village retail center, strengthening its presence in the Austin market. Whitestone plans to enhance the property's performance and long-term growth by leveraging its market knowledge and retailer relationships."
2025-05-13,https://www.apple.com/in/newsroom/2025/05/universal-music-group-and-apple-music-announce-sound-therapy/,Apple,,Universal Music Group and Apple Music announce Sound Therapy,"Universal Music Group (UMG) and Apple Music have partnered to launch ""Sound Therapy,"" an innovative audio wellness collection. This collaboration leverages cognitive science and UMG's roster of artists to integrate subtle auditory beats and colored noise into popular tracks, aiming to help listeners improve focus, relaxation, and sleep. The collection, developed by UMG's Sollos venture, will be exclusively available on Apple Music and features enhanced songs from artists like Imagine Dragons and Katy Perry across three categories: Focus, Relax, and Sleep.","Universal Music Group (UMG) and Apple Music have partnered to launch ""Sound Therapy,"" an innovative audio wellness collection. This collaboration leverages cognitive science and UMG's roster of artists to integrate subtle auditory beats and colored noise into popular tracks, aiming to help listeners improve focus, relaxation, and sleep. The collection, developed by UMG's Sollos venture, will be exclusively available on Apple Music and features enhanced songs from artists like Imagine Dragons and Katy Perry across three categories: Focus, Relax, and Sleep."
2025-05-13,https://newsroom.csun.edu/2025/05/13/csun-recognizes-visionary-environmental-and-equity-leader-lisa-jackson-with-honorary-degree/,CSUN Newsroom,,CSUN Recognizes Visionary Environmental and Equity Leader Lisa Jackson with Honorary Degree,"California State University, Northridge (CSUN) will award an honorary Doctor of Humane Letters degree to Lisa P. Jackson, Apple Inc.’s Vice President for Environment, Policy and Social Initiatives. This recognition honors her significant contributions to expanding educational access, transformative environmental leadership, and unwavering commitment to equity and justice, including a $25 million investment in CSUN’s Global Hispanic Serving Institution Equity Innovation Hub. Jackson's career highlights include leading the EPA under President Obama and revolutionizing corporate environmental responsibility at Apple.","California State University, Northridge (CSUN) will award an honorary Doctor of Humane Letters degree to Lisa P. Jackson, Apple Inc.’s Vice President for Environment, Policy and Social Initiatives. This recognition honors her significant contributions to expanding educational access, transformative environmental leadership, and unwavering commitment to equity and justice, including a $25 million investment in CSUN’s Global Hispanic Serving Institution Equity Innovation Hub. Jackson's career highlights include leading the EPA under President Obama and revolutionizing corporate environmental responsibility at Apple."
2025-05-13,https://www.reuters.com/markets/us/carrier-invest-1-billion-boost-us-production-2025-05-13/,Reuters,By Reuters,Carrier to invest $1 billion to boost US production,"Carrier Global announced plans to invest $1 billion over five years in the United States, aiming to boost domestic production and create 4,000 jobs. This investment is a response to policies encouraging U.S. manufacturing and will fund facility expansions and a new site for heat pump and battery assembly components. The company also plans to hire 1,000 U.S. service technicians and train over 100,000 climate solutions professionals.","Carrier Global announced plans to invest $1 billion over five years in the United States, aiming to boost domestic production and create 4,000 jobs. This investment is a response to policies encouraging U.S. manufacturing and will fund facility expansions and a new site for heat pump and battery assembly components. The company also plans to hire 1,000 U.S. service technicians and train over 100,000 climate solutions professionals."
2025-05-13,https://www.bnnbloomberg.ca/markets/2025/05/13/gordon-reids-top-picks-for-may-13-2025/,BNN Bloomberg,BNNBloomberg.ca Staff,"Gordon Reid’s Top Picks for May 13, 2025","Gordon Reid, president and CEO of Goodreid Investment Counsel, has shared his top stock picks for May 13, 2025, which include Elevance Health, Leonardo DRS, and JPMorgan, amidst a volatile market outlook influenced by geopolitical factors and tariff policies. He notes that despite the volatility, corporate America entered the turbulent tariff situation on firm footing, with largely positive Q1 earnings. Reid emphasizes the importance for investors to have a sustainable investment approach for highly emotional market periods.","Gordon Reid, president and CEO of Goodreid Investment Counsel, has shared his top stock picks for May 13, 2025, which include Elevance Health, Leonardo DRS, and JPMorgan, amidst a volatile market outlook influenced by geopolitical factors and tariff policies. He notes that despite the volatility, corporate America entered the turbulent tariff situation on firm footing, with largely positive Q1 earnings. Reid emphasizes the importance for investors to have a sustainable investment approach for highly emotional market periods."
2025-05-13,https://www.sharewise.com/de/news_articles/Is_SPDR_MSCI_USA_StrategicFactors_ETF_QUS_a_Strong_ETF_Right_Now_Zacks_20250513_1220/amp,sharewise.com,Zacks,Is SPDR MSCI USA StrategicFactors ETF (QUS) a Strong ETF Right Now?,"The SPDR MSCI USA StrategicFactors ETF (QUS), launched on April 15, 2015, offers exposure to the Style Box - Large Cap Blend category with a smart beta strategy. Managed by State Street Global Advisors, it has over $1.49 billion in assets and seeks to match the performance of the MSCI USA Factor Mix A-Series Index, with an expense ratio of 0.15%. The ETF's top holdings include Apple Inc., Microsoft Corp, and Meta Platforms Inc., and it has shown strong performance, adding 2.29% year-to-date and 11.24% over the last 12 months as of May 13, 2025.","The SPDR MSCI USA StrategicFactors ETF (QUS), launched on April 15, 2015, offers exposure to the Style Box - Large Cap Blend category with a smart beta strategy. Managed by State Street Global Advisors, it has over $1.49 billion in assets and seeks to match the performance of the MSCI USA Factor Mix A-Series Index, with an expense ratio of 0.15%. The ETF's top holdings include Apple Inc., Microsoft Corp, and Meta Platforms Inc., and it has shown strong performance, adding 2.29% year-to-date and 11.24% over the last 12 months as of May 13, 2025."
2025-05-12,https://www.institutionalinvestor.com/article/sponsored-content/will-2025-be-year-diversification-equities,Institutional Investor,"Aye Soe, CME Group",Will 2025 Be the Year of Diversification in Equities?,"As geopolitical tensions, trade policy shifts, and inflation remain high, 2025 is seen as a crucial year for portfolio diversification. The article highlights four key areas for investors to consider: diversifying within U.S. equities, exploring less-correlated international markets like Japan, utilizing broad commodity indices, and investing in the growing cryptocurrency ecosystem as regulatory frameworks evolve. This comprehensive approach aims to manage risk and address the dominance of U.S. equities and mega-cap concentration.","As geopolitical tensions, trade policy shifts, and inflation remain high, 2025 is seen as a crucial year for portfolio diversification. The article highlights four key areas for investors to consider: diversifying within U.S. equities, exploring less-correlated international markets like Japan, utilizing broad commodity indices, and investing in the growing cryptocurrency ecosystem as regulatory frameworks evolve. This comprehensive approach aims to manage risk and address the dominance of U.S. equities and mega-cap concentration."
2025-05-12,https://www.marketbeat.com/stocks/NYSEARCA/SPUT/ratings/,MarketBeat,,Innovator Equity Premium Income - Daily PutWrite ETF Review and Aggregate Rating (SPUT),"MarketBeat provides an aggregate rating and price target for the Innovator Equity Premium Income - Daily PutWrite ETF (SPUT). Based on 826 analyst ratings covering 23 companies (24.6% of its portfolio), SPUT has an aggregate rating of ""Moderate Buy"" and an aggregate price target of $27.79. The report details the consensus ratings and price targets for the top holdings within the ETF.","MarketBeat provides an aggregate rating and price target for the Innovator Equity Premium Income - Daily PutWrite ETF (SPUT). Based on 826 analyst ratings covering 23 companies (24.6% of its portfolio), SPUT has an aggregate rating of ""Moderate Buy"" and an aggregate price target of $27.79. The report details the consensus ratings and price targets for the top holdings within the ETF."
2025-05-12,https://www.investmentexecutive.com/news/products/product-roundup-franklin-templeton-introduces-evergreen-private-equity-fund/,Investment Executive,Noushin Ziafati,Product roundup: Franklin Templeton introduces evergreen private equity fund,"Franklin Templeton Canada has launched an evergreen private equity fund, the Franklin Lexington PE Secondaries Fund, targeting Canadian accredited investors. This fund aims to capitalize on market opportunities by acquiring private equity investments at discounts in the secondary market. Additionally, the article covers new product launches and fund changes from other firms such as TD Asset Management, Harvest Portfolios Group, Brompton Funds, AGF Investments, National Bank Investments, and Venator Capital Management, including infrastructure strategies, leveraged single-stock ETFs, CLO ETFs, and various fee and risk rating adjustments.","Franklin Templeton Canada has launched an evergreen private equity fund, the Franklin Lexington PE Secondaries Fund, targeting Canadian accredited investors. This fund aims to capitalize on market opportunities by acquiring private equity investments at discounts in the secondary market. Additionally, the article covers new product launches and fund changes from other firms such as TD Asset Management, Harvest Portfolios Group, Brompton Funds, AGF Investments, National Bank Investments, and Venator Capital Management, including infrastructure strategies, leveraged single-stock ETFs, CLO ETFs, and various fee and risk rating adjustments."
2025-05-10,https://247wallst.com/investing/2025/05/10/ibm-is-americas-worst-tech-company/,24/7 Wall St.,Douglas A. McIntyre,IBM Is America’s Worst Tech Company,"The article argues that IBM has fallen dramatically from its former prominence as a leading tech company, citing its consistently flat revenue growth and significantly smaller market capitalization compared to competitors like Apple, Amazon, and Microsoft. It highlights IBM's failure to succeed in key tech sectors such as cloud computing and AI, where its market share is negligible. The author concludes that IBM, despite attempts by its CEO to project AI success, is now among America's worst tech companies, especially when compared to its more successful peers.","The article argues that IBM has fallen dramatically from its former prominence as a leading tech company, citing its consistently flat revenue growth and significantly smaller market capitalization compared to competitors like Apple, Amazon, and Microsoft. It highlights IBM's failure to succeed in key tech sectors such as cloud computing and AI, where its market share is negligible. The author concludes that IBM, despite attempts by its CEO to project AI success, is now among America's worst tech companies, especially when compared to its more successful peers."
2025-05-10,https://www.marketbeat.com/stocks/NASDAQ/LDRX/holdings/,MarketBeat,,LDRX Top Holdings List & Exposure (SGI Enhanced Market Leaders ETF),"The SGI Enhanced Market Leaders ETF (LDRX) is an equity fund focused on large-cap strategies within North America, with its top holdings including NVIDIA, Apple, and Alphabet, which make up a significant portion of the fund's total assets. The ETF exhibits major exposure to the technology sector, particularly semiconductors and media, and is exclusively exposed to the USD currency and primarily the United States geographically. The article details LDRX's top 25 stock holdings by weight, alongside a comprehensive breakdown of its geographic, currency, sector, and industry exposures.","The SGI Enhanced Market Leaders ETF (LDRX) is an equity fund focused on large-cap strategies within North America, with its top holdings including NVIDIA, Apple, and Alphabet, which make up a significant portion of the fund's total assets. The ETF exhibits major exposure to the technology sector, particularly semiconductors and media, and is exclusively exposed to the USD currency and primarily the United States geographically. The article details LDRX's top 25 stock holdings by weight, alongside a comprehensive breakdown of its geographic, currency, sector, and industry exposures."
2025-05-10,https://www.manufacturingtodayindia.com/jabil-to-expand-airpod-casing,Manufacturing Today India,Staff Writer,Jabil to expand AirPod casing production in India with new plant,"Apple supplier Jabil plans to build a second factory in Tiruchirappalli (Trichy), Tamil Nadu, to expand AirPod casing manufacturing in India. This move is part of Apple's broader strategy to diversify its manufacturing operations away from China. Jabil currently produces plastic enclosures for AirPods in its Pune facility and aims to leverage the proposed Trichy site to meet growing demand and strengthen India's role in Apple's supply chain.","Apple supplier Jabil plans to build a second factory in Tiruchirappalli (Trichy), Tamil Nadu, to expand AirPod casing manufacturing in India. This move is part of Apple's broader strategy to diversify its manufacturing operations away from China. Jabil currently produces plastic enclosures for AirPods in its Pune facility and aims to leverage the proposed Trichy site to meet growing demand and strengthen India's role in Apple's supply chain."
2025-05-09,https://www.marketbeat.com/stocks/NASDAQ/QQWZ/holdings/,MarketBeat,,QQWZ Top Holdings List & Exposure (Pacer Cash COWZ 100-Nasdaq 100 Rotator ETF),"This article details the top holdings and exposure of the Pacer Cash COWZ 100-Nasdaq 100 Rotator ETF (QQWZ). It lists the top 25 companies by weight, including Apple, NVIDIA, and Microsoft, which collectively make up over 70% of the fund. The report also breaks down QQWZ's geographic, currency, sector, and industry exposures, showing a strong focus on U.S. technology companies.","This article details the top holdings and exposure of the Pacer Cash COWZ 100-Nasdaq 100 Rotator ETF (QQWZ). It lists the top 25 companies by weight, including Apple, NVIDIA, and Microsoft, which collectively make up over 70% of the fund. The report also breaks down QQWZ's geographic, currency, sector, and industry exposures, showing a strong focus on U.S. technology companies."
2025-05-09,https://sgbonline.com/exec-peloton-ceo-highlights-four-objectives-to-drive-growth/,SGB Media,SGB Media,EXEC: Peloton CEO Highlights Four “Objectives” to Drive Growth,"Peloton's CEO, Peter Stern, outlined four key objectives to drive growth after the company raised its full-year guidance for 2025. These objectives include enhancing member outcomes through improved products and services, expanding reach to new members and locations, fostering deeper connections among existing members, and streamlining operations for greater efficiency and revenue maximization. The company reported positive Adjusted EBITDA for the fifth consecutive quarter and raised its full-year guidance for various metrics, signaling a strong financial recovery.","Peloton's CEO, Peter Stern, outlined four key objectives to drive growth after the company raised its full-year guidance for 2025. These objectives include enhancing member outcomes through improved products and services, expanding reach to new members and locations, fostering deeper connections among existing members, and streamlining operations for greater efficiency and revenue maximization. The company reported positive Adjusted EBITDA for the fifth consecutive quarter and raised its full-year guidance for various metrics, signaling a strong financial recovery."
2025-05-09,https://www.spaceintelreport.com/globalstar-deploying-17-replacement-satellites-takes-two-launches-only-one-has-been-booked-for-this-year/,Space Intel Report,Peter B. de Selding,Globalstar: Deploying 17 replacement satellites takes two launches; only one has been booked for this year,"Globalstar Inc. announced that it still anticipates receiving all 17 replacement satellites ordered from MDA Space in 2022. However, only one of the two necessary launch slots has been booked so far. The $329.3 million contract with MDA Space includes Rocket Lab as a major subcontractor for the satellite platforms.","Globalstar Inc. announced that it still anticipates receiving all 17 replacement satellites ordered from MDA Space in 2022. However, only one of the two necessary launch slots has been booked so far. The $329.3 million contract with MDA Space includes Rocket Lab as a major subcontractor for the satellite platforms."
2025-05-08,https://www.inc.com/jason-aten/with-1-update-delta-air-lines-may-have-just-solved-the-most-annoying-thing-about-travel/91186622,Inc.com,JASON ATEN,"With 1 Update, Delta Air Lines May Have Just Solved the Most Annoying Thing About Travel","Delta Air Lines has rolled out a significant update to its Fly Delta App, introducing Live Activities for iOS users. This feature, which activates three hours before a flight, provides real-time updates on travel milestones directly on the lock screen or Dynamic Island, aiming to reduce the stress of tracking flight information during travel disruptions. The update is especially timely as summer travel season approaches, promising a more streamlined experience for passengers.","Delta Air Lines has rolled out a significant update to its Fly Delta App, introducing Live Activities for iOS users. This feature, which activates three hours before a flight, provides real-time updates on travel milestones directly on the lock screen or Dynamic Island, aiming to reduce the stress of tracking flight information during travel disruptions. The update is especially timely as summer travel season approaches, promising a more streamlined experience for passengers."
2025-05-08,https://topclassactions.com/lawsuit-settlements/lawsuit-news/costco-class-action-alleges-iphones-lack-required-repair-warranty-info/,Class Action Lawsuits,Top Class Actions,"Costco class action alleges iPhones sold there lack required repair, warranty info","A new class action lawsuit has been filed against Costco Wholesale Corp., alleging that the company failed to provide required repair and warranty information on the packaging of iPhones sold in its stores. The plaintiff, Bhaskar Gokarn Mishra, claims Costco's omissions violate Washington's Consumer Protection Act and Telephone Buyers' Protection Act, causing consumers financial harm and preventing informed purchasing decisions. Mishra is seeking to represent a class of consumers who bought iPhones from Costco in Washington and is demanding a jury trial, injunctive relief, and damages.","A new class action lawsuit has been filed against Costco Wholesale Corp., alleging that the company failed to provide required repair and warranty information on the packaging of iPhones sold in its stores. The plaintiff, Bhaskar Gokarn Mishra, claims Costco's omissions violate Washington's Consumer Protection Act and Telephone Buyers' Protection Act, causing consumers financial harm and preventing informed purchasing decisions. Mishra is seeking to represent a class of consumers who bought iPhones from Costco in Washington and is demanding a jury trial, injunctive relief, and damages."
2025-05-08,https://www.nbclosangeles.com/news/national-international/apple-settlement-money-deadline-siri-lawsuit-95m/3696985/,NBC Los Angeles,Andrew V. Pestano,Does Apple owe you money? Time's running out to file claim in $95M Siri settlement,"Apple has a $95 million class action settlement for a lawsuit alleging its Siri virtual assistant surreptitiously recorded private conversations. Consumers who owned Siri-enabled devices between September 17, 2014, and December 31, 2024, and experienced unintended Siri activations, may be eligible to claim up to $20 per device. The deadline to file a claim is July 2, and a final approval hearing for the settlement is scheduled for August 1.","Apple has a $95 million class action settlement for a lawsuit alleging its Siri virtual assistant surreptitiously recorded private conversations. Consumers who owned Siri-enabled devices between September 17, 2014, and December 31, 2024, and experienced unintended Siri activations, may be eligible to claim up to $20 per device. The deadline to file a claim is July 2, and a final approval hearing for the settlement is scheduled for August 1."
2025-05-08,https://washingtonexec.com/2025/05/top-chief-technology-officers-to-watch-in-2025-maximus-mike-raker/,WashingtonExec,Staff Writer,Top Chief Technology Officers to Watch in 2025: Maximus’ Mike Raker,"Mike Raker, CTO of Maximus, is highlighted as a top CTO to watch in 2025 for his leadership in AI and customer experience initiatives. Raker has focused on implementing AI solutions for government agencies, such as accelerating application processing for the Department of Veterans Affairs, leading to significant efficiency gains. He is also looking ahead to the ""next generation of CX"" for federal agencies, emphasizing data utilization and advanced analytics to improve public services.","Mike Raker, CTO of Maximus, is highlighted as a top CTO to watch in 2025 for his leadership in AI and customer experience initiatives. Raker has focused on implementing AI solutions for government agencies, such as accelerating application processing for the Department of Veterans Affairs, leading to significant efficiency gains. He is also looking ahead to the ""next generation of CX"" for federal agencies, emphasizing data utilization and advanced analytics to improve public services."
2025-05-08,https://www.morningstar.com/stocks/alphabet-apple-search-executives-testimony-makes-investors-restive-about-searchs-future,Morningstar,"Malik Ahmed Khan, CFA",Alphabet: Testimony From Apple Search Executive Rattles Investors,"Apple's Eddy Cue testified in the DOJ lawsuit against Alphabet, indicating Apple may end its long-term Google Search partnership for Safari. This news caused investor concern, given Google's significant revenue-sharing agreement with Apple. Despite potential changes and AI's impact on search, Morningstar maintains its fair value estimate for Alphabet, believing the market's reaction is overblown and that Google will adapt with AI-infused offerings.","Apple's Eddy Cue testified in the DOJ lawsuit against Alphabet, indicating Apple may end its long-term Google Search partnership for Safari. This news caused investor concern, given Google's significant revenue-sharing agreement with Apple. Despite potential changes and AI's impact on search, Morningstar maintains its fair value estimate for Alphabet, believing the market's reaction is overblown and that Google will adapt with AI-infused offerings."
2025-05-07,https://timesofindia.indiatimes.com/business/international-business/googles-parent-company-alphabet-shares-plunge-over-5-amid-ai-search-competition-malware-threats/articleshow/120970730.cms,The Times of India,TOI Business Desk / TIMESOFINDIA.COM,"Google's parent company Alphabet shares plunge over 8% amid AI search competition, malware threats","Alphabet Inc. shares dropped over 8% following revelations from an antitrust trial, citing increased AI search competition and new malware threats. Apple executive Eddy Cue testified about declining Google search traffic due to AI alternatives and announced future AI choices in Safari. Google also disclosed a new malware strain, LOSTKEYS, linked to a Russian hacking group, and partnered with Elementl Power to build nuclear plants to power AI data centers, addressing the anticipated surge in electricity usage.","Alphabet Inc. shares dropped over 8% following revelations from an antitrust trial, citing increased AI search competition and new malware threats. Apple executive Eddy Cue testified about declining Google search traffic due to AI alternatives and announced future AI choices in Safari. Google also disclosed a new malware strain, LOSTKEYS, linked to a Russian hacking group, and partnered with Elementl Power to build nuclear plants to power AI data centers, addressing the anticipated surge in electricity usage."
2025-05-07,https://etfdb.com/etf/QUSA/,ETF Database,,VistaShares Target 15 USA Quality Income ETF,"This article provides a comprehensive overview of the QUSA (VistaShares Target 15 USA Quality Income ETF), detailing its stock profile, price, dividend, valuation, expenses, holdings, and ESG performance. It includes vitals such as the issuer, expense ratio, inception date, and tracked index, along with comparative data against other ETFs in its category and segment. The document also lists the ETF's top 15 holdings, concentration analysis, performance metrics, geographic and sector exposure, technical analysis, and offers downloadable financial advisor reports and fact sheets.","This article provides a comprehensive overview of the QUSA (VistaShares Target 15 USA Quality Income ETF), detailing its stock profile, price, dividend, valuation, expenses, holdings, and ESG performance. It includes vitals such as the issuer, expense ratio, inception date, and tracked index, along with comparative data against other ETFs in its category and segment. The document also lists the ETF's top 15 holdings, concentration analysis, performance metrics, geographic and sector exposure, technical analysis, and offers downloadable financial advisor reports and fact sheets."
2025-05-07,https://siliconangle.com/2025/05/07/arm-tops-1b-sales-milestone-stock-falls-soft-guidance/,SiliconANGLE,Mike Wheatley,"Arm tops $1B quarterly sales milestone, but its stock falls on soft guidance","Arm Holdings Plc reported strong fourth-quarter results, surpassing $1 billion in quarterly sales for the first time, with revenue up 34% year-over-year to $1.24 billion. Despite this milestone and record licensing and royalty revenues driven by Armv9 adoption and data center growth, the company's stock fell over 11% in late trading due to soft guidance for the fiscal first quarter of 2026, which came in below analysts' expectations. Uncertainty regarding potential semiconductor tariffs also contributed to the cautious outlook, as Arm declined to offer full-year guidance.","Arm Holdings Plc reported strong fourth-quarter results, surpassing $1 billion in quarterly sales for the first time, with revenue up 34% year-over-year to $1.24 billion. Despite this milestone and record licensing and royalty revenues driven by Armv9 adoption and data center growth, the company's stock fell over 11% in late trading due to soft guidance for the fiscal first quarter of 2026, which came in below analysts' expectations. Uncertainty regarding potential semiconductor tariffs also contributed to the cautious outlook, as Arm declined to offer full-year guidance."
2025-05-07,https://www.quiverquant.com/etf/Invesco%20QQQ%20Income%20Advantage%20ETF,Quiver Quantitative,NULL,Invesco QQQ Income Advantage ETF Holdings,"This article details the holdings of the Invesco QQQ Income Advantage ETF (QQA), an actively managed fund that launched on July 17, 2024. QQA focuses on large cap equities, primarily mirroring the NASDAQ-100 Index, and employs an options-based income strategy using equity-linked notes. The fund's top holdings include Invesco Premier US Government Money Inst, NVIDIA Corp, Apple Inc, Microsoft Corp, and Micron Technology Inc.","This article details the holdings of the Invesco QQQ Income Advantage ETF (QQA), an actively managed fund that launched on July 17, 2024. QQA focuses on large cap equities, primarily mirroring the NASDAQ-100 Index, and employs an options-based income strategy using equity-linked notes. The fund's top holdings include Invesco Premier US Government Money Inst, NVIDIA Corp, Apple Inc, Microsoft Corp, and Micron Technology Inc."
2025-05-07,https://www.quiverquant.com/etf/Invesco%20QQQ%20Hedged%20Advantage%20ETF,Quiver Quantitative,,Invesco QQQ Hedged Advantage ETF Holdings,"This article details the holdings of the Invesco QQQ Hedged Advantage ETF (QQHG), an ETF created in May 2025 by Invesco with $12.87 million in AUM and 220 holdings. The fund focuses on large-cap equity, specifically Nasdaq-100 stocks, and utilizes an options overlay strategy to partially mitigate downside risk. A comprehensive list of its largest holdings, including NVIDIA, Apple, Alphabet, and Microsoft, is provided with their estimated values.","This article details the holdings of the Invesco QQQ Hedged Advantage ETF (QQHG), an ETF created in May 2025 by Invesco with $12.87 million in AUM and 220 holdings. The fund focuses on large-cap equity, specifically Nasdaq-100 stocks, and utilizes an options overlay strategy to partially mitigate downside risk. A comprehensive list of its largest holdings, including NVIDIA, Apple, Alphabet, and Microsoft, is provided with their estimated values."
2025-05-07,https://timesofindia.indiatimes.com/business/india-business/not-just-iphones-apple-steps-up-india-plans-as-supplier-jabil-eyes-second-facility-for-airpods-component-manufacturing/articleshow/120963268.cms,Times of India,TOI Business Desk,Not just iPhones! Apple steps up India plans as supplier Jabil eyes second facility for AirPods component,"Apple supplier Jabil plans to expand AirPods case production in India by opening a second facility in Tamil Nadu, reducing Apple's reliance on China. Jabil is considering its Trichy facility for the expansion, which would strengthen India's role in Apple's manufacturing ecosystem and deepen Apple's investment in the country. This move follows reports of another Apple partner, Foxconn, assembling AirPods in Hyderabad, indicating a growing focus on India for end-to-end Apple manufacturing.","Apple supplier Jabil plans to expand AirPods case production in India by opening a second facility in Tamil Nadu, reducing Apple's reliance on China. Jabil is considering its Trichy facility for the expansion, which would strengthen India's role in Apple's manufacturing ecosystem and deepen Apple's investment in the country. This move follows reports of another Apple partner, Foxconn, assembling AirPods in Hyderabad, indicating a growing focus on India for end-to-end Apple manufacturing."
2025-05-07,https://www.cnbc.com/2025/05/07/alphabet-shares-sink-on-report-apple-may-add-ai-search-to-its-browser.html,CNBC,Kif Leswing,Alphabet shares sink 7% after Apple’s Cue says AI will replace search engines,"Alphabet and Apple shares dropped after Apple's services chief, Eddy Cue, suggested AI search engines would eventually replace standard ones like Google. Cue testified in a federal court regarding the Justice Department's lawsuit against Alphabet, stating he expects to integrate OpenAI, Perplexity, and Anthropic into Safari. The comments highlight potential shifts in the lucrative partnership between Apple and Google concerning default search engine agreements.","Alphabet and Apple shares dropped after Apple's services chief, Eddy Cue, suggested AI search engines would eventually replace standard ones like Google. Cue testified in a federal court regarding the Justice Department's lawsuit against Alphabet, stating he expects to integrate OpenAI, Perplexity, and Anthropic into Safari. The comments highlight potential shifts in the lucrative partnership between Apple and Google concerning default search engine agreements."
2025-05-07,https://capital.com/en-int/markets/shares/vanguard-total-stock-market-index-fund-etf-shares-share-price-1,Capital.com,,Vanguard Total Stock Market Index Fund ETF Shares (VTI) Stock Price Quote Today & Current Price Chart,"The Vanguard Total Stock Market Index Fund ETF Shares (VTI) aims to mirror the performance of the overall U.S. stock market by tracking the CRSP US Total Market Index. This ETF, established in 1992, is known for its low costs, broad diversification, and tax efficiency, holding nearly 4,000 constituents across all market capitalizations. As of February 28, 2022, technology and consumer discretionary were its largest sector holdings, with major positions in companies like Apple, Microsoft, and Amazon.","The Vanguard Total Stock Market Index Fund ETF Shares (VTI) aims to mirror the performance of the overall U.S. stock market by tracking the CRSP US Total Market Index. This ETF, established in 1992, is known for its low costs, broad diversification, and tax efficiency, holding nearly 4,000 constituents across all market capitalizations. As of February 28, 2022, technology and consumer discretionary were its largest sector holdings, with major positions in companies like Apple, Microsoft, and Amazon."
2025-05-06,https://www.bizjournals.com/sanfrancisco/news/2025/05/06/clorox-ceo-linda-rendle-blames-iphone-care-sales.html,The Business Journals,Mark Calvey,Clorox CEO sees shoppers ditching bleach for iPhones ahead of tariffs. Wall Street is skeptical,"Clorox CEO Linda Rendle is facing skepticism from Wall Street after suggesting that consumers are prioritizing big-ticket items like iPhones and cars over household staples like bleach due to anticipated tariffs. Investors and analysts are questioning this assertion, implying it's an unlikely consumer behavior pattern. The article highlights Clorox's struggle to convince investors about the immediate impact of tariffs on consumer spending habits related to their products.","Clorox CEO Linda Rendle is facing skepticism from Wall Street after suggesting that consumers are prioritizing big-ticket items like iPhones and cars over household staples like bleach due to anticipated tariffs. Investors and analysts are questioning this assertion, implying it's an unlikely consumer behavior pattern. The article highlights Clorox's struggle to convince investors about the immediate impact of tariffs on consumer spending habits related to their products."
2025-05-06,https://seekingalpha.com/article/4781965-will-macroeconomic-shocks-lead-to-business-cycle-recession,Seeking Alpha,Investing Experts Podcast,Will Macroeconomic Shocks Lead To Business Cycle Recession?,"James Kostohryz discusses how individual investors can achieve alpha through asset allocation, particularly by avoiding bear markets and re-entering at favorable valuations. He identifies three major shocks facing the U.S. economy: trade war tariffs, fiscal spending cuts, and labor supply shocks due to reduced immigration, all of which could lead to a business cycle recession. Kostohryz advises investors to monitor real-time economic indicators, maintain cash reserves, and consider defensive positions or inverse ETFs to navigate potential market downturns.","James Kostohryz discusses how individual investors can achieve alpha through asset allocation, particularly by avoiding bear markets and re-entering at favorable valuations. He identifies three major shocks facing the U.S. economy: trade war tariffs, fiscal spending cuts, and labor supply shocks due to reduced immigration, all of which could lead to a business cycle recession. Kostohryz advises investors to monitor real-time economic indicators, maintain cash reserves, and consider defensive positions or inverse ETFs to navigate potential market downturns."
2025-05-06,https://www.etftrends.com/etf-investing-channel/investors-brace-volatility-look-dividend-etf-fdvv/,ETF Trends,Elle Caruso Fitzgerald,"As Investors Brace for Volatility, Look to Dividend ETF FDVV","Given current market uncertainties like sticky inflation, high interest rates, and geopolitical tensions, many investors anticipate continued volatility. Dividend ETFs, such as the Fidelity High Dividend ETF (FDVV), offer a potential solution for stability and income generation. FDVV invests in large- and mid-cap dividend-paying companies and can provide diversification benefits, offering a consistent revenue stream that can help offset market volatility.","Given current market uncertainties like sticky inflation, high interest rates, and geopolitical tensions, many investors anticipate continued volatility. Dividend ETFs, such as the Fidelity High Dividend ETF (FDVV), offer a potential solution for stability and income generation. FDVV invests in large- and mid-cap dividend-paying companies and can provide diversification benefits, offering a consistent revenue stream that can help offset market volatility."
2025-05-05,https://loyaltylobby.com/2025/05/05/hilton-negotiated-rates-for-business-leisure-travel-2025-update/,LoyaltyLobby,John Ollila,Hilton Negotiated Rates For Business & Leisure Travel 2025 Update,"This article provides an updated list of Hilton's negotiated corporate rates for 2025, catering to both business and leisure travelers. It highlights that Hilton, like other hospitality companies, offers discounts to employees of its largest accounts, accessible via specific business-specific pages without the need for complex corporate codes. The author advises users to only book eligible rates and review cancellation conditions, noting that some pages may require business email verification.","This article provides an updated list of Hilton's negotiated corporate rates for 2025, catering to both business and leisure travelers. It highlights that Hilton, like other hospitality companies, offers discounts to employees of its largest accounts, accessible via specific business-specific pages without the need for complex corporate codes. The author advises users to only book eligible rates and review cancellation conditions, noting that some pages may require business email verification."
2025-05-05,https://www.reuters.com/legal/apple-will-appeal-contempt-ruling-epic-games-case-over-app-store-2025-05-05/,Reuters,Mike Scarcella,Apple will appeal contempt ruling in Epic Games case over App Store,"Apple has filed an appeal against a U.S. judge's ruling that found the company in contempt of an earlier order in its antitrust lawsuit with Epic Games. The ruling mandated Apple to open its App Store to more competition, allowing developers to use third-party payment options and preventing Apple from imposing ""scare screens"" or a 27% fee on non-App Store purchases. Apple denies violating the court's terms, and the appeal will be heard by the San Francisco-based 9th U.S. Circuit Court of Appeals.","Apple has filed an appeal against a U.S. judge's ruling that found the company in contempt of an earlier order in its antitrust lawsuit with Epic Games. The ruling mandated Apple to open its App Store to more competition, allowing developers to use third-party payment options and preventing Apple from imposing ""scare screens"" or a 27% fee on non-App Store purchases. Apple denies violating the court's terms, and the appeal will be heard by the San Francisco-based 9th U.S. Circuit Court of Appeals."
2025-05-05,https://www.prnewswire.com/news-releases/penn-entertainment-launches-penn-wallet-at-m-resort-spa-casino-powered-by-everis-digital-cashclub-wallet-technology-302444635.html,PR Newswire,,"PENN ENTERTAINMENT LAUNCHES ""PENN Wallet"" AT M RESORT SPA CASINO, POWERED BY EVERI'S DIGITAL CASHCLUB WALLET® TECHNOLOGY","Everi Holdings Inc. announced that its digital CashClub Wallet® technology is powering Penn Entertainment's ""PENN Wallet"" at M Resort Spa Casino in Henderson, NV. This launch provides M Resort guests with cashless payment options across the gaming floor, integrating with existing loyalty and payment systems. The ""PENN Wallet"" represents Everi's first mobile wallet installation in Nevada and is part of a broader agreement to enhance casino resort experiences nationwide.","Everi Holdings Inc. announced that its digital CashClub Wallet® technology is powering Penn Entertainment's ""PENN Wallet"" at M Resort Spa Casino in Henderson, NV. This launch provides M Resort guests with cashless payment options across the gaming floor, integrating with existing loyalty and payment systems. The ""PENN Wallet"" represents Everi's first mobile wallet installation in Nevada and is part of a broader agreement to enhance casino resort experiences nationwide."
2025-05-05,https://finance.yahoo.com/news/ishares-core-p-500-etf-102006333.html,Yahoo Finance,Zacks Equity Research,Should iShares Core S&P 500 ETF (IVV) Be on Your Investing Radar?,"The iShares Core S&P 500 ETF (IVV), launched on May 15, 2000, offers broad exposure to the Large Cap Blend segment of the US equity market, with over $573.87 billion in assets and a very low expense ratio of 0.03%. It is heavily allocated to the Information Technology sector, and its top holdings include Apple, Microsoft, and Nvidia, accounting for about 33.49% of total assets. IVV has a Zacks ETF Rank of 1 (Strong Buy), making it an attractive option for investors seeking exposure to this market segment, and is comparable to SPDR S&P 500 ETF (SPY) and Vanguard S&P 500 ETF (VOO).","The iShares Core S&P 500 ETF (IVV), launched on May 15, 2000, offers broad exposure to the Large Cap Blend segment of the US equity market, with over $573.87 billion in assets and a very low expense ratio of 0.03%. It is heavily allocated to the Information Technology sector, and its top holdings include Apple, Microsoft, and Nvidia, accounting for about 33.49% of total assets. IVV has a Zacks ETF Rank of 1 (Strong Buy), making it an attractive option for investors seeking exposure to this market segment, and is comparable to SPDR S&P 500 ETF (SPY) and Vanguard S&P 500 ETF (VOO)."
2025-05-05,https://www.tradingview.com/symbols/BOATS-QUSA/profile/,TradingView,,"QUSA ETF Profile: Dividends, Returns (BOATS:QUSA)","This article provides a detailed profile of the VistaShares Target 15 USA Quality Income ETF (QUSA), focusing on its dividends, returns, and holdings. QUSA aims for a 15% annual income goal by investing in high-quality US equities and employing options strategies. The ETF, managed by Tidal Investments LLC, was launched on May 6, 2025, and has an expense ratio of 0.97%.","This article provides a detailed profile of the VistaShares Target 15 USA Quality Income ETF (QUSA), focusing on its dividends, returns, and holdings. QUSA aims for a 15% annual income goal by investing in high-quality US equities and employing options strategies. The ETF, managed by Tidal Investments LLC, was launched on May 6, 2025, and has an expense ratio of 0.97%."
2025-05-05,https://finance.yahoo.com/news/jim-cramer-surprised-alphabet-googl-200844746.html,Yahoo Finance,Dionysis Partsinevelos,Jim Cramer Surprised Alphabet (GOOGL) AI “Didn’t Cannibalize Google” — Still “Doesn’t Care for the Stock”,"Jim Cramer expressed surprise that Alphabet's (GOOGL) AI product, Gemini, did not negatively impact its core Google search revenues, despite his personal disinterest in the stock. He lauded the resilience of large technology companies, highlighting their scale, financial strength, and ability to adapt to new challenges like AI. Cramer also emphasized the importance of supporting these ""super stocks"" against legal challenges.","Jim Cramer expressed surprise that Alphabet's (GOOGL) AI product, Gemini, did not negatively impact its core Google search revenues, despite his personal disinterest in the stock. He lauded the resilience of large technology companies, highlighting their scale, financial strength, and ability to adapt to new challenges like AI. Cramer also emphasized the importance of supporting these ""super stocks"" against legal challenges."
2025-05-04,https://fortune.com/2025/05/04/highest-paid-ceo-america-compensation-stock-awards-coherent/,Fortune,Marco Quiroz-Gutierrez,"This low-profile CEO is the highest-paid in America with a $101 million paycheck that beat out Starbucks, Microsoft, and Apple chiefs","Jim Anderson, the CEO of Coherent, has emerged as America's highest-paid CEO with a 2024 compensation package totaling over $101 million, largely due to stock awards. This figure surpassed the earnings of well-known executives like those from Starbucks, Microsoft, and Apple. Anderson's low-profile company, Coherent, specializes in network and laser equipment, and his compensation highlights a rising trend in CEO pay driven by significant stock payouts.","Jim Anderson, the CEO of Coherent, has emerged as America's highest-paid CEO with a 2024 compensation package totaling over $101 million, largely due to stock awards. This figure surpassed the earnings of well-known executives like those from Starbucks, Microsoft, and Apple. Anderson's low-profile company, Coherent, specializes in network and laser equipment, and his compensation highlights a rising trend in CEO pay driven by significant stock payouts."
2025-05-03,https://247wallst.com/investing/2025/05/03/3-reasons-every-investor-should-own-fidelitys-ftec-etf/,24/7 Wall St.,David Moadel,3 Reasons Every Investor Should Own Fidelity’s FTEC ETF,"The article advocates for investors to own Fidelity's FTEC ETF due to its diversified exposure to the information technology sector, significant growth potential, and stability derived from its broad diversification. FTEC offers immediate access to major tech firms, boasts 143% returns over five years, and maintains a moderate expense ratio and volatility compared to the S&P 500. Its portfolio of 283 stocks helps mitigate risks associated with individual company performance.","The article advocates for investors to own Fidelity's FTEC ETF due to its diversified exposure to the information technology sector, significant growth potential, and stability derived from its broad diversification. FTEC offers immediate access to major tech firms, boasts 143% returns over five years, and maintains a moderate expense ratio and volatility compared to the S&P 500. Its portfolio of 283 stocks helps mitigate risks associated with individual company performance."
2025-05-03,https://www.gurufocus.com/news/2826871/blackrock-inc-reduces-stake-in-the-interpublic-group-of-companies-inc,GuruFocus,GuruFocus News,"BlackRock, Inc. Reduces Stake in The Interpublic Group of Compan","BlackRock, Inc. significantly reduced its stake in The Interpublic Group of Companies Inc by selling over 5.6 million shares at $27.16 each. This transaction, part of BlackRock's portfolio management strategy, decreased its holding in IPG to 10.70% of its total shares in the company. IPG, a global advertising leader with a market cap of $9.38 billion, is considered modestly undervalued according to GF Value and recently entered a merger agreement with Omnicom.","BlackRock, Inc. significantly reduced its stake in The Interpublic Group of Companies Inc by selling over 5.6 million shares at $27.16 each. This transaction, part of BlackRock's portfolio management strategy, decreased its holding in IPG to 10.70% of its total shares in the company. IPG, a global advertising leader with a market cap of $9.38 billion, is considered modestly undervalued according to GF Value and recently entered a merger agreement with Omnicom."
2025-05-03,https://www.gurufocus.com/news/2826857/blackrock-inc-reduces-stake-in-ttm-technologies-inc,GuruFocus,GuruFocus News,"BlackRock, Inc. Reduces Stake in TTM Technologies Inc.","BlackRock, Inc. has reduced its stake in TTM Technologies Inc. by 2,886,132 shares, a 15.77% decrease, though TTM Technologies still represents only 0.01% of BlackRock's portfolio. The transaction occurred at $20.51 per share, and despite the reduction and TTM Technologies being considered overvalued with a low GF Score, its stock price has increased by 22.04% since the transaction. First Eagle Investment Management, LLC remains TTM Technologies' largest holder, indicating continued investor interest.","BlackRock, Inc. has reduced its stake in TTM Technologies Inc. by 2,886,132 shares, a 15.77% decrease, though TTM Technologies still represents only 0.01% of BlackRock's portfolio. The transaction occurred at $20.51 per share, and despite the reduction and TTM Technologies being considered overvalued with a low GF Score, its stock price has increased by 22.04% since the transaction. First Eagle Investment Management, LLC remains TTM Technologies' largest holder, indicating continued investor interest."
2025-05-02,https://etfdb.com/leveraged-inverse-content-hub/amid-tariff-tantrum-2-ai-etfs-switch-places/,ETF Database,Ben Hernandez,2 AI ETFs Switch Places Amid Tariff Tantrum,"Amidst rising volatility and a ""tariff tantrum"" in early 2025, AI stocks experienced a significant sell-off after an initial rally, leading to a shift between two Direxion leveraged/inverse AI ETFs. The Direxion Daily AI and Big Data Bull 2X Shares (AIBU) initially outperformed, but as volatility surged, the Direxion Daily AI and Big Data Bear 2X Shares (AIBD) gained traction. The article suggests that as volatility subsides, traders might consider entry points using these ETFs or related single-stock ETFs for companies like Apple, Meta, Microsoft, Amazon, and Alphabet.","Amidst rising volatility and a ""tariff tantrum"" in early 2025, AI stocks experienced a significant sell-off after an initial rally, leading to a shift between two Direxion leveraged/inverse AI ETFs. The Direxion Daily AI and Big Data Bull 2X Shares (AIBU) initially outperformed, but as volatility surged, the Direxion Daily AI and Big Data Bear 2X Shares (AIBD) gained traction. The article suggests that as volatility subsides, traders might consider entry points using these ETFs or related single-stock ETFs for companies like Apple, Meta, Microsoft, Amazon, and Alphabet."
2025-05-02,https://www.cnbc.com/2025/05/02/apple-clears-spotify-app-update-that-allows-purchases.html,CNBC,Ashley Capoot,Apple clears Spotify update under new rules allowing purchases within apps,"Apple has approved Spotify's U.S. app update, allowing users to access pricing information and make purchases directly within the app, following a U.S. federal judge's order against Apple's in-app commission policy. This change enables Spotify users to see pricing, purchase subscriptions, and use alternative payment methods. Apple, despite disagreeing and planning to appeal, stated it will comply with the court's decision, marking a significant development for developers seeking fairer competition.","Apple has approved Spotify's U.S. app update, allowing users to access pricing information and make purchases directly within the app, following a U.S. federal judge's order against Apple's in-app commission policy. This change enables Spotify users to see pricing, purchase subscriptions, and use alternative payment methods. Apple, despite disagreeing and planning to appeal, stated it will comply with the court's decision, marking a significant development for developers seeking fairer competition."
2025-05-02,https://tftcentral.co.uk/news/lg-display-announce-the-first-commercially-viable-dream-oled-blue-pholed-panels,TFTCentral,Simon Baker,"LG.Display Announce the First Commercially-Viable ""Dream OLED"" Blue PHOLED Panels","LG Display has announced the successful commercialization of blue phosphorescent OLED (PHOLED) panels, a significant step towards realizing ""dream OLED"" displays. This breakthrough, achieved through a hybrid two-stack Tandem OLED structure, allows for 15% lower power consumption while maintaining stability. The technology will be showcased at SID Display Week 2025 and is expected to expand rapidly into IT devices, potentially improving picture quality and energy efficiency in future OLED products.","LG Display has announced the successful commercialization of blue phosphorescent OLED (PHOLED) panels, a significant step towards realizing ""dream OLED"" displays. This breakthrough, achieved through a hybrid two-stack Tandem OLED structure, allows for 15% lower power consumption while maintaining stability. The technology will be showcased at SID Display Week 2025 and is expected to expand rapidly into IT devices, potentially improving picture quality and energy efficiency in future OLED products."
2025-05-02,https://www.barrons.com/articles/stock-market-movers-8edeb187?gaa_at=eafs&gaa_n=AWEtsqecGzhOfCyTOqiV9-P8S4g3XNhSd07TX52CtBf06Gwh5QEQnTxfgnbt&gaa_ts=6998f978&gaa_sig=9cWW2S3KBNwtzmp11NLFiLnfACyAJFRqZGaHgZ5vWmk2Wxq5pwn2_e3YJdkEfWKr_9UGPhUQOuKhUPQf6QuZcQ%3D%3D,Barron's,"Joe Woelfel, Mackenzie Tatananni, Connor Smith","Apple, Amazon, Block, Take-Two, Dexcom, MicroStrategy, Duolingo, Roku, and More Movers","Stocks continued to rally on Friday, influenced by robust U.S. jobs data and promising signs of impending trade negotiations between the U.S. and China. This positive momentum overshadowed mixed earnings reports from tech giants Apple and Amazon. The article lists several companies, including Block, Take-Two, Dexcom, MicroStrategy, Duolingo, and Roku, as significant movers in the market.","Stocks continued to rally on Friday, influenced by robust U.S. jobs data and promising signs of impending trade negotiations between the U.S. and China. This positive momentum overshadowed mixed earnings reports from tech giants Apple and Amazon. The article lists several companies, including Block, Take-Two, Dexcom, MicroStrategy, Duolingo, and Roku, as significant movers in the market."
2025-05-01,https://thefinancialbrand.com/news/banking-trends-strategies/the-surprising-places-capital-one-discover-deal-could-go-now-that-it-has-green-light-188817,The Financial Brand,Steve Cocheo,Why the Capital One/Discover Deal Is About Much More Than Payments,"The Capital One and Discover deal, recently approved by regulators, is poised to reshape not just the payments landscape but also the broader banking industry. Experts anticipate significant impacts on deposit generation, small business finance, and even a potential bid for the Apple Card portfolio. The integration of Discover's debit network, exempt from Durbin amendment restrictions, is seen as a key asset that could significantly boost Capital One's national digital banking strategy and competitive edge.","The Capital One and Discover deal, recently approved by regulators, is poised to reshape not just the payments landscape but also the broader banking industry. Experts anticipate significant impacts on deposit generation, small business finance, and even a potential bid for the Apple Card portfolio. The integration of Discover's debit network, exempt from Durbin amendment restrictions, is seen as a key asset that could significantly boost Capital One's national digital banking strategy and competitive edge."
2025-05-01,https://acquirersmultiple.com/2025/05/scorpio-tankers-inc-stng-is-this-deeply-undervalued-stock-a-hidden-gem/,The Acquirer's Multiple,Johnny Hopkins,Scorpio Tankers Inc (STNG): Is This Deeply Undervalued Stock a Hidden Gem?,"Scorpio Tankers Inc. (STNG) is presented as a deeply undervalued stock, highlighted by its Intrinsic Value to Price (IV/P) ratio of 2.50. This indicates the stock's implied value is 2.5 times its current price, suggesting a significant margin of safety. Supporting its attractiveness, the company exhibits a high buyback yield of 19.50%, a dividend yield of 4.90%, and an exceptional free cash flow yield of 42.77%, pointing to robust financial health and aggressive shareholder returns in the refined petroleum products shipping sector.","Scorpio Tankers Inc. (STNG) is presented as a deeply undervalued stock, highlighted by its Intrinsic Value to Price (IV/P) ratio of 2.50. This indicates the stock's implied value is 2.5 times its current price, suggesting a significant margin of safety. Supporting its attractiveness, the company exhibits a high buyback yield of 19.50%, a dividend yield of 4.90%, and an exceptional free cash flow yield of 42.77%, pointing to robust financial health and aggressive shareholder returns in the refined petroleum products shipping sector."
2025-05-01,https://www.techspot.com/news/107757-lg-display-verifies-blue-pholed-tech-bringing-power.html,TechSpot,Rob Thubron,"LG verifies blue PHOLED tech, bringing the power-efficient, long-lasting ""dream OLED"" closer to market","LG Display has become the first company to verify the commercialization of blue phosphorescent OLED (PHOLED) panels, a significant step towards more power-efficient and long-lasting OLED displays. By partnering with Universal Display Corp (UDC), LG has developed a dual-stack Tandem structure for blue PHOLED, leading to a 15% power saving compared to conventional OLED TVs. This innovation addresses the inefficiency and shorter lifespan of current blue OLED pixels, which contribute to screen burn-in, and is expected to be showcased at SID Display Week 2025 with applications in IT devices.","LG Display has become the first company to verify the commercialization of blue phosphorescent OLED (PHOLED) panels, a significant step towards more power-efficient and long-lasting OLED displays. By partnering with Universal Display Corp (UDC), LG has developed a dual-stack Tandem structure for blue PHOLED, leading to a 15% power saving compared to conventional OLED TVs. This innovation addresses the inefficiency and shorter lifespan of current blue OLED pixels, which contribute to screen burn-in, and is expected to be showcased at SID Display Week 2025 with applications in IT devices."
